id_persona,nombre,apellido,edad,genero,ciudad_residencia,estrato_socioeconomico,frecuencia_visita,promedio_gasto_comida,ocio,consume_licor,preferencias_alimenticias,membresia_premium,telefono_contacto,correo_electronico,tipo_de_pago_mas_usado,ingresos_mensuales,grupo_edad
4013002847,James,Shannon,41.0,Masculino,Boston,Alto,5.0,30.74,Sí,Sí,Carnes,Sí,No registrado,scottfrey@example.com,Tarjeta,6931,31-45
8373803828,Julie,Russo,66.0,Femenino,Boston,Muy Alto,9.0,19.94,No,Sí,Vegetariano,Sí,No registrado,No registrado,Efectivo,13456,61-100
5394273061,Sara,Ball,37.0,Femenino,Boston,Bajo,1.0,11.35,Sí,No,Carnes,No,563-346-4749x6591,smithstacy@example.com,Efectivo,1197,31-45
9336353877,Mary,Bentley,29.0,Femenino,Boston,Medio,2.0,11.22,No,Sí,Vegetariano,No,6382528579,No registrado,Efectivo,2052,19-30
1232293617,Elizabeth,Griffin,51.0,Femenino,Boston,Alto,6.0,51.46,No,No,Vegetariano,Sí,906.282.9481,No registrado,Efectivo,8499,46-60
9116770673,April,Hoffman,57.0,Femenino,Boston,Alto,5.0,48.4,No,No,Carnes,No,No registrado,veronicalane@example.net,Efectivo,5535,46-60
6065852975,Mary,Hernandez,18.0,Femenino,Boston,Medio,3.0,24.88,Sí,Sí,Mariscos,No,(715)738-4503,omcintosh@example.org,Efectivo,2856,0-18
7601008318,George,Murphy,33.0,Masculino,Boston,Medio,3.0,14.26,Sí,Sí,Mariscos,No,236.294.1751,No registrado,App,1698,31-45
4899320322,John,Anderson,50.0,Masculino,Boston,Bajo,0.0,0.0,Sí,No,Vegetariano,No,001-238-768-6123x5879,mendozajamie@example.net,Tarjeta,1547,46-60
2562700723,Alyssa,Salinas,80.0,Femenino,Boston,Bajo,3.0,10.89,Sí,Sí,Vegetariano,No,+1-439-553-1169x5152,mark08@example.net,Efectivo,876,61-100
5666123927,Jonathon,Nguyen,18.0,Masculino,Boston,Alto,4.0,19.69,No,Sí,Vegano,Sí,3086888764,stephengriffin@example.org,Tarjeta,4645,0-18
1233356095,Kimberly,Harrison,47.0,Femenino,Boston,Alto,4.0,50.69,Sí,No,Vegano,Sí,001-704-625-3776x96732,freyes@example.org,Tarjeta,4745,46-60
8991263318,Zachary,Davis,35.0,Masculino,Boston,Bajo,2.0,11.02,No,No,Mariscos,No,No registrado,robert40@example.com,Tarjeta,915,31-45
5067996808,Sara,Johnson,59.0,Femenino,Boston,Alto,4.0,8.5,No,Sí,Vegetariano,No,No registrado,No registrado,Tarjeta,6750,46-60
5841829810,Heather,Santiago,80.0,Femenino,Boston,Muy Alto,7.0,68.82,No,No,Mariscos,Sí,+1-819-758-1618x93298,No registrado,Efectivo,10405,61-100
8839545607,Jessica,Harmon,47.0,Femenino,Boston,Bajo,2.0,6.81,No,Sí,Pescado,No,900.760.3289,vperez@example.com,App,1027,46-60
5853321243,Rhonda,Solomon,35.0,Femenino,Boston,Medio,2.0,21.8,Sí,Sí,Carnes,No,(235)498-6484,jjohnson@example.net,Tarjeta,3307,31-45
2247112947,Sandra,Gonzales,47.0,Femenino,Boston,Bajo,1.0,8.12,No,No,Otro,No,No registrado,No registrado,App,823,46-60
9828782886,Kenneth,Moran,47.0,Masculino,Boston,Muy Alto,10.0,18.95,No,Sí,Carnes,Sí,No registrado,No registrado,App,16011,46-60
2193787923,Jasmine,Parker,54.0,Femenino,Boston,Medio,2.0,11.11,Sí,No,Pescado,No,No registrado,stevenwalter@example.org,App,2606,46-60
5900313192,Rebecca,Wright,62.0,Femenino,Boston,Alto,5.0,47.1,No,Sí,Mariscos,Sí,No registrado,baileybarbara@example.org,Criptomoneda,4087,61-100
6973394281,Matthew,Martin,26.0,Masculino,Boston,Alto,6.0,14.0,Sí,Sí,Mariscos,Sí,001-828-654-0402x616,No registrado,Efectivo,5506,19-30
6973196201,Eric,Young,31.0,Masculino,Boston,Alto,4.0,46.4,Sí,No,Carnes,Sí,667-929-4424x72226,walterwright@example.org,Tarjeta,3824,31-45
8641948398,Lisa,Trujillo,58.0,Femenino,Boston,Bajo,0.0,0.0,Sí,No,Mariscos,No,No registrado,emily17@example.org,Tarjeta,1199,46-60
3417082009,Carol,Chen,65.0,Femenino,Boston,Medio,5.0,23.81,No,No,Mariscos,Sí,No registrado,No registrado,Tarjeta,3129,61-100
4037270171,Brandy,Pope,28.0,Femenino,Boston,Medio,5.0,6.43,Sí,Sí,Vegetariano,Sí,No registrado,riosdaisy@example.com,App,2232,19-30
1640979105,Ashley,Rodriguez,22.0,Femenino,Boston,Bajo,0.0,0.0,Sí,Sí,Carnes,No,+1-448-904-4635x800,No registrado,App,995,19-30
6631058699,Cynthia,Bishop,40.0,Femenino,Boston,Bajo,2.0,7.32,Sí,Sí,Vegetariano,No,+1-305-865-5340x0267,No registrado,Tarjeta,1094,31-45
8691230554,John,Smith,60.0,Masculino,Boston,Alto,4.0,40.63,Sí,Sí,Vegano,Sí,580-868-1065x950,No registrado,Tarjeta,4715,46-60
9334437368,Jessica,Irwin,54.0,Femenino,Boston,Alto,4.0,39.48,No,No,Carnes,Sí,No registrado,williamsgregory@example.org,Efectivo,6999,46-60
9257266440,James,Cowan,45.0,Masculino,Boston,Alto,6.0,32.14,Sí,No,Mariscos,Sí,No registrado,larry77@example.org,Efectivo,5723,31-45
3885502378,Erin,Hill,26.0,Femenino,Boston,Muy Alto,7.0,40.94,Sí,No,Vegetariano,No,(363)685-1603x121,No registrado,App,13668,19-30
8131208599,Amy,Gonzalez,78.0,Femenino,Boston,Muy Alto,8.0,92.69,Sí,No,Vegetariano,Sí,No registrado,batesthomas@example.net,Efectivo,12539,61-100
7893058289,Barbara,Baker,45.0,Femenino,Boston,Bajo,0.0,0.0,No,Sí,Carnes,No,(314)616-3502,No registrado,Tarjeta,1228,31-45
6155277595,Emily,Brennan,28.0,Femenino,Boston,Muy Alto,5.0,9.1,No,Sí,Vegetariano,Sí,No registrado,No registrado,App,11264,19-30
5674583340,Thomas,Ross,73.0,Masculino,Boston,Muy Alto,10.0,94.78,Sí,Sí,Carnes,Sí,No registrado,No registrado,Tarjeta,12882,61-100
7023095493,Troy,Ibarra,62.0,Masculino,Boston,Alto,6.0,9.61,No,No,Pescado,No,590.642.6980x87825,asimpson@example.net,App,8190,61-100
1420654268,Keith,Hensley,42.0,Masculino,Boston,Muy Alto,6.0,104.17,Sí,Sí,Vegano,Sí,No registrado,raymondbeasley@example.org,Efectivo,9806,31-45
5949576328,Randall,Reed,59.0,Masculino,Boston,Bajo,0.0,0.0,Sí,Sí,Vegetariano,No,No registrado,No registrado,Tarjeta,1185,46-60
1260652596,Ashley,Torres,24.0,Femenino,Boston,Muy Alto,10.0,94.09,Sí,Sí,Mariscos,Sí,455.996.5727,No registrado,Tarjeta,9115,19-30
2076151332,Jane,Jenkins,40.0,Femenino,Boston,Alto,6.0,39.26,No,No,Vegetariano,No,001-539-987-9201x48292,michaelarmstrong@example.net,Efectivo,7155,31-45
2922036958,Craig,Smith,56.0,Masculino,Boston,Alto,5.0,23.18,No,Sí,Vegetariano,Sí,No registrado,No registrado,Efectivo,3998,46-60
4366568207,Jennifer,Jensen,64.0,Femenino,Boston,Muy Alto,6.0,82.07,Sí,Sí,Otro,Sí,No registrado,jacksonmary@example.org,App,17220,61-100
8680701997,Kelsey,Acosta,35.0,Femenino,Boston,Medio,2.0,10.86,No,No,Vegano,No,No registrado,jeff25@example.org,Efectivo,2538,31-45
1963581697,Julie,Martin,20.0,Femenino,Boston,Alto,4.0,20.16,Sí,No,Mariscos,Sí,(762)559-9143,No registrado,App,3698,19-30
8766703461,Amber,Johnson,63.0,Femenino,Boston,Bajo,2.0,10.8,No,No,Mariscos,No,No registrado,autumndaniels@example.com,App,1285,61-100
4794650015,Christina,Jones,77.0,Femenino,Boston,Alto,4.0,17.13,No,No,Vegetariano,Sí,+1-754-205-3340x1647,No registrado,Tarjeta,5670,61-100
1010508398,Walter,Simon,59.0,Masculino,Boston,Medio,3.0,19.11,Sí,Sí,Carnes,No,No registrado,yharris@example.net,Tarjeta,2493,46-60
9674596936,Lauren,Kelly,19.0,Femenino,Boston,Medio,3.0,5.88,Sí,Sí,Vegetariano,No,445.962.1555,eric16@example.net,App,2726,19-30
6450686199,Eileen,Patel,27.0,Femenino,Boston,Medio,3.0,15.67,Sí,Sí,Vegetariano,No,777-944-4156,jason75@example.net,App,3286,19-30
1524498170,Deborah,Pham,31.0,Femenino,Boston,Alto,5.0,29.88,Sí,No,Vegetariano,Sí,(781)680-1295,logan35@example.org,Efectivo,6583,31-45
8803438370,Shelly,Fowler,39.0,Femenino,Boston,Alto,6.0,14.06,Sí,Sí,Pescado,Sí,No registrado,No registrado,App,6306,31-45
4706462983,Nicole,Bishop,32.0,Femenino,Boston,Medio,5.0,10.41,Sí,No,Mariscos,Sí,No registrado,No registrado,Efectivo,2415,31-45
9847694338,William,Harper,29.0,Masculino,Boston,Muy Alto,8.0,71.29,No,No,Vegetariano,Sí,495.532.7918,loriortiz@example.org,Efectivo,15576,19-30
1575927354,Melissa,Reynolds,21.0,Femenino,Boston,Bajo,1.0,13.0,Sí,Sí,Pescado,No,No registrado,No registrado,Tarjeta,1523,19-30
7746557406,Alison,Daniels,68.0,Femenino,Boston,Medio,4.0,22.53,No,No,Mariscos,No,474-432-6417,michael45@example.net,App,2805,61-100
9190753627,Danielle,Abbott,27.0,Femenino,Boston,Medio,3.0,13.69,No,Sí,Pescado,No,365-598-1157,cbass@example.net,Efectivo,2450,19-30
8344243787,Brian,Arnold,21.0,Masculino,Boston,Alto,4.0,13.18,Sí,Sí,Vegano,Sí,No registrado,glennmichelle@example.com,Efectivo,6669,19-30
2602884797,Carrie,Phillips,37.0,Femenino,Boston,Medio,4.0,7.54,No,Sí,Vegetariano,No,No registrado,No registrado,Tarjeta,2902,31-45
7145898019,Devin,Taylor,78.0,Masculino,Boston,Alto,6.0,62.46,Sí,No,Vegano,Sí,No registrado,No registrado,Efectivo,4598,61-100
8571863474,Robert,Martin,78.0,Masculino,Boston,Alto,4.0,60.21,No,No,Vegetariano,Sí,8629011990,No registrado,App,7911,61-100
4993724986,Matthew,Ramirez,57.0,Masculino,Boston,Medio,4.0,17.36,Sí,No,Pescado,No,No registrado,No registrado,Tarjeta,3363,46-60
6879098746,Kathy,Jackson,22.0,Femenino,Boston,Bajo,2.0,6.56,Sí,No,Mariscos,No,No registrado,No registrado,Tarjeta,1144,19-30
6252977800,Dustin,Ochoa,74.0,Masculino,Boston,Alto,4.0,14.2,Sí,Sí,Carnes,Sí,643.558.5693x287,derrick05@example.org,App,5501,61-100
7168129514,Todd,Smith,60.0,Masculino,Boston,Bajo,1.0,9.8,No,Sí,Otro,No,+1-275-483-3183,No registrado,App,1533,46-60
1307978476,Jenna,Barnes,20.0,Femenino,Boston,Alto,5.0,51.05,Sí,Sí,Pescado,No,966-951-5174,johncampbell@example.net,App,6904,19-30
5391597972,David,Vazquez,71.0,Masculino,Boston,Medio,3.0,23.91,Sí,Sí,Pescado,No,No registrado,lauren98@example.net,Tarjeta,1766,61-100
1730934543,Adam,Moore,59.0,Masculino,Boston,Bajo,1.0,8.61,No,Sí,Mariscos,No,No registrado,johnsontonya@example.org,Tarjeta,1163,46-60
6794014659,Nicole,Pineda,57.0,Femenino,Boston,Bajo,0.0,0.0,No,Sí,Vegano,No,No registrado,wcampbell@example.org,Tarjeta,1341,46-60
4893441449,Nathan,Barrett,34.0,Masculino,Boston,Medio,2.0,22.06,Sí,Sí,Vegano,No,(288)715-1473,stevenbrowning@example.net,Efectivo,1827,31-45
6130988790,Kara,Edwards,48.0,Femenino,Boston,Alto,4.0,54.7,Sí,Sí,Pescado,Sí,No registrado,No registrado,Tarjeta,3800,46-60
7325011385,Stephanie,Green,63.0,Femenino,Boston,Muy Alto,5.0,70.42,Sí,Sí,Carnes,Sí,No registrado,No registrado,Tarjeta,10331,61-100
3694825728,Antonio,Peters,76.0,Masculino,Boston,Bajo,2.0,10.52,Sí,Sí,Vegano,No,No registrado,No registrado,App,1402,61-100
3047869247,Rebecca,Cooper,47.0,Femenino,Boston,Alto,5.0,31.47,Sí,Sí,Carnes,No,No registrado,michellebrown@example.com,Efectivo,8549,46-60
9481150570,Amber,Cruz,49.0,Femenino,Boston,Bajo,3.0,9.4,Sí,No,Pescado,No,No registrado,No registrado,Efectivo,1078,46-60
2466538300,Jessica,Miller,78.0,Femenino,Boston,Medio,5.0,29.71,Sí,Sí,Carnes,No,No registrado,phillipsnathan@example.net,App,2100,61-100
5375623915,Joseph,Baker,18.0,Masculino,Boston,Medio,4.0,25.65,No,Sí,Otro,Sí,001-863-762-2982x25053,clarencegonzalez@example.net,Efectivo,2387,0-18
2310775000,Regina,Barber,38.0,Femenino,Boston,Medio,4.0,26.67,No,Sí,Vegetariano,No,No registrado,No registrado,Efectivo,2337,31-45
7523591587,Jill,Cervantes,67.0,Femenino,Boston,Muy Alto,5.0,26.8,Sí,Sí,Mariscos,Sí,+1-319-540-5484x6529,No registrado,App,10776,61-100
7500860082,Katherine,Anderson,59.0,Femenino,Boston,Medio,3.0,27.23,Sí,Sí,Carnes,No,(702)725-0920x1198,ralphburns@example.net,Efectivo,2953,46-60
9872029928,Sarah,Miller,42.0,Femenino,Boston,Alto,3.0,36.58,No,Sí,Vegetariano,No,No registrado,kellystone@example.com,App,6940,31-45
8871508287,Thomas,Newton,42.0,Masculino,Boston,Muy Alto,10.0,72.76,Sí,No,Vegetariano,Sí,No registrado,No registrado,Efectivo,14855,31-45
5531465480,Ashley,Jones,68.0,Femenino,Boston,Alto,4.0,5.94,No,Sí,Carnes,Sí,2493978055,sandra43@example.org,Efectivo,7189,61-100
4222051513,Teresa,Jennings,79.0,Femenino,Boston,Alto,4.0,54.87,Sí,No,Vegetariano,Sí,No registrado,No registrado,Efectivo,7550,61-100
5853660504,Victor,Gibbs,68.0,Masculino,Boston,Bajo,3.0,13.22,Sí,No,Pescado,No,001-586-421-7008x781,davisdaniel@example.org,Efectivo,1265,61-100
4470591645,Mason,Roberts,62.0,Masculino,Boston,Alto,5.0,63.07,No,Sí,Pescado,Sí,320-271-0156x339,No registrado,Efectivo,5675,61-100
2910503089,Kelly,Moore,45.0,Femenino,Boston,Bajo,0.0,0.0,No,Sí,Mariscos,No,No registrado,No registrado,App,1035,31-45
8473887714,Charles,Lewis,39.0,Masculino,Boston,Medio,4.0,15.96,No,Sí,Vegetariano,No,No registrado,susanlopez@example.org,Tarjeta,2559,31-45
7262162344,Tonya,Gibson,31.0,Femenino,Boston,Medio,2.0,28.53,Sí,No,Vegetariano,No,429.299.6043,fwilson@example.org,Efectivo,3267,31-45
5911651524,Jeremiah,Fernandez,20.0,Masculino,Boston,Alto,4.0,13.58,No,Sí,Vegetariano,No,No registrado,michaelking@example.net,Efectivo,7491,19-30
9869669782,Christopher,Cameron,27.0,Masculino,Boston,Alto,5.0,40.02,Sí,Sí,Vegetariano,Sí,No registrado,No registrado,Tarjeta,8539,19-30
1893428333,Steven,Ortiz,58.0,Masculino,Boston,Medio,4.0,17.55,No,Sí,Vegano,No,No registrado,bonnie28@example.org,Efectivo,2385,46-60
2980892706,Jennifer,Barton,45.0,Femenino,Boston,Medio,3.0,20.71,Sí,No,Pescado,No,001-773-804-0009x536,lgonzalez@example.net,Efectivo,1903,31-45
6536939931,Michelle,Morrison,27.0,Femenino,Boston,Alto,4.0,24.19,Sí,Sí,Otro,No,No registrado,No registrado,Efectivo,6245,19-30
9839593434,Angela,Williamson,64.0,Femenino,Boston,Medio,2.0,33.54,No,Sí,Carnes,No,+1-411-558-2702x45285,No registrado,App,2375,61-100
6639336381,Stacey,Johnson,59.0,Femenino,Boston,Bajo,2.0,6.22,Sí,No,Carnes,No,No registrado,wheelerpedro@example.net,Efectivo,976,46-60
9817780073,Robert,Lutz,79.0,Masculino,Boston,Muy Alto,10.0,36.6,Sí,No,Vegetariano,Sí,447-662-2898,No registrado,Efectivo,14232,61-100
3079851349,Christopher,Hernandez,66.0,Masculino,Boston,Bajo,2.0,9.89,Sí,Sí,Carnes,No,No registrado,No registrado,App,1428,61-100
7861571879,Stacy,Lopez,62.0,Femenino,Boston,Medio,2.0,17.04,Sí,No,Otro,No,+1-531-952-3499,robertburke@example.org,App,2830,61-100
4333767518,Darren,Clayton,48.0,Masculino,Boston,Bajo,2.0,9.81,No,No,Otro,No,No registrado,No registrado,App,983,46-60
8303853049,Anna,Garza,58.0,Femenino,Boston,Bajo,0.0,0.0,No,Sí,Vegetariano,No,(517)649-1455x925,No registrado,App,1315,46-60
6588447280,Maria,Taylor,80.0,Femenino,Boston,Medio,2.0,23.89,No,No,Vegetariano,No,No registrado,frichardson@example.com,Tarjeta,2718,61-100
3515615256,Amanda,Strickland,27.0,Femenino,Boston,Medio,5.0,23.03,Sí,Sí,Vegetariano,Sí,No registrado,No registrado,App,1957,19-30
5437859483,Cheryl,Townsend,44.0,Femenino,Boston,Medio,2.0,29.55,No,Sí,Otro,No,No registrado,No registrado,Tarjeta,2019,31-45
1119652928,Cheryl,Fox,67.0,Femenino,Boston,Bajo,3.0,11.27,No,Sí,Vegetariano,No,No registrado,No registrado,Efectivo,876,61-100
1028275916,Dustin,Allen,59.0,Masculino,Boston,Medio,5.0,22.09,No,Sí,Vegetariano,No,No registrado,campbelllisa@example.net,Efectivo,2962,46-60
5345918656,Kyle,Wallace,21.0,Masculino,Boston,Alto,6.0,39.54,No,Sí,Mariscos,Sí,No registrado,No registrado,App,8679,19-30
5645032724,Paul,Cook,63.0,Masculino,Boston,Alto,6.0,42.03,Sí,Sí,Carnes,No,No registrado,No registrado,Efectivo,5158,61-100
6629913550,Derek,Carroll,39.0,Masculino,Boston,Muy Alto,10.0,43.69,No,No,Vegetariano,Sí,378.887.0221x24464,No registrado,Efectivo,10702,31-45
4701810418,Matthew,Moore,59.0,Masculino,Boston,Medio,5.0,20.46,No,No,Mariscos,No,+1-429-368-9819,No registrado,Efectivo,2360,46-60
8093168480,Megan,Madden,49.0,Femenino,Boston,Alto,5.0,63.92,Sí,No,Carnes,No,No registrado,michellerobinson@example.com,Efectivo,3772,46-60
1497439597,Barbara,Ramos,33.0,Femenino,Boston,Medio,4.0,20.28,No,Sí,Mariscos,Sí,No registrado,ufleming@example.org,Tarjeta,2714,31-45
1328836517,Shawn,White,64.0,Masculino,Boston,Alto,5.0,47.96,No,No,Vegano,Sí,No registrado,rebeccasanchez@example.net,App,6394,61-100
7453869976,Jodi,Adams,26.0,Femenino,Boston,Medio,2.0,20.15,No,Sí,Mariscos,No,649.293.5241x4398,johnsonsara@example.net,Efectivo,3468,19-30
9592274341,Nicole,Robinson,69.0,Femenino,Boston,Bajo,0.0,0.0,No,Sí,Vegetariano,No,No registrado,No registrado,App,1053,61-100
3152153207,Mary,Trujillo,79.0,Femenino,Boston,Bajo,2.0,8.29,No,No,Mariscos,No,No registrado,angel29@example.com,Efectivo,1422,61-100
5740328129,William,Hernandez,30.0,Masculino,Boston,Bajo,2.0,6.97,Sí,Sí,Vegetariano,No,No registrado,iking@example.net,Efectivo,1358,19-30
4671396162,Edward,Walker,68.0,Masculino,Boston,Medio,4.0,7.88,Sí,No,Carnes,No,782-998-1320x272,No registrado,App,3263,61-100
5443372171,Glenn,Cisneros,40.0,Masculino,Boston,Bajo,2.0,7.16,No,Sí,Carnes,No,No registrado,peter12@example.net,App,1110,31-45
4311931853,Kirk,Noble,63.0,Masculino,Boston,Muy Alto,9.0,40.88,No,Sí,Vegetariano,No,(254)970-6078x054,everettbrittany@example.net,Tarjeta,15940,61-100
8203447752,Miranda,West,50.0,Femenino,Boston,Alto,6.0,36.16,Sí,No,Mariscos,Sí,+1-204-291-9817,kruegernicholas@example.org,App,3839,46-60
5256537862,Thomas,Alexander,20.0,Masculino,Boston,Medio,5.0,11.56,Sí,No,Vegano,No,001-524-309-7526x06654,No registrado,Efectivo,2133,19-30
6064374162,Gabrielle,Miller,62.0,Femenino,Boston,Muy Alto,10.0,103.09,Sí,Sí,Mariscos,Sí,No registrado,vincent74@example.com,Efectivo,13679,61-100
2854772804,Jordan,West,67.0,Masculino,Boston,Alto,6.0,27.75,Sí,No,Mariscos,Sí,No registrado,No registrado,Efectivo,6719,61-100
9361867596,Ricky,Mahoney,70.0,Masculino,Boston,Alto,4.0,13.45,No,Sí,Mariscos,Sí,No registrado,No registrado,Tarjeta,8135,61-100
6485605386,Haley,Ruiz,65.0,Femenino,Boston,Bajo,3.0,14.27,Sí,Sí,Vegetariano,No,No registrado,ostone@example.org,Efectivo,1317,61-100
4871676777,Angela,Morse,60.0,Femenino,Boston,Medio,3.0,34.39,No,Sí,Carnes,No,No registrado,isabella76@example.org,App,2603,46-60
6037776655,Craig,Gray,56.0,Masculino,Boston,Bajo,1.0,7.34,No,Sí,Vegetariano,No,939-545-5928x15154,No registrado,Efectivo,1309,46-60
4179423398,Tara,Christian,49.0,Femenino,Boston,Alto,5.0,58.15,Sí,No,Vegetariano,Sí,+1-503-624-7271x2246,christopher49@example.net,Efectivo,6017,46-60
6002066515,Jessica,Richardson,69.0,Femenino,Boston,Muy Alto,6.0,29.05,No,Sí,Carnes,Sí,No registrado,No registrado,Tarjeta,17593,61-100
4811165458,Jason,Beck,79.0,Masculino,Boston,Medio,3.0,12.55,No,No,Mariscos,No,No registrado,stewartsusan@example.com,Efectivo,2385,61-100
9706591774,Laura,Houston,55.0,Femenino,Boston,Medio,2.0,33.84,No,Sí,Vegano,No,(819)275-3989x547,No registrado,Tarjeta,2447,46-60
9167489057,Joseph,Moran,54.0,Masculino,Boston,Alto,5.0,26.33,No,No,Mariscos,Sí,No registrado,No registrado,App,6124,46-60
6330959387,Cindy,Mahoney,74.0,Femenino,Boston,Medio,3.0,21.92,No,Sí,Vegano,No,No registrado,qking@example.com,Tarjeta,1767,61-100
8350402056,Valerie,Mullen,54.0,Femenino,Boston,Medio,2.0,28.85,Sí,Sí,Mariscos,No,No registrado,brandialvarez@example.com,Tarjeta,2325,46-60
8483706257,Kaitlyn,Singh,29.0,Femenino,Boston,Alto,6.0,7.44,Sí,Sí,Mariscos,No,No registrado,No registrado,Tarjeta,5482,19-30
5237465008,Gina,Simmons,66.0,Femenino,Boston,Alto,5.0,53.84,No,Sí,Mariscos,Sí,486-231-1343x3813,jordanthomas@example.org,Efectivo,4161,61-100
1087712916,Gregory,Carpenter,49.0,Masculino,Boston,Bajo,3.0,14.08,No,Sí,Vegetariano,No,909-891-9755x54904,crobinson@example.com,Tarjeta,1316,46-60
3996596068,Cynthia,Hayes,58.0,Femenino,Boston,Bajo,3.0,6.12,Sí,Sí,Vegetariano,No,No registrado,No registrado,Efectivo,895,46-60
2954541080,Brett,Cross,69.0,Masculino,Boston,Alto,4.0,7.83,Sí,Sí,Pescado,Sí,001-864-638-8733x46224,david72@example.org,App,3861,61-100
5811161965,Kimberly,Saunders,21.0,Femenino,Boston,Alto,6.0,54.97,No,Sí,Vegetariano,No,No registrado,No registrado,App,5172,19-30
9571153645,Ashley,Miles,73.0,Femenino,Boston,Bajo,3.0,7.63,No,No,Pescado,No,(589)690-0988x65673,No registrado,Tarjeta,1520,61-100
5752190436,Jonathan,Baldwin,43.0,Masculino,Boston,Alto,6.0,28.95,Sí,No,Mariscos,Sí,No registrado,No registrado,App,6655,31-45
1088747200,Craig,Willis,47.0,Masculino,Boston,Muy Alto,6.0,78.54,No,No,Vegetariano,Sí,+1-901-626-8213x3423,kimberlyperry@example.org,Efectivo,10855,46-60
4673457063,Rebecca,Day,79.0,Femenino,Boston,Alto,4.0,21.81,Sí,Sí,Carnes,Sí,348-273-1460,No registrado,Tarjeta,3541,61-100
5803118954,Clinton,Robertson,80.0,Masculino,Boston,Alto,6.0,15.95,No,Sí,Mariscos,Sí,5177110658,shaneellis@example.org,Efectivo,4471,61-100
6717516887,Drew,Mendoza,39.0,Masculino,Boston,Alto,6.0,46.81,Sí,Sí,Pescado,Sí,8462765505,jacqueline23@example.com,Efectivo,7910,31-45
9869824910,Valerie,Martin,77.0,Femenino,Boston,Bajo,0.0,0.0,No,No,Mariscos,No,(884)388-1590,brandymoore@example.org,App,1547,61-100
9341110027,Amy,Tate,27.0,Femenino,Boston,Muy Alto,8.0,47.95,No,Sí,Vegetariano,Sí,452.631.5899x83224,yclark@example.com,Efectivo,9555,19-30
7738835494,Mark,Webster,34.0,Masculino,Boston,Medio,2.0,16.2,No,Sí,Vegano,No,No registrado,No registrado,Efectivo,2151,31-45
4090709910,Christopher,Gibbs,35.0,Masculino,Boston,Alto,4.0,14.64,Sí,No,Mariscos,Sí,No registrado,smithryan@example.com,Tarjeta,5309,31-45
7669220569,Robert,Keller,30.0,Masculino,Boston,Bajo,0.0,0.0,No,Sí,Vegano,No,No registrado,sawyerjamie@example.com,Efectivo,1089,19-30
2401696707,Jordan,Anderson,52.0,Masculino,Boston,Medio,5.0,25.84,No,No,Vegetariano,No,001-286-915-5535x13592,No registrado,Tarjeta,2697,46-60
2373259143,Melinda,Waters,60.0,Femenino,Boston,Alto,6.0,60.79,Sí,Sí,Mariscos,Sí,No registrado,No registrado,Tarjeta,3707,46-60
6854490552,Joseph,Mcguire,22.0,Masculino,Boston,Medio,4.0,11.5,No,Sí,Pescado,No,496-373-3106x0096,brandi48@example.org,Criptomoneda,2824,19-30
6423704730,Edwin,Wilson,36.0,Masculino,Boston,Medio,3.0,7.97,Sí,No,Mariscos,Sí,No registrado,No registrado,Tarjeta,3400,31-45
2071547054,Lindsey,Rose,20.0,Femenino,Boston,Alto,6.0,35.47,No,Sí,Mariscos,Sí,+1-447-918-8303x1011,No registrado,App,8561,19-30
9801098884,Justin,Fitzpatrick,78.0,Masculino,Boston,Medio,3.0,20.36,No,No,Vegetariano,No,No registrado,xaviervaldez@example.com,Tarjeta,1755,61-100
8524105278,Vanessa,Jones,57.0,Femenino,Boston,Muy Alto,5.0,58.37,Sí,Sí,Carnes,No,No registrado,glennangelica@example.net,App,11884,46-60
9880633279,Johnny,Wagner,44.0,Masculino,Boston,Bajo,0.0,0.0,No,Sí,Mariscos,No,(487)334-4876,kendramiller@example.org,App,893,31-45
4640435053,Adam,Young,51.0,Masculino,Boston,Medio,4.0,14.13,No,Sí,Vegetariano,No,No registrado,ryan08@example.com,App,2958,46-60
6175348293,Amanda,Bryant,26.0,Femenino,Boston,Medio,4.0,30.15,Sí,Sí,Pescado,No,No registrado,carsonrobert@example.org,App,2993,19-30
5453940328,Adam,Mcmillan,49.0,Masculino,Boston,Bajo,2.0,7.6,Sí,No,Carnes,No,+1-237-211-6174x13527,nromero@example.org,App,1363,46-60
7136173390,Lisa,Harrison,60.0,Femenino,Boston,Muy Alto,9.0,29.63,No,Sí,Vegetariano,Sí,No registrado,No registrado,App,9245,46-60
5156255272,Debbie,Fuller,60.0,Femenino,Boston,Bajo,0.0,0.0,No,Sí,Vegetariano,No,3425749986,karenjohnson@example.net,App,1247,46-60
6585609060,Ruth,Brooks,33.0,Femenino,Boston,Alto,4.0,57.49,Sí,No,Vegetariano,Sí,No registrado,No registrado,App,5229,31-45
7670236837,Aaron,Erickson,42.0,Masculino,Boston,Alto,6.0,27.71,Sí,Sí,Pescado,No,553.325.6589,No registrado,Tarjeta,3686,31-45
9983782476,Kimberly,Walton,78.0,Femenino,Boston,Medio,3.0,34.85,No,Sí,Otro,No,No registrado,No registrado,Tarjeta,1635,61-100
1875755962,Jose,Warren,44.0,Masculino,Boston,Muy Alto,7.0,45.76,Sí,Sí,Pescado,Sí,(491)898-6264x05928,No registrado,Efectivo,14973,31-45
7120264303,Teresa,Edwards,71.0,Femenino,Boston,Bajo,0.0,0.0,Sí,No,Mariscos,No,No registrado,No registrado,Efectivo,1117,61-100
9936660346,Louis,Charles,21.0,Masculino,Boston,Muy Alto,7.0,60.53,No,Sí,Mariscos,Sí,No registrado,No registrado,Efectivo,11746,19-30
5833673005,Evelyn,Hutchinson,54.0,Femenino,Boston,Medio,2.0,23.61,No,No,Carnes,No,No registrado,diana07@example.com,Efectivo,2711,46-60
4516614927,Debra,Sharp,44.0,Femenino,Boston,Muy Alto,5.0,37.74,Sí,No,Carnes,No,No registrado,nataliecarpenter@example.org,Tarjeta,16484,31-45
9503388855,Steven,Mejia,46.0,Masculino,Boston,Bajo,0.0,0.0,Sí,Sí,Mariscos,No,(640)278-2993x66713,No registrado,Tarjeta,1515,46-60
9149673063,Jenny,Johnson,74.0,Femenino,Boston,Medio,5.0,13.19,No,No,Mariscos,No,No registrado,No registrado,App,3185,61-100
1929342747,Robert,Barnes,46.0,Masculino,Boston,Muy Alto,5.0,85.09,No,Sí,Mariscos,Sí,No registrado,No registrado,Efectivo,13236,46-60
5477637780,Connie,Mendoza,67.0,Femenino,Boston,Medio,5.0,25.94,Sí,Sí,Otro,No,No registrado,No registrado,Tarjeta,1669,61-100
7534583219,Thomas,Mcdonald,68.0,Masculino,Boston,Bajo,3.0,7.31,No,No,Carnes,No,+1-991-707-9446,No registrado,Tarjeta,1596,61-100
9136155213,Samantha,Brooks,60.0,Femenino,Boston,Alto,5.0,63.88,Sí,No,Vegetariano,Sí,544-344-4523x76468,wwilson@example.org,Efectivo,7728,46-60
5231196084,Craig,Johnson,39.0,Masculino,Boston,Medio,2.0,17.67,Sí,Sí,Vegetariano,No,+1-653-631-5419,wstark@example.net,Efectivo,2473,31-45
3792643135,Christina,Calderon,27.0,Femenino,Boston,Bajo,2.0,11.59,No,Sí,Carnes,No,No registrado,andersontyler@example.org,Tarjeta,1453,19-30
7472579944,Jessica,Williams,25.0,Femenino,Boston,Alto,4.0,10.29,Sí,Sí,Vegetariano,Sí,001-573-427-1458x39187,charles54@example.com,Tarjeta,7801,19-30
1802753761,John,Liu,24.0,Masculino,Boston,Muy Alto,5.0,66.73,Sí,Sí,Carnes,Sí,750.383.2323,qfields@example.org,App,16912,19-30
1737293582,Holly,Gallagher,46.0,Femenino,Boston,Medio,4.0,22.82,Sí,No,Carnes,No,No registrado,websteramanda@example.org,Efectivo,2836,46-60
3282456292,Monica,Thomas,59.0,Femenino,Boston,Medio,2.0,20.62,Sí,Sí,Vegetariano,No,394.724.5092x030,No registrado,App,2582,46-60
4855172529,Jerry,Jones,42.0,Masculino,Boston,Medio,2.0,32.2,Sí,Sí,Carnes,No,(231)416-5695,madisontucker@example.com,Efectivo,2786,31-45
5841419125,Jose,Walker,54.0,Masculino,Boston,Alto,4.0,30.7,No,No,Carnes,No,No registrado,lorisanders@example.net,Efectivo,8377,46-60
8261621776,Kenneth,Aguirre,72.0,Masculino,Boston,Muy Alto,7.0,73.92,Sí,Sí,Vegetariano,Sí,No registrado,annaholder@example.net,Tarjeta,12168,61-100
7251768606,Kent,Thomas,77.0,Masculino,Boston,Medio,3.0,5.2,Sí,No,Pescado,No,No registrado,danielle91@example.com,Tarjeta,2777,61-100
1703197090,Natalie,Brown,33.0,Femenino,Boston,Muy Alto,5.0,85.26,Sí,Sí,Carnes,Sí,+1-493-299-2535x8161,No registrado,Efectivo,10607,31-45
6228635509,Jason,Matthews,47.0,Masculino,Boston,Muy Alto,10.0,85.96,No,No,Mariscos,Sí,(879)385-9416,kathyjones@example.com,Tarjeta,9729,46-60
5356203406,Lucas,Sanders,63.0,Masculino,Boston,Muy Alto,6.0,24.08,Sí,Sí,Mariscos,Sí,No registrado,xburns@example.net,Efectivo,14698,61-100
8236409212,Michael,Aguirre,31.0,Masculino,Boston,Alto,6.0,34.67,Sí,Sí,Otro,Sí,No registrado,No registrado,Tarjeta,5599,31-45
1229836745,Debra,Fitzpatrick,56.0,Femenino,Boston,Alto,4.0,47.83,No,Sí,Vegetariano,Sí,No registrado,No registrado,Tarjeta,3961,46-60
4594787485,Elizabeth,Matthews,80.0,Femenino,Boston,Medio,4.0,34.19,No,Sí,Vegetariano,No,No registrado,chapmanmarvin@example.com,App,2768,61-100
9844600889,Steven,Perez,66.0,Masculino,Boston,Alto,5.0,36.08,No,No,Vegano,Sí,No registrado,No registrado,Efectivo,8471,61-100
9017739343,Daryl,Jones,78.0,Masculino,Boston,Medio,3.0,29.73,Sí,Sí,Vegetariano,No,No registrado,No registrado,Efectivo,2002,61-100
4499399190,Sandra,Carr,37.0,Femenino,Boston,Bajo,3.0,6.41,No,Sí,Carnes,No,+1-398-695-9562x875,joshuarobertson@example.com,Tarjeta,1090,31-45
1666660868,Daniel,Garrett,62.0,Masculino,Boston,Medio,4.0,21.24,Sí,No,Carnes,No,001-510-529-9572x29355,pcraig@example.net,Efectivo,2772,61-100
8443061472,Debra,Estrada,46.0,Femenino,Boston,Muy Alto,7.0,54.25,Sí,Sí,Vegetariano,Sí,+1-918-290-2248x493,No registrado,Efectivo,12038,46-60
3168679136,Debbie,Bell,70.0,Femenino,Boston,Muy Alto,5.0,93.82,Sí,Sí,Carnes,Sí,No registrado,scottandrew@example.org,Tarjeta,9967,61-100
7103557930,Christopher,Garcia,61.0,Masculino,Boston,Alto,6.0,58.04,Sí,Sí,Otro,Sí,3447641980,No registrado,Tarjeta,8864,61-100
3958590550,Kevin,Moody,41.0,Masculino,Boston,Muy Alto,10.0,42.22,Sí,No,Carnes,Sí,No registrado,No registrado,App,9446,31-45
7507090175,Colleen,Everett,19.0,Femenino,Boston,Alto,4.0,61.24,Sí,Sí,Vegetariano,No,(348)587-6461,No registrado,Efectivo,4765,19-30
2398887792,Joseph,Fox,74.0,Masculino,Boston,Bajo,0.0,0.0,Sí,No,Vegano,No,No registrado,margaret02@example.net,Efectivo,859,61-100
2376354767,William,Krause,72.0,Masculino,Boston,Medio,4.0,26.99,Sí,No,Otro,No,(636)317-8961,justin64@example.com,Efectivo,3039,61-100
7470716518,Annette,Russo,78.0,Femenino,Boston,Bajo,0.0,0.0,Sí,Sí,Vegetariano,No,(272)634-7964x690,No registrado,Efectivo,1230,61-100
7745580128,Carol,Thompson,30.0,Femenino,Boston,Alto,6.0,41.94,Sí,Sí,Carnes,No,No registrado,murraydiane@example.net,Tarjeta,7353,19-30
2327342139,Seth,Turner,26.0,Masculino,Boston,Muy Alto,5.0,20.13,No,Sí,Carnes,Sí,(599)827-6726x49408,No registrado,Tarjeta,17617,19-30
1163469499,Debra,Warren,57.0,Femenino,Boston,Medio,2.0,31.36,No,Sí,Vegetariano,No,No registrado,michael86@example.net,Tarjeta,1699,46-60
2343473834,Paige,Adams,45.0,Femenino,Boston,Muy Alto,10.0,51.94,Sí,Sí,Vegetariano,Sí,450.423.2314,No registrado,App,12494,31-45
2940202689,Kevin,Mitchell,77.0,Masculino,Boston,Medio,5.0,5.2,Sí,No,Vegano,No,No registrado,bmccormick@example.net,Efectivo,3022,61-100
7558344464,Ryan,Smith,27.0,Masculino,Boston,Medio,4.0,5.97,No,Sí,Carnes,No,(853)242-3644,No registrado,Tarjeta,3491,19-30
2677769486,Justin,Grimes,74.0,Masculino,Boston,Muy Alto,7.0,13.69,Sí,No,Carnes,Sí,No registrado,lsingleton@example.com,Tarjeta,12860,61-100
8136121063,Sharon,Lopez,78.0,Femenino,Boston,Muy Alto,5.0,29.46,Sí,No,Vegetariano,Sí,No registrado,trevorwilkinson@example.net,Efectivo,15575,61-100
5311738516,Joseph,Gonzalez,55.0,Masculino,Boston,Bajo,3.0,9.55,Sí,No,Vegano,No,+1-402-254-0437x894,No registrado,Tarjeta,1144,46-60
1571909228,Elizabeth,Martin,25.0,Femenino,Boston,Medio,5.0,25.49,Sí,Sí,Vegetariano,No,514.987.2927x6189,nflores@example.net,Tarjeta,2147,19-30
2115925314,Gregory,Porter,80.0,Masculino,Boston,Medio,4.0,18.72,No,No,Mariscos,No,No registrado,No registrado,Efectivo,3257,61-100
9053417049,Edwin,Hunt,32.0,Masculino,Boston,Muy Alto,10.0,102.54,Sí,No,Mariscos,Sí,001-825-436-3922,No registrado,Tarjeta,11916,31-45
9129464505,Calvin,Martinez,67.0,Masculino,Boston,Alto,6.0,9.19,Sí,Sí,Vegano,Sí,538-587-0305,angelamaddox@example.net,App,7679,61-100
1970998540,Mason,Perez,31.0,Masculino,Boston,Alto,4.0,39.88,Sí,Sí,Carnes,Sí,(279)872-7435x11319,No registrado,App,6197,31-45
3609050672,Michael,Leblanc,24.0,Masculino,Boston,Bajo,0.0,0.0,No,Sí,Mariscos,No,383.672.7044x7210,No registrado,Efectivo,1364,19-30
1240140248,Thomas,Clark,58.0,Masculino,Boston,Alto,6.0,54.94,No,No,Vegetariano,Sí,No registrado,jpeters@example.org,App,4285,46-60
9901502713,Jacqueline,Gomez,40.0,Femenino,Boston,Alto,6.0,28.15,No,Sí,Vegetariano,Sí,4449104524,No registrado,Tarjeta,7060,31-45
1654602021,Samantha,Bean,66.0,Femenino,Boston,Muy Alto,10.0,14.22,No,Sí,Vegetariano,Sí,No registrado,jessica24@example.net,Efectivo,17382,61-100
5473025524,Andrea,Peterson,34.0,Femenino,Boston,Medio,3.0,15.81,No,No,Carnes,No,470-594-0843,lhorne@example.net,App,2304,31-45
5033864217,Thomas,Nichols,34.0,Masculino,Boston,Medio,2.0,17.39,No,No,Carnes,No,(988)727-6131,No registrado,App,2207,31-45
8003782049,Jessica,Cross,59.0,Femenino,Boston,Muy Alto,6.0,58.91,Sí,No,Carnes,Sí,+1-850-242-4617x88269,paulcarey@example.com,Tarjeta,10644,46-60
5796800114,Andre,Jones,32.0,Masculino,Boston,Muy Alto,6.0,32.48,Sí,Sí,Carnes,Sí,430-999-8786,sarahmoore@example.org,Tarjeta,13449,31-45
7125994325,Kayla,Delacruz,23.0,Femenino,Boston,Medio,4.0,33.97,Sí,Sí,Carnes,No,No registrado,smithsandra@example.com,Tarjeta,2383,19-30
7702235761,Sharon,Cunningham,24.0,Femenino,Boston,Medio,3.0,33.48,Sí,Sí,Mariscos,No,668-297-6830,No registrado,Efectivo,2423,19-30
1112794026,Edgar,Nielsen,74.0,Masculino,Boston,Alto,5.0,33.64,No,No,Mariscos,Sí,912-984-5373x263,No registrado,Tarjeta,4691,61-100
6695162541,Susan,Shaw,62.0,Femenino,Boston,Bajo,0.0,0.0,Sí,No,Vegano,No,No registrado,No registrado,App,1022,61-100
1230249217,Courtney,Johnson,66.0,Femenino,Boston,Medio,5.0,21.55,No,Sí,Vegetariano,No,No registrado,miguel42@example.org,Efectivo,2393,61-100
5141688400,Melissa,Gonzalez,32.0,Femenino,Boston,Medio,3.0,31.21,No,No,Vegetariano,No,270-434-6652,efitzgerald@example.net,Efectivo,1786,31-45
2935930035,Kathryn,Turner,47.0,Femenino,Boston,Muy Alto,10.0,69.08,Sí,No,Carnes,Sí,323-391-3043,No registrado,Efectivo,11633,46-60
6584331165,Melissa,Caldwell,24.0,Femenino,Boston,Muy Alto,7.0,80.66,Sí,Sí,Vegetariano,Sí,No registrado,kellermadison@example.com,App,14902,19-30
6330807867,Ashley,Scott,62.0,Femenino,Boston,Medio,4.0,7.93,Sí,No,Carnes,Sí,+1-419-304-8285x7044,No registrado,Tarjeta,1845,61-100
4860075997,Lisa,Hughes,23.0,Femenino,Boston,Alto,5.0,6.59,Sí,Sí,Vegetariano,Sí,(838)865-7136x567,No registrado,App,5416,19-30
3307191856,Bobby,Crawford,36.0,Masculino,Boston,Muy Alto,6.0,64.91,No,No,Vegetariano,Sí,No registrado,No registrado,App,13733,31-45
3882425604,Gregory,Hunter,51.0,Masculino,Boston,Medio,4.0,13.8,Sí,Sí,Vegano,Sí,No registrado,ssmith@example.org,Tarjeta,3445,46-60
4935462811,Sophia,Coleman,68.0,Femenino,Boston,Alto,6.0,43.11,No,Sí,Carnes,Sí,+1-996-647-0981x703,wilsonmark@example.org,App,4720,61-100
4146077865,Angela,Bell,73.0,Femenino,Boston,Alto,6.0,49.61,Sí,Sí,Carnes,Sí,No registrado,No registrado,App,8756,61-100
2439922067,Richard,Elliott,77.0,Masculino,Boston,Alto,5.0,33.3,Sí,No,Otro,Sí,No registrado,kimguzman@example.com,App,8166,61-100
6954238895,Terry,Bullock,45.0,Masculino,Boston,Muy Alto,6.0,71.99,Sí,Sí,Mariscos,Sí,No registrado,ijohnson@example.com,Tarjeta,11753,31-45
1178810419,Nicole,Thompson,56.0,Femenino,Boston,Medio,2.0,15.8,No,Sí,Vegano,No,No registrado,No registrado,Efectivo,2547,46-60
3772733269,Frederick,Hernandez,64.0,Masculino,Boston,Alto,4.0,9.04,No,Sí,Mariscos,Sí,No registrado,No registrado,Efectivo,7865,61-100
6765522528,Valerie,Mcneil,24.0,Femenino,Boston,Bajo,2.0,11.91,Sí,Sí,Vegano,No,+1-613-802-5547,No registrado,Efectivo,1568,19-30
8224165114,Richard,Gonzales,30.0,Masculino,Boston,Muy Alto,6.0,98.67,No,Sí,Mariscos,Sí,No registrado,debbiecline@example.net,App,13941,19-30
7542179398,Kyle,Waller,29.0,Masculino,Boston,Alto,4.0,18.04,No,Sí,Vegetariano,No,No registrado,No registrado,Efectivo,4783,19-30
3056698664,Elizabeth,Bernard,41.0,Femenino,Boston,Alto,5.0,15.57,No,Sí,Vegetariano,No,+1-887-534-5262x210,No registrado,App,4267,31-45
8100264303,Ernest,Garza,19.0,Masculino,Boston,Medio,3.0,24.28,No,Sí,Carnes,No,No registrado,cruzkimberly@example.com,Tarjeta,2170,19-30
1665014783,Jessica,Ross,40.0,Femenino,Boston,Alto,6.0,9.54,Sí,Sí,Vegetariano,Sí,656-581-9142,samantha85@example.net,Tarjeta,6885,31-45
7274527392,Terri,Hurst,77.0,Femenino,Boston,Bajo,0.0,0.0,No,Sí,Carnes,No,224.758.2684,No registrado,App,848,61-100
5060688103,Ashley,Shepherd,49.0,Femenino,Boston,Alto,5.0,39.56,Sí,No,Otro,Sí,No registrado,No registrado,Efectivo,4080,46-60
4421732042,Derrick,Callahan,80.0,Masculino,Boston,Medio,6.0,31.14,Sí,Sí,Carnes,Sí,No registrado,fjohnson@example.net,Tarjeta,3462,61-100
9362395521,Thomas,Moore,53.0,Masculino,Boston,Muy Alto,6.0,6.23,Sí,No,Vegano,Sí,393-356-2808,No registrado,App,13251,46-60
3729700891,David,Landry,68.0,Masculino,Boston,Bajo,2.0,10.48,Sí,Sí,Mariscos,No,(774)694-1769x116,colenoah@example.com,Efectivo,1234,61-100
5122383169,Heather,Larson,32.0,Femenino,Boston,Bajo,1.0,7.54,No,Sí,Carnes,No,No registrado,zfreeman@example.org,App,1109,31-45
9948054234,Wendy,Dyer,26.0,Femenino,Boston,Muy Alto,5.0,78.07,No,Sí,Carnes,Sí,(932)694-6766,No registrado,Efectivo,15317,19-30
6413163558,Xavier,Lopez,19.0,Masculino,Boston,Alto,6.0,5.63,No,Sí,Pescado,Sí,No registrado,johnfields@example.org,Tarjeta,6311,19-30
5168801310,Sherry,Porter,32.0,Femenino,Boston,Alto,6.0,49.01,No,Sí,Vegetariano,Sí,001-903-374-3275x3171,jason71@example.com,App,8935,31-45
1614720122,Mark,Cox,71.0,Masculino,Boston,Alto,4.0,56.74,Sí,No,Mariscos,Sí,513-576-7317,No registrado,Efectivo,4278,61-100
3491955912,Alexander,Walker,75.0,Masculino,Boston,Medio,5.0,7.63,Sí,No,Mariscos,No,No registrado,No registrado,Efectivo,3259,61-100
3194285976,Joel,Gillespie,54.0,Masculino,Boston,Muy Alto,6.0,41.17,Sí,No,Carnes,Sí,No registrado,No registrado,App,15299,46-60
1052988672,George,Warner,37.0,Masculino,Boston,Medio,4.0,32.85,No,Sí,Vegano,Sí,2023096031,No registrado,App,2562,31-45
2515672889,Toni,Jones,57.0,Femenino,Boston,Medio,3.0,16.89,Sí,Sí,Pescado,Sí,+1-439-575-1078x3806,No registrado,Efectivo,2389,46-60
3766539517,Todd,Gray,43.0,Masculino,Boston,Muy Alto,5.0,34.31,No,Sí,Carnes,Sí,(533)466-3095x30796,No registrado,Efectivo,9695,31-45
2540453562,Dennis,Anderson,52.0,Masculino,Boston,Muy Alto,10.0,56.77,Sí,Sí,Pescado,Sí,No registrado,No registrado,Tarjeta,10245,46-60
1322809882,John,Morales,24.0,Masculino,Boston,Muy Alto,10.0,25.42,Sí,Sí,Mariscos,Sí,(215)573-2554x818,No registrado,Tarjeta,16732,19-30
6618551176,Eugene,Moore,57.0,Masculino,Boston,Medio,2.0,18.06,Sí,No,Mariscos,No,No registrado,No registrado,App,1830,46-60
4748958133,Allen,Johnston,51.0,Masculino,Boston,Alto,5.0,6.16,Sí,Sí,Mariscos,Sí,001-703-265-8448x43588,iduke@example.org,Efectivo,7579,46-60
2809331583,Kimberly,Ryan,43.0,Femenino,Boston,Medio,2.0,18.71,Sí,Sí,Carnes,No,No registrado,No registrado,Efectivo,3103,31-45
4655073624,Monica,Nelson,28.0,Femenino,Boston,Muy Alto,9.0,101.18,No,Sí,Vegetariano,Sí,No registrado,No registrado,Tarjeta,12057,19-30
7210288053,Michaela,Bruce,67.0,Femenino,Boston,Alto,4.0,9.77,Sí,Sí,Vegetariano,Sí,No registrado,No registrado,Efectivo,8168,61-100
9477800442,Taylor,Oliver,75.0,Femenino,Boston,Alto,4.0,20.41,Sí,Sí,Vegetariano,Sí,+1-776-432-0526,hmcdonald@example.org,App,8598,61-100
3997431923,Brenda,Charles,21.0,Femenino,Boston,Alto,5.0,30.55,No,Sí,Vegetariano,Sí,No registrado,dcross@example.net,Efectivo,4347,19-30
1561523820,Jesus,Goodwin,75.0,Masculino,Boston,Muy Alto,9.0,46.26,Sí,No,Vegetariano,No,No registrado,No registrado,Efectivo,10652,61-100
7514017540,Tiffany,Flores,61.0,Femenino,Boston,Bajo,0.0,0.0,Sí,Sí,Mariscos,No,935.266.1689x566,amandabeltran@example.org,Tarjeta,1303,61-100
1110239423,Jonathan,Mccall,37.0,Masculino,Boston,Muy Alto,5.0,66.71,No,Sí,Vegetariano,Sí,No registrado,No registrado,App,9298,31-45
1567584864,Zachary,Anderson,70.0,Masculino,Boston,Muy Alto,7.0,36.03,Sí,No,Carnes,Sí,No registrado,xyoung@example.net,Tarjeta,16153,61-100
5985786370,Edwin,Craig,31.0,Masculino,Boston,Muy Alto,10.0,88.11,Sí,Sí,Vegetariano,Sí,No registrado,No registrado,App,9883,31-45
7867138648,Peter,Lamb,64.0,Masculino,Boston,Alto,4.0,47.04,No,Sí,Pescado,Sí,No registrado,No registrado,App,6401,61-100
2738287742,Brenda,Sullivan,48.0,Femenino,Boston,Bajo,0.0,0.0,Sí,Sí,Vegetariano,No,No registrado,No registrado,Tarjeta,1486,46-60
4236123879,Samantha,Benson,76.0,Femenino,Boston,Alto,5.0,18.03,Sí,No,Pescado,No,No registrado,No registrado,Efectivo,4365,61-100
7166873452,Charles,Wolfe,49.0,Masculino,Boston,Medio,3.0,16.98,No,Sí,Otro,Sí,No registrado,No registrado,Efectivo,2141,46-60
2802141793,Amanda,Reese,62.0,Femenino,Boston,Alto,4.0,45.19,Sí,Sí,Carnes,No,296.554.5605x569,rwright@example.net,Efectivo,5949,61-100
8612072838,Matthew,Frederick,55.0,Masculino,Boston,Muy Alto,9.0,20.55,Sí,Sí,Carnes,Sí,No registrado,No registrado,Efectivo,10795,46-60
2309186996,Christopher,Austin,37.0,Masculino,Boston,Muy Alto,8.0,61.63,No,Sí,Vegano,Sí,No registrado,No registrado,Efectivo,11874,31-45
3602680421,Nathaniel,Jones,79.0,Masculino,Boston,Bajo,3.0,11.1,No,No,Vegano,No,001-362-591-6618,handerson@example.net,App,1534,61-100
1020560774,Dana,Washington,66.0,Femenino,Boston,Muy Alto,7.0,53.42,No,Sí,Pescado,Sí,No registrado,keithvasquez@example.net,Tarjeta,17440,61-100
7518883548,Elizabeth,Wright,60.0,Femenino,Boston,Muy Alto,10.0,26.92,No,Sí,Vegetariano,Sí,No registrado,No registrado,App,9590,46-60
2948070301,Dawn,Gonzalez,50.0,Femenino,Boston,Bajo,3.0,12.27,Sí,No,Vegano,No,590.214.7068,No registrado,Tarjeta,1581,46-60
8950148935,Robert,Riley,75.0,Masculino,Boston,Bajo,3.0,6.42,Sí,Sí,Vegano,No,No registrado,No registrado,Tarjeta,1069,61-100
7642577159,Danielle,Santos,80.0,Femenino,Boston,Medio,4.0,23.44,No,No,Carnes,No,No registrado,cannoncristian@example.net,Tarjeta,1857,61-100
7390188891,Vanessa,Edwards,63.0,Femenino,Boston,Alto,5.0,40.45,No,No,Pescado,Sí,No registrado,jjackson@example.net,Tarjeta,8745,61-100
7886314544,Peter,Goodman,29.0,Masculino,Boston,Medio,5.0,19.42,No,Sí,Vegetariano,No,No registrado,powellgrace@example.net,Tarjeta,1931,19-30
4101308249,Patricia,Moses,25.0,Femenino,Boston,Bajo,1.0,14.85,No,Sí,Carnes,No,No registrado,No registrado,Efectivo,1210,19-30
1474439845,George,Perry,71.0,Masculino,Boston,Medio,4.0,32.57,No,No,Vegano,Sí,723-590-4412x307,grossmark@example.net,Efectivo,2796,61-100
7828914779,Paula,Harris,19.0,Femenino,Boston,Medio,2.0,18.26,Sí,Sí,Carnes,Sí,No registrado,christophermcdonald@example.org,Efectivo,2723,19-30
9348248765,Rhonda,Gallagher,68.0,Femenino,Boston,Alto,5.0,19.08,No,No,Mariscos,No,No registrado,No registrado,Efectivo,4587,61-100
2743219864,Johnny,Kennedy,73.0,Masculino,Boston,Alto,6.0,50.11,Sí,Sí,Mariscos,Sí,No registrado,No registrado,Efectivo,5957,61-100
5015629493,Patricia,Burns,46.0,Femenino,Boston,Medio,4.0,6.29,Sí,Sí,Vegano,No,(428)473-6921,juliehudson@example.org,App,2102,46-60
6657470517,Tyler,Vargas,41.0,Masculino,Boston,Muy Alto,9.0,66.13,Sí,Sí,Mariscos,Sí,310-854-9734,richard00@example.org,App,9393,31-45
5901212012,Wendy,Sanchez,36.0,Femenino,Boston,Alto,4.0,32.67,Sí,No,Vegetariano,Sí,493-628-5545x6979,No registrado,Efectivo,5402,31-45
2619318385,Nathan,Johnson,48.0,Masculino,Boston,Muy Alto,8.0,34.44,No,No,Vegetariano,Sí,468.434.9872x5378,barbara35@example.net,Criptomoneda,15344,46-60
8256394548,Christopher,Gomez,54.0,Masculino,Boston,Medio,3.0,30.98,No,No,Vegetariano,No,2956762321,krodriguez@example.net,Efectivo,2222,46-60
6197275443,Melissa,Austin,19.0,Femenino,Boston,Medio,4.0,26.88,No,Sí,Pescado,No,(217)798-9123x003,No registrado,Tarjeta,3050,19-30
8469177241,Michael,Walters,65.0,Masculino,Boston,Alto,6.0,60.94,No,No,Vegetariano,Sí,No registrado,No registrado,Efectivo,7227,61-100
6611874047,Cynthia,Lawson,49.0,Femenino,Boston,Muy Alto,8.0,50.17,No,No,Mariscos,Sí,No registrado,tsimpson@example.net,Efectivo,17373,46-60
1116263535,Lindsay,Roth,42.0,Femenino,Boston,Alto,4.0,19.44,No,No,Mariscos,Sí,001-378-711-5981x919,No registrado,Efectivo,3657,31-45
2996360520,Dylan,Wallace,45.0,Masculino,Boston,Alto,4.0,64.07,Sí,No,Vegetariano,No,784-524-8388x6597,gonzalezdebra@example.com,App,7703,31-45
4401958531,Damon,Johnson,23.0,Masculino,Boston,Alto,6.0,50.84,Sí,No,Mariscos,Sí,No registrado,No registrado,App,7869,19-30
3628750833,Cynthia,Martinez,68.0,Femenino,Boston,Alto,4.0,62.58,No,Sí,Pescado,No,987.855.5155x106,No registrado,App,7242,61-100
9605919334,Melissa,Simon,19.0,Femenino,Boston,Bajo,2.0,12.97,Sí,Sí,Mariscos,No,No registrado,No registrado,Efectivo,1284,19-30
6756332150,Teresa,Flowers,24.0,Femenino,Boston,Muy Alto,8.0,88.14,Sí,Sí,Vegano,Sí,001-662-919-9477x37421,aaronhines@example.com,Tarjeta,9089,19-30
5298299638,April,Rodriguez,27.0,Femenino,Boston,Bajo,2.0,9.22,Sí,Sí,Vegetariano,No,+1-738-867-3952x841,mwilkerson@example.net,Efectivo,1195,19-30
2549748436,Rebecca,Wilson,67.0,Femenino,Boston,Medio,5.0,34.23,Sí,No,Vegano,Sí,001-436-356-5666x392,emurphy@example.net,Efectivo,1643,61-100
7012843640,Rhonda,Warren,29.0,Femenino,Boston,Medio,2.0,20.19,No,Sí,Otro,No,767-942-4848,No registrado,Efectivo,1737,19-30
9697414638,Angela,Snyder,37.0,Femenino,Boston,Bajo,0.0,0.0,Sí,Sí,Vegetariano,No,768-714-4061,No registrado,App,1444,31-45
5209622941,Bridget,Stewart,24.0,Femenino,Boston,Medio,4.0,19.37,No,Sí,Vegetariano,No,(391)904-3846x24992,gwyatt@example.org,Tarjeta,3235,19-30
1029953578,Curtis,Harding,63.0,Masculino,Boston,Bajo,2.0,9.35,No,No,Pescado,No,374.202.7192x723,jane55@example.net,Tarjeta,1575,61-100
2295067571,Cameron,Adams,68.0,Masculino,Boston,Muy Alto,9.0,51.79,No,Sí,Carnes,Sí,No registrado,sarahgriffith@example.org,Tarjeta,15772,61-100
8476914035,Jason,Brewer,66.0,Masculino,Boston,Medio,3.0,22.45,No,Sí,Carnes,No,No registrado,kentbishop@example.com,Efectivo,2197,61-100
2437624147,Troy,Andrews,32.0,Masculino,Boston,Bajo,2.0,8.43,Sí,No,Mariscos,No,(806)699-3132x213,kathy99@example.org,Tarjeta,1035,31-45
2678474117,John,Faulkner,52.0,Masculino,Boston,Muy Alto,6.0,87.87,Sí,Sí,Vegetariano,Sí,No registrado,alexandra01@example.com,Efectivo,17594,46-60
5394882203,Jason,Williams,32.0,Masculino,Boston,Bajo,0.0,0.0,Sí,No,Mariscos,No,No registrado,elizabeth71@example.com,Efectivo,1133,31-45
1532465136,Holly,Collins,40.0,Femenino,Boston,Bajo,2.0,6.98,Sí,No,Vegetariano,No,001-573-858-8487x507,No registrado,App,1158,31-45
5107778253,John,Owens,71.0,Masculino,Boston,Medio,5.0,21.98,Sí,Sí,Mariscos,No,+1-894-865-0356,crawfordtyler@example.org,Efectivo,2517,61-100
4220563726,Lindsey,Case,60.0,Femenino,Boston,Medio,4.0,27.27,Sí,No,Otro,No,No registrado,No registrado,App,2873,46-60
2041596850,Sarah,Santos,49.0,Femenino,Boston,Bajo,0.0,0.0,No,No,Vegetariano,No,No registrado,No registrado,Tarjeta,860,46-60
1954846935,Benjamin,Martin,68.0,Masculino,Boston,Medio,4.0,33.96,No,Sí,Vegano,Sí,No registrado,No registrado,App,2643,61-100
9094351577,Kelly,Griffin,69.0,Femenino,Boston,Medio,3.0,13.58,Sí,Sí,Otro,No,No registrado,No registrado,Tarjeta,1619,61-100
1230624431,Sonya,Sparks,40.0,Femenino,Boston,Alto,4.0,56.83,No,Sí,Pescado,Sí,(335)634-4813x43504,No registrado,App,4609,31-45
6848258538,Mathew,Cox,70.0,Masculino,Boston,Medio,2.0,28.76,No,No,Mariscos,Sí,No registrado,No registrado,Tarjeta,3150,61-100
8092464455,Julie,Kemp,34.0,Femenino,Boston,Medio,5.0,10.06,No,Sí,Carnes,No,(418)524-1800x2824,joanna23@example.org,Efectivo,1947,31-45
2198936710,Anthony,Cisneros,19.0,Masculino,Boston,Alto,5.0,25.06,No,Sí,Vegano,No,No registrado,No registrado,Tarjeta,3852,19-30
3397157286,Sabrina,Miller,67.0,Femenino,Boston,Alto,5.0,15.11,Sí,Sí,Pescado,Sí,No registrado,jennifer64@example.net,Efectivo,7679,61-100
5662607588,Robert,Foster,24.0,Masculino,Boston,Alto,6.0,16.8,No,Sí,Vegano,Sí,(836)492-7895,No registrado,Efectivo,5937,19-30
1932649106,Cody,Blake,23.0,Masculino,Boston,Bajo,0.0,0.0,No,Sí,Mariscos,No,(795)812-2861x1124,No registrado,Efectivo,924,19-30
2686613837,Jessica,Nichols,56.0,Femenino,Boston,Muy Alto,9.0,14.42,No,No,Carnes,Sí,No registrado,uritter@example.com,Efectivo,15634,46-60
9869132245,Kaylee,Marshall,80.0,Femenino,Boston,Medio,3.0,8.8,No,No,Vegetariano,No,848.257.6754x8285,wendyrussell@example.net,Efectivo,3160,61-100
6833970391,Megan,Weber,46.0,Femenino,Boston,Muy Alto,7.0,58.2,No,Sí,Vegetariano,Sí,No registrado,rebecca06@example.org,App,13055,46-60
7525080238,William,Huang,44.0,Masculino,Boston,Bajo,2.0,8.06,No,No,Vegetariano,No,801.532.1581x4634,No registrado,Efectivo,1282,31-45
2468913247,Amy,Miller,76.0,Femenino,Boston,Alto,5.0,60.01,No,Sí,Vegano,Sí,No registrado,waltersheidi@example.com,Efectivo,4640,61-100
1847810424,Bryan,Gregory,38.0,Masculino,Boston,Muy Alto,10.0,83.1,Sí,No,Pescado,Sí,No registrado,No registrado,Efectivo,16639,31-45
4609487344,Kevin,Booth,48.0,Masculino,Boston,Muy Alto,8.0,15.04,No,No,Pescado,Sí,358.545.3019,No registrado,App,10871,46-60
6448324230,Erik,Martinez,51.0,Masculino,Boston,Bajo,3.0,13.81,No,Sí,Carnes,No,No registrado,No registrado,Tarjeta,1364,46-60
4106811051,Jesse,Koch,23.0,Masculino,Boston,Muy Alto,8.0,59.21,No,Sí,Otro,Sí,001-871-718-7436x4420,No registrado,Efectivo,12881,19-30
2879353386,Alicia,Mathews,70.0,Femenino,Boston,Alto,4.0,10.61,No,No,Mariscos,No,No registrado,No registrado,App,6245,61-100
5960796665,Brittney,Mason,29.0,Femenino,Boston,Muy Alto,8.0,6.63,Sí,No,Vegetariano,Sí,349.557.8202x791,No registrado,Tarjeta,17435,19-30
7713253516,Chad,Ramirez,28.0,Masculino,Boston,Medio,3.0,30.56,No,Sí,Vegano,No,001-875-543-6203,laura54@example.net,Efectivo,2576,19-30
3755283933,Jennifer,Gates,19.0,Femenino,Boston,Muy Alto,7.0,77.71,No,Sí,Carnes,Sí,(897)211-6872,michellethomas@example.com,Efectivo,16286,19-30
5592432662,Frank,Perry,75.0,Masculino,Boston,Bajo,3.0,6.08,Sí,No,Vegano,No,8656555390,bellcynthia@example.com,Tarjeta,1225,61-100
9135217534,Jennifer,Simmons,42.0,Femenino,Boston,Bajo,1.0,6.63,No,Sí,Carnes,No,001-339-288-0587,No registrado,Efectivo,1420,31-45
3664231157,Wayne,Tanner,58.0,Masculino,Boston,Muy Alto,7.0,12.65,No,Sí,Vegano,Sí,607.585.5010,erica81@example.net,App,11254,46-60
1077618551,Richard,Coleman,54.0,Masculino,Boston,Medio,5.0,5.63,No,Sí,Vegetariano,No,No registrado,No registrado,Tarjeta,3049,46-60
2012410919,James,Rush,60.0,Masculino,Boston,Bajo,3.0,7.93,Sí,Sí,Carnes,No,(230)900-3188,bateslee@example.org,Tarjeta,1261,46-60
6097417358,Maria,Roberts,54.0,Femenino,Boston,Bajo,2.0,12.75,Sí,No,Vegetariano,No,No registrado,No registrado,Efectivo,1041,46-60
4211641400,Ryan,Woods,68.0,Masculino,Boston,Alto,6.0,25.05,Sí,Sí,Mariscos,Sí,+1-692-592-6388x0173,No registrado,Tarjeta,8263,61-100
6028321870,Michelle,Wallace,63.0,Femenino,Boston,Alto,6.0,56.81,No,Sí,Vegano,No,No registrado,No registrado,Efectivo,4573,61-100
7283316661,Kathleen,Chan,40.0,Femenino,Boston,Muy Alto,9.0,48.54,No,Sí,Carnes,Sí,No registrado,No registrado,Efectivo,9915,31-45
2051772590,Victor,Huang,18.0,Masculino,Boston,Muy Alto,10.0,64.33,No,Sí,Vegano,Sí,No registrado,stanleybrooke@example.net,Efectivo,15685,0-18
5528674657,Lisa,Torres,24.0,Femenino,Boston,Alto,5.0,64.14,Sí,Sí,Mariscos,No,No registrado,No registrado,Tarjeta,6609,19-30
5667503195,Amanda,Garner,22.0,Femenino,Boston,Alto,3.0,62.47,No,Sí,Vegetariano,No,No registrado,heather70@example.com,App,5654,19-30
1376036247,Julie,Thomas,43.0,Femenino,Boston,Bajo,3.0,8.93,No,Sí,Carnes,No,No registrado,rogerskrista@example.net,Tarjeta,1557,31-45
5168793922,Erin,Barker,67.0,Femenino,Boston,Alto,4.0,10.11,Sí,Sí,Vegetariano,No,No registrado,wsmith@example.org,Efectivo,5428,61-100
2553363005,Sarah,Mora,31.0,Femenino,Boston,Medio,5.0,25.51,No,No,Vegetariano,No,No registrado,No registrado,Tarjeta,2273,31-45
6643461056,Richard,Carpenter,49.0,Masculino,Boston,Bajo,1.0,12.95,No,Sí,Carnes,No,937-332-6031,No registrado,Efectivo,839,46-60
3149636709,Sean,Huynh,28.0,Masculino,Boston,Medio,3.0,14.34,Sí,No,Mariscos,No,No registrado,zreynolds@example.com,Efectivo,3214,19-30
1314326915,Shannon,Lee,54.0,Femenino,Boston,Medio,3.0,16.61,Sí,No,Carnes,No,No registrado,No registrado,App,2334,46-60
4424713310,Wendy,Ramos,80.0,Femenino,Boston,Alto,4.0,33.98,Sí,Sí,Mariscos,Sí,No registrado,No registrado,App,4920,61-100
9257518054,Sandra,Garcia,41.0,Femenino,Boston,Alto,6.0,42.95,No,Sí,Vegetariano,No,No registrado,markwilliams@example.net,Efectivo,7171,31-45
8451972581,Ronald,Davis,50.0,Masculino,Boston,Alto,5.0,29.98,No,Sí,Pescado,No,No registrado,No registrado,Efectivo,4576,46-60
7997747661,Russell,Kelley,65.0,Masculino,Boston,Medio,5.0,12.42,No,Sí,Mariscos,No,No registrado,benitezdonna@example.net,App,2822,61-100
7227899138,Justin,Williams,57.0,Masculino,Boston,Medio,5.0,23.53,No,Sí,Otro,No,No registrado,jennifercontreras@example.org,Efectivo,2394,46-60
1337185615,Joseph,Kemp,20.0,Masculino,Boston,Muy Alto,9.0,97.72,Sí,Sí,Carnes,Sí,202.622.3583x562,cameronharrell@example.org,Efectivo,9663,19-30
4018952356,Nancy,Kim,23.0,Femenino,Boston,Alto,6.0,40.54,No,Sí,Carnes,No,+1-763-733-6668,hdavis@example.net,Tarjeta,5149,19-30
8538911338,Lori,Heath,34.0,Femenino,Boston,Medio,3.0,16.46,Sí,Sí,Vegetariano,No,383-232-0204x7707,nvasquez@example.org,Efectivo,2225,31-45
7268255039,Bob,Arnold,64.0,Masculino,Boston,Alto,6.0,42.54,No,No,Carnes,Sí,No registrado,No registrado,App,8248,61-100
9851544303,Casey,Parsons,19.0,Masculino,Boston,Alto,6.0,17.71,No,Sí,Otro,Sí,No registrado,sylvia21@example.com,Tarjeta,3956,19-30
9709892418,Brandi,Wade,21.0,Femenino,Boston,Muy Alto,9.0,20.13,Sí,Sí,Vegetariano,Sí,320-912-8450,No registrado,App,15516,19-30
8191614951,Molly,Nguyen,56.0,Femenino,Boston,Medio,3.0,19.24,No,Sí,Otro,No,No registrado,wesleyarellano@example.com,Efectivo,2400,46-60
5337997351,Catherine,Gray,40.0,Femenino,Boston,Medio,5.0,5.44,No,No,Vegetariano,No,001-224-989-0340,juan00@example.com,Tarjeta,3138,31-45
8268437736,Robert,Arnold,35.0,Masculino,Boston,Alto,4.0,6.32,No,Sí,Vegano,Sí,001-474-222-2289,melanie28@example.com,Tarjeta,5196,31-45
7928143230,Karen,Francis,47.0,Femenino,Boston,Medio,2.0,20.52,Sí,Sí,Pescado,No,+1-604-629-2351,No registrado,Efectivo,1764,46-60
2382677827,Hannah,Baker,52.0,Femenino,Boston,Alto,6.0,32.43,Sí,Sí,Vegano,Sí,No registrado,No registrado,App,5323,46-60
5839207920,Larry,Charles,34.0,Masculino,Boston,Alto,6.0,18.27,Sí,Sí,Mariscos,No,No registrado,imyers@example.org,Tarjeta,4306,31-45
1850953344,Catherine,Elliott,18.0,Femenino,Boston,Bajo,0.0,0.0,No,Sí,Pescado,No,3008363991,No registrado,Efectivo,1520,0-18
1664494972,Terry,Whitaker,22.0,Masculino,Boston,Muy Alto,5.0,87.63,No,Sí,Otro,Sí,No registrado,No registrado,Efectivo,10166,19-30
1160452507,Alec,Caldwell,65.0,Masculino,Boston,Alto,6.0,32.26,No,Sí,Vegetariano,No,No registrado,tiffany97@example.org,App,5019,61-100
2237220865,Darin,Vincent,37.0,Masculino,Boston,Muy Alto,7.0,98.65,No,Sí,Carnes,Sí,653-971-0076,No registrado,Efectivo,16683,31-45
4471941923,Erin,Moreno,73.0,Femenino,Boston,Alto,5.0,36.71,Sí,Sí,Vegetariano,Sí,001-736-691-8291,No registrado,Efectivo,8240,61-100
1744568961,Travis,Henry,38.0,Masculino,Boston,Medio,3.0,17.31,No,Sí,Carnes,No,331.501.5467,christiancarroll@example.org,App,1769,31-45
8181144741,Samantha,Pena,28.0,Femenino,Boston,Muy Alto,9.0,51.38,No,Sí,Vegetariano,Sí,No registrado,No registrado,Tarjeta,15921,19-30
1112987505,Kaitlin,Weber,37.0,Femenino,Boston,Muy Alto,6.0,35.27,Sí,No,Mariscos,Sí,445-269-1742,No registrado,Efectivo,16671,31-45
7246858055,Elizabeth,Austin,24.0,Femenino,Boston,Bajo,2.0,11.0,No,Sí,Vegano,No,995.547.2183,No registrado,Efectivo,1463,19-30
3674325175,Trevor,Martinez,57.0,Masculino,Boston,Medio,4.0,24.57,Sí,Sí,Vegetariano,No,777-467-6341x90865,No registrado,Tarjeta,2795,46-60
5809998704,Donald,Allen,20.0,Masculino,Boston,Alto,6.0,24.13,No,Sí,Carnes,No,No registrado,thaley@example.com,Efectivo,7903,19-30
3873899049,Debbie,Pollard,46.0,Femenino,Boston,Muy Alto,6.0,91.33,No,Sí,Mariscos,Sí,661-839-7610x815,courtney69@example.net,Efectivo,9624,46-60
8919888996,Troy,Evans,38.0,Masculino,Boston,Medio,5.0,20.57,No,Sí,Vegano,No,(297)536-2394,No registrado,App,2235,31-45
2914590233,Carlos,Jackson,33.0,Masculino,Boston,Medio,4.0,17.24,No,No,Vegetariano,No,No registrado,harrisonrodney@example.com,App,3062,31-45
5462987469,Bradley,Lester,76.0,Masculino,Boston,Bajo,1.0,5.54,Sí,No,Mariscos,No,No registrado,No registrado,Efectivo,1270,61-100
4536306171,William,Wilson,60.0,Masculino,Boston,Medio,4.0,28.1,No,Sí,Mariscos,No,518-298-1613,ediaz@example.org,Tarjeta,1771,46-60
5744003377,Hailey,Barnes,62.0,Femenino,Boston,Muy Alto,6.0,29.32,No,Sí,Vegano,Sí,No registrado,No registrado,Efectivo,11441,61-100
9597198563,Barry,Wilkinson,64.0,Masculino,Boston,Alto,5.0,10.9,No,Sí,Carnes,Sí,(333)432-7494,No registrado,Efectivo,6240,61-100
8448403848,Deborah,Hernandez,53.0,Femenino,Boston,Alto,6.0,51.36,Sí,No,Mariscos,Sí,782-899-3796x26445,No registrado,Efectivo,4606,46-60
5972243081,Ashlee,Williamson,20.0,Femenino,Boston,Bajo,1.0,6.99,Sí,Sí,Mariscos,No,No registrado,No registrado,App,1365,19-30
5248645820,Dylan,Wang,63.0,Masculino,Boston,Bajo,2.0,7.17,No,Sí,Vegano,No,No registrado,No registrado,App,1493,61-100
8348583061,David,Schmidt,67.0,Masculino,Boston,Alto,5.0,13.23,No,Sí,Otro,No,No registrado,No registrado,Tarjeta,5661,61-100
8979287418,Joseph,Moore,68.0,Masculino,Boston,Muy Alto,7.0,84.08,Sí,Sí,Mariscos,Sí,972.987.2115x67395,No registrado,Efectivo,11902,61-100
7127924323,Eugene,Davis,66.0,Masculino,Boston,Medio,4.0,20.99,No,Sí,Mariscos,No,No registrado,No registrado,Efectivo,3487,61-100
6249582297,Jacob,Sawyer,59.0,Masculino,Boston,Medio,2.0,27.45,Sí,No,Pescado,No,No registrado,No registrado,Efectivo,3235,46-60
2362961825,Andrew,Hall,33.0,Masculino,Boston,Alto,4.0,52.49,Sí,No,Vegetariano,Sí,No registrado,No registrado,App,7474,31-45
2049061031,Shaun,Yates,66.0,Masculino,Boston,Bajo,3.0,9.57,Sí,No,Vegetariano,No,303.864.6708x64123,samantha43@example.net,Tarjeta,873,61-100
9101876274,Stephen,Tanner,37.0,Masculino,Boston,Bajo,3.0,10.17,No,No,Pescado,No,No registrado,No registrado,Tarjeta,975,31-45
2474731513,Jacob,Evans,19.0,Masculino,Boston,Medio,4.0,23.27,Sí,Sí,Pescado,Sí,(715)424-4264x399,quinnjoanne@example.org,App,1768,19-30
4378817220,Christine,Higgins,60.0,Femenino,Boston,Alto,5.0,16.84,No,Sí,Vegetariano,Sí,319.468.7289,No registrado,Tarjeta,8424,46-60
3383006544,Richard,Armstrong,37.0,Masculino,Boston,Alto,5.0,60.21,No,Sí,Vegano,Sí,+1-704-201-0971x8002,No registrado,Efectivo,8468,31-45
7758041108,Christopher,Garcia,68.0,Masculino,Boston,Bajo,1.0,14.5,Sí,Sí,Vegetariano,No,001-338-508-2464,No registrado,Efectivo,1387,61-100
1695892620,David,Jackson,65.0,Masculino,Boston,Muy Alto,6.0,25.51,No,No,Pescado,Sí,No registrado,No registrado,Efectivo,13048,61-100
5586163550,Ann,Richmond,57.0,Femenino,Boston,Alto,5.0,16.17,Sí,Sí,Vegetariano,Sí,No registrado,No registrado,App,3588,46-60
8422554142,Christopher,Robles,36.0,Masculino,Boston,Medio,3.0,30.7,Sí,Sí,Otro,No,9754160051,ibutler@example.com,App,3371,31-45
3586522663,Christy,Lee,73.0,Femenino,Boston,Medio,3.0,19.9,Sí,Sí,Vegetariano,No,No registrado,No registrado,Efectivo,1654,61-100
9330013423,Stacey,Taylor,18.0,Femenino,Boston,Muy Alto,10.0,16.43,Sí,Sí,Vegano,Sí,430-632-5235x8390,No registrado,Tarjeta,11495,0-18
3737286176,Loretta,Adams,19.0,Femenino,Boston,Alto,6.0,53.92,Sí,No,Pescado,Sí,No registrado,robinrodgers@example.com,App,8515,19-30
9940452109,Angel,Casey,49.0,Femenino,Boston,Bajo,3.0,6.9,No,No,Carnes,No,No registrado,leachjack@example.net,Efectivo,1407,46-60
8767398545,Nicole,Pearson,46.0,Femenino,Boston,Muy Alto,9.0,12.03,No,Sí,Carnes,Sí,884-312-7433x8234,No registrado,Tarjeta,11884,46-60
5724966813,Eric,George,73.0,Masculino,Boston,Alto,6.0,23.12,Sí,Sí,Mariscos,Sí,No registrado,irojas@example.net,App,6179,61-100
4567799446,Billy,Gordon,61.0,Masculino,Boston,Bajo,0.0,0.0,No,Sí,Vegetariano,No,523-662-5126x978,No registrado,Tarjeta,837,61-100
6989807553,Melinda,Bond,27.0,Femenino,Boston,Muy Alto,9.0,65.82,Sí,Sí,Carnes,Sí,No registrado,No registrado,Tarjeta,13156,19-30
5989100178,Nathan,Elliott,40.0,Masculino,Boston,Alto,4.0,44.16,Sí,Sí,Vegetariano,Sí,+1-763-778-2066x672,No registrado,Efectivo,6491,31-45
8625626860,Jacqueline,Bird,67.0,Femenino,Boston,Medio,2.0,31.33,Sí,Sí,Mariscos,No,No registrado,No registrado,Efectivo,3329,61-100
6451319739,Christopher,Jimenez,53.0,Masculino,Boston,Bajo,3.0,10.7,Sí,Sí,Vegetariano,No,No registrado,No registrado,Tarjeta,942,46-60
8419590655,Elizabeth,Bailey,33.0,Femenino,Boston,Bajo,3.0,13.6,Sí,Sí,Mariscos,No,821-655-4148,john76@example.org,App,1552,31-45
8609089234,Mitchell,Butler,45.0,Masculino,Boston,Muy Alto,10.0,9.84,Sí,Sí,Mariscos,Sí,No registrado,No registrado,Tarjeta,13147,31-45
3582521445,Kevin,Richards,79.0,Masculino,Boston,Medio,3.0,28.48,No,No,Mariscos,No,(267)745-7548x947,yatesbrandi@example.org,Efectivo,2418,61-100
1717346250,Joseph,Nguyen,35.0,Masculino,Boston,Muy Alto,6.0,60.32,No,Sí,Carnes,Sí,No registrado,adamsanthony@example.com,Tarjeta,9652,31-45
6169243284,Brenda,Davis,51.0,Femenino,Boston,Alto,5.0,59.89,No,No,Carnes,Sí,(576)490-6748,rjones@example.com,Tarjeta,7313,46-60
8077718620,Tammy,Cook,39.0,Femenino,Boston,Alto,4.0,6.62,No,No,Otro,No,No registrado,No registrado,App,5874,31-45
1242049785,Allen,Porter,62.0,Masculino,Boston,Medio,5.0,19.78,Sí,Sí,Vegetariano,No,001-498-328-6843x9460,No registrado,Tarjeta,3383,61-100
5512755082,Joshua,Brown,51.0,Masculino,Boston,Muy Alto,6.0,10.8,Sí,No,Vegetariano,Sí,(409)540-3610x51267,No registrado,Tarjeta,9560,46-60
7848500406,Kimberly,Brooks,33.0,Femenino,Boston,Muy Alto,5.0,98.82,Sí,No,Vegano,No,001-407-391-2568x403,craigbell@example.org,Efectivo,13984,31-45
8189624683,Fernando,Smith,73.0,Masculino,Boston,Medio,5.0,15.94,No,Sí,Otro,No,No registrado,jill45@example.com,App,2338,61-100
7487012742,April,Carey,42.0,Femenino,Boston,Muy Alto,7.0,87.68,Sí,No,Pescado,No,+1-954-403-5735,katherinecantrell@example.com,Tarjeta,9511,31-45
1099592369,Derek,Kelly,70.0,Masculino,Boston,Muy Alto,10.0,72.89,No,Sí,Vegetariano,Sí,(348)404-7981x734,No registrado,Tarjeta,17863,61-100
5868420839,Randy,Whitaker,66.0,Masculino,Boston,Alto,6.0,21.9,Sí,Sí,Pescado,Sí,No registrado,courtney70@example.net,App,8423,61-100
4811205292,Andrea,Hawkins,40.0,Femenino,Boston,Alto,4.0,15.55,Sí,No,Carnes,Sí,822.972.2638x762,No registrado,App,5396,31-45
3307329307,Raymond,Jimenez,41.0,Masculino,Boston,Medio,3.0,16.35,No,Sí,Mariscos,No,No registrado,sharonharrison@example.net,Tarjeta,2287,31-45
6317189421,Ryan,Shields,30.0,Masculino,Boston,Muy Alto,7.0,11.89,No,Sí,Carnes,Sí,No registrado,brooksrichard@example.net,Efectivo,12402,19-30
3850790592,Randy,Cobb,33.0,Masculino,Boston,Medio,3.0,32.34,No,No,Vegano,No,001-296-354-0840x316,barrypatterson@example.org,Efectivo,1764,31-45
8151942315,Victoria,Huynh,24.0,Femenino,Boston,Medio,3.0,21.98,No,Sí,Vegetariano,No,No registrado,scottpowell@example.net,Efectivo,2584,19-30
2461065744,Roger,Lee,65.0,Masculino,Boston,Bajo,0.0,0.0,No,No,Carnes,No,No registrado,edward89@example.org,Tarjeta,1435,61-100
7651960431,Amanda,Sloan,50.0,Femenino,Boston,Bajo,3.0,6.49,No,No,Otro,No,974-337-1481,brianna60@example.net,Efectivo,1049,46-60
7472774158,Vickie,Jackson,31.0,Femenino,Boston,Medio,3.0,31.1,Sí,No,Carnes,No,753-754-3765,thomas86@example.org,Tarjeta,2831,31-45
2436758919,Tiffany,Middleton,18.0,Femenino,Boston,Medio,3.0,24.0,Sí,Sí,Mariscos,No,No registrado,No registrado,App,1604,0-18
9327720702,William,Melton,29.0,Masculino,Boston,Alto,4.0,5.62,No,Sí,Mariscos,Sí,No registrado,No registrado,Efectivo,7774,19-30
1793221132,Shannon,Berg,34.0,Femenino,Boston,Bajo,1.0,9.26,Sí,No,Vegetariano,No,(973)915-5866x94413,thoover@example.net,Tarjeta,935,31-45
7790041807,Alex,Sawyer,24.0,Masculino,Boston,Alto,6.0,49.25,No,Sí,Pescado,No,8577386952,osbornestephanie@example.net,App,5981,19-30
9715288789,Steve,Choi,30.0,Masculino,Boston,Muy Alto,7.0,67.7,Sí,Sí,Vegetariano,Sí,No registrado,No registrado,Efectivo,11526,19-30
5805756498,Robert,Johnston,71.0,Masculino,Boston,Alto,4.0,48.31,No,Sí,Carnes,Sí,No registrado,morrisonkevin@example.com,Tarjeta,4837,61-100
5899813434,Nathan,Landry,29.0,Masculino,Boston,Medio,2.0,7.64,Sí,Sí,Pescado,Sí,751-559-6583,No registrado,Tarjeta,3479,19-30
7761213633,Theresa,Kemp,36.0,Femenino,Boston,Bajo,0.0,0.0,Sí,No,Vegetariano,No,No registrado,zunigaisabel@example.org,Tarjeta,1552,31-45
5884080139,Jeremy,Parker,22.0,Masculino,Boston,Bajo,3.0,12.47,Sí,Sí,Vegetariano,No,No registrado,No registrado,App,1159,19-30
6325871705,Amy,Wheeler,24.0,Femenino,Boston,Alto,6.0,25.97,Sí,Sí,Carnes,Sí,(835)241-0845x563,No registrado,Tarjeta,4452,19-30
3734252963,Joseph,Jackson,59.0,Masculino,Boston,Muy Alto,5.0,23.54,No,No,Vegetariano,Sí,No registrado,tlee@example.com,Efectivo,13113,46-60
5909664532,Brenda,Ellis,19.0,Femenino,Boston,Medio,5.0,22.94,Sí,Sí,Vegano,No,001-738-239-9451,haleycalhoun@example.org,Tarjeta,2122,19-30
4943000904,Alexander,Butler,29.0,Masculino,Boston,Medio,2.0,32.54,Sí,Sí,Vegetariano,No,317-794-2166x1978,No registrado,App,3416,19-30
5666371719,Jacob,Romero,77.0,Masculino,Boston,Medio,4.0,33.32,Sí,Sí,Otro,No,No registrado,lcook@example.org,App,3482,61-100
8926719921,Jennifer,Watson,38.0,Femenino,Boston,Bajo,1.0,10.74,No,Sí,Carnes,No,No registrado,philipnorris@example.com,App,1097,31-45
4655771746,Brian,Cervantes,60.0,Masculino,Boston,Bajo,1.0,5.29,No,Sí,Vegetariano,No,No registrado,No registrado,Tarjeta,1406,46-60
7985797527,Keith,Stewart,55.0,Masculino,Boston,Alto,4.0,40.3,No,Sí,Carnes,Sí,No registrado,No registrado,Efectivo,7078,46-60
6400026847,Karen,Grant,33.0,Femenino,Boston,Muy Alto,10.0,24.48,Sí,No,Carnes,Sí,No registrado,wongmichael@example.net,App,16658,31-45
7573015878,Jason,Zimmerman,38.0,Masculino,Boston,Medio,5.0,15.19,No,Sí,Vegetariano,No,299-868-7485x00949,johnsonkaren@example.org,Criptomoneda,3064,31-45
9623534576,Bryan,Owens,41.0,Masculino,Boston,Bajo,1.0,12.65,Sí,No,Vegano,No,425.497.5039,No registrado,Tarjeta,1167,31-45
3974060090,Alyssa,Martinez,69.0,Femenino,Boston,Bajo,0.0,0.0,Sí,Sí,Pescado,No,001-729-741-3912,jeremy29@example.org,Tarjeta,1185,61-100
1677403680,Amanda,Coffey,49.0,Femenino,Boston,Muy Alto,9.0,62.85,No,Sí,Vegetariano,Sí,No registrado,anthonyjohnson@example.net,App,15122,46-60
5096274235,Tony,Luna,71.0,Masculino,Boston,Alto,4.0,45.74,Sí,No,Vegetariano,Sí,545.419.2875x723,No registrado,Efectivo,6451,61-100
3744446292,Amy,Mcfarland,72.0,Femenino,Boston,Medio,4.0,5.48,Sí,No,Otro,No,229.772.1144x977,No registrado,Tarjeta,2773,61-100
6338036681,Alex,Salazar,72.0,Masculino,Boston,Muy Alto,6.0,95.56,No,No,Otro,Sí,520.830.6607x79329,franklinmichael@example.net,App,9575,61-100
5767266196,Elizabeth,Caldwell,37.0,Femenino,Boston,Bajo,0.0,0.0,No,Sí,Mariscos,No,(562)991-4787x8908,hporter@example.org,Efectivo,1552,31-45
7986433890,Maria,Freeman,73.0,Femenino,Boston,Medio,3.0,32.18,Sí,No,Mariscos,No,No registrado,No registrado,Efectivo,2544,61-100
9967011296,Monica,Barron,71.0,Femenino,Boston,Muy Alto,6.0,92.44,No,No,Pescado,Sí,No registrado,No registrado,Efectivo,17626,61-100
7790625760,William,Delgado,65.0,Masculino,Boston,Bajo,3.0,10.36,No,Sí,Vegetariano,No,+1-738-408-7706x136,tiffany92@example.org,Efectivo,1095,61-100
9698935156,Patricia,Fleming,61.0,Femenino,Boston,Muy Alto,9.0,5.21,No,Sí,Vegetariano,Sí,001-849-491-5170,No registrado,App,11087,61-100
5789238017,Nicole,Williams,24.0,Femenino,Boston,Bajo,3.0,5.02,No,Sí,Vegetariano,No,No registrado,No registrado,Tarjeta,1457,19-30
2465628415,Mary,Mcmillan,37.0,Femenino,Boston,Medio,3.0,13.55,Sí,No,Pescado,Sí,No registrado,rogercooley@example.com,Tarjeta,1684,31-45
6642368935,Amy,Fuentes,34.0,Femenino,Boston,Muy Alto,9.0,47.43,Sí,Sí,Mariscos,Sí,No registrado,jmoore@example.com,Criptomoneda,10537,31-45
5320080287,Andrew,Richards,28.0,Masculino,Boston,Bajo,3.0,14.92,No,Sí,Vegetariano,No,No registrado,stevensrachel@example.com,App,1030,19-30
2944852529,Kimberly,Perkins,40.0,Femenino,Boston,Medio,2.0,15.36,No,Sí,Vegetariano,No,424.960.5288x7369,parkerjeffrey@example.net,App,2485,31-45
6378291926,Alice,Walker,36.0,Femenino,Boston,Bajo,0.0,0.0,Sí,Sí,Vegetariano,No,001-500-267-0118x6447,No registrado,Criptomoneda,1455,31-45
8018179960,Paul,Stewart,47.0,Masculino,Boston,Medio,2.0,24.69,No,Sí,Carnes,No,No registrado,No registrado,Efectivo,2547,46-60
6423156524,Michael,Pope,39.0,Masculino,Boston,Bajo,0.0,0.0,No,No,Pescado,No,No registrado,shanelopez@example.net,Tarjeta,897,31-45
6916028495,Evan,Allen,72.0,Masculino,Boston,Alto,4.0,33.86,Sí,Sí,Vegetariano,Sí,No registrado,alvarezkari@example.com,Efectivo,8275,61-100
9110576985,Kelly,Wagner,75.0,Femenino,Boston,Alto,4.0,36.47,Sí,Sí,Pescado,No,532.990.2204x927,monroejennifer@example.org,App,5442,61-100
7737588792,Dorothy,Robinson,49.0,Femenino,Boston,Alto,5.0,14.76,No,Sí,Vegano,Sí,No registrado,No registrado,App,6979,46-60
7568223339,Kimberly,Robinson,36.0,Femenino,Boston,Muy Alto,7.0,44.61,No,Sí,Carnes,Sí,923-492-9915,thomas54@example.org,Efectivo,11544,31-45
2539612479,Brian,Farrell,51.0,Masculino,Boston,Medio,3.0,32.56,No,Sí,Carnes,No,370-361-2950x83474,ymolina@example.com,Tarjeta,2892,46-60
4244112571,John,Rivera,47.0,Masculino,Boston,Medio,4.0,25.94,Sí,Sí,Otro,No,614.945.6337x462,No registrado,Tarjeta,2942,46-60
3510839232,Hunter,Shields,38.0,Masculino,Boston,Bajo,0.0,0.0,Sí,Sí,Pescado,No,No registrado,kenneth91@example.net,App,906,31-45
7227593033,Kristin,Bean,24.0,Femenino,Boston,Medio,2.0,34.46,Sí,Sí,Vegetariano,No,No registrado,No registrado,Efectivo,3076,19-30
8698857403,Louis,Ramos,53.0,Masculino,Boston,Medio,3.0,13.73,No,Sí,Mariscos,No,No registrado,No registrado,Efectivo,1813,46-60
3115152817,Taylor,Gray,75.0,Femenino,Boston,Alto,5.0,19.8,No,No,Otro,Sí,6158249384,shawkathryn@example.org,Efectivo,7272,61-100
3790296564,Shannon,Sanchez,53.0,Femenino,Boston,Medio,3.0,14.83,Sí,Sí,Mariscos,No,No registrado,No registrado,Efectivo,3274,46-60
3895286342,Felicia,Lopez,74.0,Femenino,Boston,Bajo,2.0,5.12,Sí,Sí,Carnes,No,No registrado,No registrado,App,823,61-100
6434290701,Michael,White,36.0,Masculino,Boston,Alto,6.0,33.8,Sí,Sí,Vegetariano,Sí,7982925896,william75@example.org,App,7297,31-45
4012497650,Sarah,Hill,31.0,Femenino,Boston,Bajo,1.0,11.66,No,Sí,Vegetariano,No,(965)357-7816x0441,No registrado,Efectivo,1158,31-45
7877176650,Taylor,Mendez,27.0,Femenino,Boston,Medio,2.0,34.75,Sí,Sí,Mariscos,No,001-596-549-8788x140,No registrado,App,2533,19-30
1344385139,Casey,Green,35.0,Masculino,Boston,Alto,6.0,16.26,Sí,Sí,Mariscos,No,918-678-7542x7540,No registrado,Tarjeta,5307,31-45
7458879423,Pamela,Wright,20.0,Femenino,Boston,Alto,5.0,55.4,No,Sí,Carnes,Sí,No registrado,No registrado,Tarjeta,4049,19-30
8634986773,Adam,Kelley,42.0,Masculino,Boston,Muy Alto,5.0,101.89,No,No,Vegano,Sí,No registrado,shane46@example.net,App,16585,31-45
3835386061,Margaret,Duke,52.0,Femenino,Boston,Alto,6.0,58.08,No,Sí,Vegetariano,Sí,No registrado,mejiacassandra@example.com,App,4106,46-60
8295971445,Clayton,Martinez,50.0,Masculino,Boston,Bajo,2.0,8.74,No,No,Mariscos,No,No registrado,No registrado,Tarjeta,909,46-60
7331154985,Jimmy,Morris,79.0,Masculino,Boston,Muy Alto,8.0,104.13,No,Sí,Vegetariano,Sí,905.806.4301x752,No registrado,App,14349,61-100
9529908424,Brian,Chavez,41.0,Masculino,Boston,Bajo,3.0,9.54,No,No,Mariscos,No,438-911-5526,No registrado,App,962,31-45
5264686600,Patricia,Rogers,70.0,Femenino,Boston,Alto,6.0,14.32,Sí,Sí,Vegano,Sí,(889)616-4046x46651,No registrado,Efectivo,5977,61-100
3040880495,Yesenia,Mack,29.0,Femenino,Boston,Muy Alto,5.0,103.94,Sí,Sí,Vegetariano,Sí,No registrado,pattersondanielle@example.org,App,14136,19-30
6923893872,Sean,Mckinney,27.0,Masculino,Boston,Alto,4.0,40.15,No,Sí,Carnes,No,001-610-547-1607,No registrado,Tarjeta,4391,19-30
6779237855,Betty,Woods,28.0,Femenino,Boston,Bajo,0.0,0.0,No,Sí,Vegetariano,No,No registrado,dawnmarquez@example.net,Efectivo,1188,19-30
1305829255,Sarah,Brown,40.0,Femenino,Boston,Muy Alto,6.0,12.87,Sí,Sí,Vegetariano,Sí,001-743-467-7759x7089,brittany48@example.net,Tarjeta,10153,31-45
6647456708,Kelly,Morales,41.0,Femenino,Boston,Muy Alto,8.0,63.93,Sí,Sí,Pescado,Sí,No registrado,No registrado,Tarjeta,13187,31-45
5223861639,Kevin,Lucas,33.0,Masculino,Boston,Medio,3.0,27.07,No,No,Carnes,No,+1-884-519-4675x032,No registrado,App,2331,31-45
4507092820,Curtis,Carter,46.0,Masculino,Boston,Bajo,2.0,5.38,Sí,Sí,Vegetariano,No,3128178224,karen91@example.org,App,1317,46-60
2806638735,Evan,Potter,62.0,Masculino,Boston,Alto,5.0,36.13,No,No,Mariscos,Sí,No registrado,mark06@example.net,Tarjeta,7009,61-100
5233512007,Frank,Aguirre,62.0,Masculino,Boston,Bajo,0.0,0.0,No,Sí,Vegetariano,No,No registrado,No registrado,Tarjeta,992,61-100
4292053797,Jeremy,Clark,72.0,Masculino,Boston,Alto,4.0,53.19,No,No,Vegano,Sí,No registrado,stanley30@example.com,Efectivo,6861,61-100
4835847054,Pamela,Martin,59.0,Femenino,Boston,Muy Alto,5.0,72.5,Sí,Sí,Vegetariano,Sí,No registrado,juarezshannon@example.org,Efectivo,17619,46-60
9370133032,Heather,Holloway,75.0,Femenino,Boston,Muy Alto,8.0,73.73,Sí,Sí,Otro,Sí,No registrado,todd24@example.net,Efectivo,12499,61-100
8428017178,Brady,Cochran,75.0,Masculino,Boston,Medio,3.0,30.53,No,No,Carnes,No,No registrado,No registrado,Tarjeta,2969,61-100
4273030968,Christopher,Acosta,78.0,Masculino,Boston,Medio,5.0,33.51,No,No,Vegetariano,Sí,(360)789-8833x391,No registrado,Tarjeta,2055,61-100
8507497883,Samuel,Thomas,67.0,Masculino,Boston,Alto,5.0,29.48,Sí,Sí,Vegetariano,Sí,751.756.3515x3115,christinejones@example.net,Efectivo,7989,61-100
4643576871,Judith,Beasley,29.0,Femenino,Boston,Alto,4.0,48.03,No,Sí,Mariscos,Sí,No registrado,No registrado,Efectivo,6011,19-30
3278071297,Lonnie,Chapman,45.0,Masculino,Boston,Muy Alto,6.0,28.71,Sí,No,Pescado,Sí,No registrado,brendaroberts@example.org,Tarjeta,12050,31-45
6972951230,Jason,Delgado,54.0,Masculino,Boston,Alto,6.0,44.96,No,Sí,Vegetariano,Sí,+1-781-649-8216x2482,marcwilliams@example.net,App,4870,46-60
7262510377,Jasmine,Reed,23.0,Femenino,Boston,Alto,6.0,40.78,No,Sí,Mariscos,Sí,No registrado,fcrawford@example.org,App,8244,19-30
7151725654,Michael,Martin,69.0,Masculino,Boston,Medio,3.0,7.29,Sí,Sí,Mariscos,No,200.308.3851,No registrado,App,2010,61-100
5243233430,John,Robinson,34.0,Masculino,Boston,Alto,5.0,51.32,No,Sí,Carnes,Sí,No registrado,No registrado,Tarjeta,4168,31-45
1379874179,Joseph,Liu,56.0,Masculino,Boston,Alto,6.0,10.3,Sí,Sí,Vegano,Sí,No registrado,No registrado,Efectivo,4576,46-60
9558918846,Charles,Beasley,72.0,Masculino,Boston,Muy Alto,7.0,16.09,Sí,Sí,Otro,Sí,+1-723-467-2546x6184,cynthia37@example.org,Efectivo,9501,61-100
9318010743,Christina,Castillo,54.0,Femenino,Boston,Bajo,2.0,8.65,No,Sí,Carnes,No,No registrado,ataylor@example.com,Tarjeta,1052,46-60
8405290236,Heidi,Richardson,58.0,Femenino,Boston,Medio,3.0,9.52,No,Sí,Pescado,No,452-585-4387x291,No registrado,Efectivo,1706,46-60
8840095562,Stanley,Nguyen,52.0,Masculino,Boston,Bajo,0.0,0.0,Sí,Sí,Pescado,No,624-987-5950x3038,mayjuan@example.com,Efectivo,1189,46-60
3054327418,Phillip,Hall,79.0,Masculino,Boston,Bajo,1.0,13.62,No,Sí,Mariscos,No,552.667.7949x3640,markarnold@example.com,App,875,61-100
9213063154,Samantha,Walker,20.0,Femenino,Boston,Medio,4.0,11.98,No,Sí,Vegetariano,No,No registrado,No registrado,Tarjeta,1928,19-30
9500090525,Felicia,Solomon,53.0,Femenino,Boston,Bajo,0.0,0.0,No,No,Vegetariano,No,(219)827-5624x522,No registrado,Tarjeta,1422,46-60
3917844895,Katherine,Scott,49.0,Femenino,Boston,Medio,5.0,31.43,Sí,No,Otro,No,+1-947-968-4285x93117,scottpope@example.org,Tarjeta,2966,46-60
1914493808,Denise,Crane,25.0,Femenino,Boston,Muy Alto,10.0,63.95,No,Sí,Vegetariano,Sí,+1-739-395-4598x5451,No registrado,App,11489,19-30
8124842881,Michelle,Horton,51.0,Femenino,Boston,Bajo,3.0,14.14,No,No,Otro,No,No registrado,No registrado,App,855,46-60
1919058248,Paul,Ward,50.0,Masculino,Boston,Muy Alto,5.0,16.86,No,Sí,Mariscos,Sí,No registrado,jamesdaniels@example.org,App,15797,46-60
7501225367,Jaime,Gregory,67.0,Femenino,Boston,Muy Alto,7.0,49.64,Sí,Sí,Pescado,Sí,No registrado,No registrado,Tarjeta,14611,61-100
6826129434,Megan,Russell,46.0,Femenino,Boston,Medio,3.0,7.2,No,Sí,Pescado,No,No registrado,walkerwilliam@example.net,App,2330,46-60
1830728880,Kevin,Jackson,68.0,Masculino,Boston,Medio,5.0,9.82,Sí,Sí,Vegetariano,No,001-664-872-1849x460,No registrado,Tarjeta,3131,61-100
2621028147,Eddie,Lee,48.0,Masculino,Boston,Medio,3.0,11.77,Sí,Sí,Vegetariano,No,001-862-629-8852x8541,No registrado,Efectivo,2503,46-60
6947471083,Nicholas,Martin,22.0,Masculino,Boston,Bajo,1.0,12.56,No,Sí,Mariscos,No,001-318-591-7440x7568,bstuart@example.com,App,1017,19-30
1870644102,Alex,Heath,74.0,Masculino,Boston,Medio,2.0,28.74,No,No,Pescado,No,(227)320-3189,kdavis@example.com,App,1788,61-100
2953462417,Ralph,Brooks,26.0,Masculino,Boston,Alto,5.0,50.04,Sí,Sí,Vegetariano,No,785-966-4963x44067,No registrado,App,5160,19-30
5034722983,Tanya,Fisher,40.0,Femenino,Boston,Medio,2.0,11.34,Sí,No,Vegetariano,No,No registrado,hjenkins@example.net,Tarjeta,2817,31-45
6119842440,Keith,Montoya,77.0,Masculino,Boston,Bajo,1.0,6.77,Sí,No,Carnes,No,772-951-9026,No registrado,Efectivo,1580,61-100
4765931982,Sean,Smith,51.0,Masculino,Boston,Alto,5.0,60.16,No,Sí,Mariscos,No,8358263949,leekelly@example.net,App,4698,46-60
9016884525,Kristin,Rodriguez,34.0,Femenino,Boston,Alto,6.0,44.94,Sí,Sí,Vegano,No,No registrado,No registrado,Tarjeta,7929,31-45
8558936248,Katherine,Johnson,70.0,Femenino,Boston,Muy Alto,10.0,61.82,Sí,Sí,Carnes,Sí,No registrado,christina27@example.net,App,10959,61-100
1221171229,Daniel,Green,47.0,Masculino,Boston,Alto,6.0,63.46,No,Sí,Pescado,Sí,No registrado,No registrado,Tarjeta,5567,46-60
4067537696,Carolyn,Collins,26.0,Femenino,Boston,Bajo,3.0,13.91,No,Sí,Carnes,No,No registrado,julie92@example.net,Tarjeta,993,19-30
8108704549,Kenneth,Franklin,58.0,Masculino,Boston,Alto,5.0,52.03,Sí,No,Vegetariano,No,No registrado,No registrado,Tarjeta,8893,46-60
8182649048,Craig,Hall,65.0,Masculino,Boston,Muy Alto,6.0,88.1,Sí,Sí,Vegetariano,Sí,No registrado,gregorythompson@example.net,Tarjeta,9564,61-100
3442561079,Jordan,Skinner,66.0,Masculino,Boston,Bajo,3.0,11.47,Sí,No,Mariscos,No,6608902582,cameroncarter@example.net,App,1574,61-100
4731352882,Austin,Robertson,67.0,Masculino,Boston,Bajo,2.0,10.75,Sí,Sí,Pescado,No,No registrado,No registrado,Criptomoneda,1254,61-100
1556796479,Christy,Wright,43.0,Femenino,Boston,Bajo,2.0,10.16,Sí,Sí,Mariscos,No,No registrado,nicole94@example.com,Efectivo,971,31-45
2928990967,Rodney,Chavez,42.0,Masculino,Boston,Alto,6.0,19.56,Sí,Sí,Mariscos,Sí,3253419005,wilsonmelissa@example.net,Tarjeta,8157,31-45
7154120953,Michael,Lane,57.0,Masculino,Boston,Alto,5.0,43.7,Sí,No,Carnes,Sí,2555367166,No registrado,App,8557,46-60
4862109313,Kenneth,Vaughn,69.0,Masculino,Boston,Medio,4.0,16.85,Sí,No,Vegetariano,No,No registrado,No registrado,Tarjeta,2620,61-100
5639330551,Stephen,Gonzalez,31.0,Masculino,Boston,Alto,5.0,58.36,No,Sí,Vegetariano,No,4346949995,jeremygraham@example.com,Efectivo,5165,31-45
9670967243,Michael,Bond,21.0,Masculino,Boston,Alto,4.0,16.5,Sí,Sí,Carnes,No,(925)446-4750x813,reginaosborne@example.org,Tarjeta,3740,19-30
5554499072,Jason,Simmons,70.0,Masculino,Boston,Medio,2.0,17.87,Sí,Sí,Mariscos,No,No registrado,shanejohnson@example.com,Efectivo,2041,61-100
1505595570,Cindy,Hall,30.0,Femenino,Boston,Alto,5.0,46.73,No,Sí,Carnes,Sí,9107047188,No registrado,Tarjeta,8670,19-30
7625464411,Tracy,Bradshaw,47.0,Femenino,Boston,Medio,3.0,17.57,No,No,Vegano,No,No registrado,No registrado,App,2109,46-60
3483375742,Michelle,Miller,41.0,Femenino,Boston,Medio,2.0,19.61,No,No,Vegano,No,No registrado,jennifer13@example.com,App,2429,31-45
2825989011,Alvin,Wright,21.0,Masculino,Boston,Bajo,0.0,0.0,No,Sí,Otro,No,360.230.2625x83648,No registrado,Tarjeta,1130,19-30
2891100776,Leslie,Caldwell,52.0,Femenino,Boston,Medio,4.0,22.86,No,No,Vegano,No,No registrado,anthony51@example.org,Tarjeta,2676,46-60
6531536539,Jocelyn,Combs,44.0,Femenino,Boston,Bajo,0.0,0.0,Sí,No,Pescado,No,No registrado,No registrado,Tarjeta,934,31-45
6311714868,Eric,Myers,59.0,Masculino,Boston,Bajo,0.0,0.0,Sí,Sí,Vegetariano,No,283-834-1948x418,No registrado,Tarjeta,1191,46-60
7003643185,Mark,Riley,28.0,Masculino,Boston,Muy Alto,9.0,61.89,Sí,Sí,Pescado,Sí,No registrado,johnparks@example.org,Efectivo,15363,19-30
7133865128,Karla,Patterson,25.0,Femenino,Boston,Medio,2.0,12.74,Sí,Sí,Otro,No,001-468-941-9833x3881,hallmark@example.org,Tarjeta,3099,19-30
6910112521,Catherine,King,18.0,Femenino,Boston,Medio,5.0,27.85,Sí,Sí,Mariscos,No,No registrado,frogers@example.net,Efectivo,2733,0-18
1723704269,Frank,Wyatt,67.0,Masculino,Boston,Bajo,2.0,5.06,No,Sí,Mariscos,No,383-900-6773,mariahayden@example.com,App,1558,61-100
8603659955,Erika,Turner,30.0,Femenino,Boston,Alto,4.0,46.11,Sí,Sí,Carnes,Sí,695.855.4331,rodriguezcharles@example.com,Efectivo,7650,19-30
3154408791,Wendy,Schmidt,68.0,Femenino,Boston,Muy Alto,6.0,97.65,No,Sí,Vegetariano,Sí,No registrado,No registrado,Efectivo,16286,61-100
4644688162,Seth,Ray,30.0,Masculino,Boston,Muy Alto,5.0,76.41,Sí,No,Pescado,Sí,(985)356-8958x231,myersjasmine@example.org,Efectivo,9462,19-30
1962960506,Charles,Novak,72.0,Masculino,Boston,Alto,5.0,23.78,Sí,Sí,Otro,No,232-727-7369x9282,No registrado,Efectivo,4577,61-100
4395917348,Amy,Francis,79.0,Femenino,Boston,Bajo,2.0,9.19,Sí,Sí,Mariscos,No,No registrado,lisa16@example.net,Tarjeta,1183,61-100
9004637279,Nicholas,Ford,51.0,Masculino,Boston,Muy Alto,6.0,33.35,No,Sí,Carnes,Sí,No registrado,No registrado,Efectivo,14001,46-60
3896188979,Kelly,Yoder,48.0,Femenino,Boston,Bajo,2.0,12.71,No,Sí,Pescado,No,578.623.9412x339,derrick63@example.org,App,1028,46-60
9736931183,Matthew,Mitchell,59.0,Masculino,Boston,Muy Alto,9.0,18.37,Sí,Sí,Carnes,Sí,409.908.1291x873,No registrado,Tarjeta,13163,46-60
4633987776,Debra,King,41.0,Femenino,Boston,Bajo,1.0,10.2,Sí,Sí,Vegano,No,573-571-3935x6889,jonathanhart@example.com,Tarjeta,1551,31-45
2460579054,Samantha,Dominguez,63.0,Femenino,Boston,Muy Alto,6.0,85.78,Sí,Sí,Mariscos,Sí,+1-447-275-4375x105,martineric@example.net,App,9260,61-100
9314122412,Debra,Davis,60.0,Femenino,Boston,Alto,4.0,55.32,No,Sí,Carnes,No,+1-845-964-2089x277,eugene27@example.org,Efectivo,6028,46-60
8991695305,Jeremy,Wright,38.0,Masculino,Boston,Alto,4.0,29.24,Sí,Sí,Carnes,Sí,936-828-2180x19578,No registrado,Criptomoneda,8497,31-45
9790972796,James,Perez,22.0,Masculino,Boston,Muy Alto,8.0,21.64,No,Sí,Pescado,Sí,No registrado,No registrado,Tarjeta,14959,19-30
5928550814,Cassandra,Rojas,26.0,Femenino,Boston,Muy Alto,5.0,17.4,No,Sí,Vegetariano,Sí,907-721-6022,No registrado,Efectivo,16348,19-30
5292427314,Monique,Gutierrez,42.0,Femenino,Boston,Bajo,2.0,6.82,Sí,No,Mariscos,No,No registrado,kelly58@example.com,Criptomoneda,1046,31-45
6974315572,Jacqueline,Martinez,21.0,Femenino,Boston,Medio,3.0,17.23,No,Sí,Mariscos,No,+1-563-608-4481x11856,crystalsmith@example.org,App,2283,19-30
4963756929,Mark,Small,77.0,Masculino,Boston,Medio,3.0,11.49,Sí,No,Mariscos,No,No registrado,lorrainebradley@example.net,App,2407,61-100
8615599166,Christopher,Holden,55.0,Masculino,Boston,Alto,6.0,22.74,Sí,No,Carnes,Sí,No registrado,melissa09@example.net,Tarjeta,4590,46-60
3329859003,Tiffany,Hunter,42.0,Femenino,Boston,Alto,5.0,47.52,Sí,No,Carnes,Sí,No registrado,No registrado,Efectivo,4521,31-45
1683832465,Marilyn,Miller,40.0,Femenino,Boston,Bajo,1.0,14.73,Sí,No,Vegetariano,No,626-817-0367x02231,rebekah59@example.org,App,901,31-45
3313346852,Cassie,Sanchez,63.0,Femenino,Boston,Muy Alto,6.0,67.47,Sí,Sí,Otro,Sí,+1-985-385-7492,amypearson@example.com,Efectivo,16623,61-100
2816208531,Ryan,Vasquez,53.0,Masculino,Boston,Muy Alto,10.0,52.89,Sí,No,Vegetariano,Sí,No registrado,ann44@example.org,Efectivo,12085,46-60
4189376783,Kurt,Mason,23.0,Masculino,Boston,Medio,2.0,21.48,No,No,Otro,No,No registrado,cameronsarah@example.com,Efectivo,2962,19-30
5901185070,Michelle,Nelson,37.0,Femenino,Boston,Alto,4.0,64.38,Sí,Sí,Pescado,Sí,No registrado,No registrado,App,4661,31-45
1687312201,Isaiah,Roy,24.0,Masculino,Boston,Muy Alto,8.0,72.81,No,Sí,Carnes,Sí,No registrado,alexknox@example.com,App,9611,19-30
4759198356,Matthew,Frank,63.0,Masculino,Boston,Medio,4.0,30.17,No,Sí,Mariscos,No,No registrado,juliefoster@example.org,Efectivo,2190,61-100
9802135387,Matthew,Lopez,23.0,Masculino,Boston,Muy Alto,5.0,60.63,Sí,Sí,Mariscos,Sí,No registrado,No registrado,Efectivo,15062,19-30
7865754036,Kevin,Campos,30.0,Masculino,Boston,Medio,2.0,30.08,Sí,No,Carnes,No,No registrado,royfernandez@example.org,Tarjeta,2185,19-30
7838535500,Kevin,Watson,61.0,Masculino,Boston,Alto,4.0,20.51,No,Sí,Pescado,Sí,801.357.6409x98727,No registrado,Efectivo,4471,61-100
5873724490,Richard,Morton,64.0,Masculino,Boston,Bajo,0.0,0.0,Sí,Sí,Pescado,No,001-537-426-4807x198,No registrado,Efectivo,1435,61-100
5546230531,Tiffany,Erickson,28.0,Femenino,Boston,Alto,6.0,17.17,No,Sí,Pescado,Sí,No registrado,No registrado,Efectivo,8954,19-30
5039313011,Donald,Lucas,43.0,Masculino,Boston,Bajo,2.0,6.62,No,Sí,Mariscos,No,829.485.4039x2319,No registrado,Efectivo,1238,31-45
9424206147,Lydia,Norman,41.0,Femenino,Boston,Muy Alto,6.0,6.33,No,Sí,Mariscos,Sí,No registrado,No registrado,Efectivo,17302,31-45
1435599182,Benjamin,Bruce,18.0,Masculino,Boston,Alto,4.0,6.4,Sí,Sí,Pescado,Sí,No registrado,No registrado,App,6503,0-18
3060786466,Ronald,Jenkins,33.0,Masculino,Boston,Bajo,3.0,6.48,Sí,Sí,Vegetariano,No,657.549.9901,No registrado,Efectivo,1086,31-45
5013062529,Mitchell,Edwards,18.0,Masculino,Boston,Alto,5.0,26.14,No,Sí,Carnes,Sí,659-301-0004x4072,robert07@example.com,Tarjeta,5971,0-18
9785620510,Sheila,Reed,32.0,Femenino,Boston,Alto,6.0,58.19,No,Sí,Carnes,Sí,338.325.1304,No registrado,App,7281,31-45
3157139823,Karen,Gibson,23.0,Femenino,Boston,Alto,5.0,63.7,No,Sí,Vegetariano,Sí,+1-235-592-0475x473,No registrado,App,8431,19-30
9290597522,Jennifer,Gonzalez,50.0,Femenino,Boston,Muy Alto,7.0,77.9,Sí,No,Pescado,Sí,261.204.7286x00998,zbaldwin@example.org,Tarjeta,10861,46-60
7628981661,Tony,Garner,51.0,Masculino,Boston,Muy Alto,7.0,76.98,Sí,Sí,Vegano,Sí,No registrado,No registrado,Efectivo,17445,46-60
3799620568,Laura,Marshall,30.0,Femenino,Boston,Alto,4.0,39.97,No,Sí,Vegetariano,Sí,No registrado,barnescharles@example.com,App,6387,19-30
8550234938,Michael,Moore,58.0,Masculino,Boston,Muy Alto,10.0,40.5,Sí,Sí,Vegano,Sí,No registrado,smarshall@example.org,Tarjeta,11103,46-60
1265710412,Joshua,West,36.0,Masculino,Boston,Medio,2.0,8.06,No,Sí,Pescado,No,677-247-7509x04883,jon05@example.net,Efectivo,1702,31-45
1260090490,Amber,Miller,22.0,Femenino,Boston,Bajo,3.0,13.06,Sí,Sí,Carnes,No,No registrado,bishopamanda@example.com,Efectivo,1454,19-30
4889865894,Christine,Gould,43.0,Femenino,Boston,Medio,3.0,7.72,Sí,No,Carnes,No,272-299-8865x66298,No registrado,Tarjeta,2845,31-45
6740639006,Deanna,Jones,35.0,Femenino,Boston,Alto,4.0,24.7,Sí,No,Vegano,No,No registrado,mpierce@example.org,App,5968,31-45
1141131770,Amber,Thornton,30.0,Femenino,Boston,Alto,4.0,47.34,Sí,Sí,Mariscos,Sí,No registrado,patricia33@example.com,Tarjeta,4583,19-30
1450048462,Michael,Bowen,40.0,Masculino,Boston,Bajo,0.0,0.0,No,Sí,Pescado,No,No registrado,walkerrachel@example.org,Tarjeta,981,31-45
6319049305,Renee,Perez,46.0,Femenino,Boston,Alto,6.0,58.1,No,No,Vegano,No,No registrado,No registrado,Efectivo,7056,46-60
8282556977,Juan,Castillo,80.0,Masculino,Boston,Bajo,2.0,12.48,No,No,Pescado,No,+1-447-509-9424x854,blarson@example.org,Efectivo,1008,61-100
9605962661,Collin,Owens,68.0,Masculino,Boston,Bajo,3.0,5.54,No,Sí,Carnes,No,No registrado,No registrado,Efectivo,1523,61-100
2567069461,Jessica,Miller,36.0,Femenino,Boston,Alto,4.0,40.14,Sí,No,Carnes,No,No registrado,No registrado,Tarjeta,8762,31-45
4939073335,Brittney,Monroe,23.0,Femenino,Boston,Alto,6.0,15.78,Sí,Sí,Vegano,No,8467163396,wrightmatthew@example.org,App,5098,19-30
8873136912,Joseph,Bryant,80.0,Masculino,Boston,Alto,4.0,29.78,No,No,Mariscos,Sí,477.884.1902x25989,No registrado,Tarjeta,5666,61-100
5625980561,Keith,Smith,47.0,Masculino,Boston,Muy Alto,10.0,27.84,Sí,Sí,Vegetariano,Sí,816-990-9732x851,No registrado,Efectivo,11465,46-60
3834003721,Kyle,Boyd,56.0,Masculino,Boston,Alto,5.0,21.22,No,Sí,Carnes,No,No registrado,No registrado,App,7617,46-60
5528515513,Anna,Middleton,39.0,Femenino,Boston,Alto,5.0,25.91,Sí,Sí,Carnes,Sí,No registrado,No registrado,Tarjeta,4789,31-45
8993998614,Jaime,Jensen,41.0,Femenino,Boston,Alto,4.0,63.31,Sí,Sí,Vegano,Sí,449-983-7285x60927,crobinson@example.com,Tarjeta,7713,31-45
2451560833,Nichole,Garza,56.0,Femenino,Boston,Medio,5.0,14.85,No,Sí,Pescado,No,+1-432-334-3587x8415,zgraham@example.org,Efectivo,3416,46-60
9386353333,Lauren,Garza,18.0,Femenino,Boston,Alto,6.0,51.56,No,Sí,Vegano,Sí,No registrado,davisjoy@example.com,App,5071,0-18
1193192782,Sue,Lopez,56.0,Femenino,Boston,Bajo,0.0,0.0,Sí,No,Pescado,No,No registrado,fweaver@example.org,Efectivo,1348,46-60
2526740630,Gregory,Mcfarland,41.0,Masculino,Boston,Alto,5.0,18.02,Sí,No,Mariscos,Sí,6209749977,amandarodriguez@example.net,App,4059,31-45
2853798776,Sheena,Mullen,48.0,Femenino,Boston,Bajo,0.0,0.0,No,No,Vegetariano,No,No registrado,dianedavis@example.com,App,1461,46-60
1074956061,Maria,Bradley,41.0,Femenino,Boston,Bajo,3.0,8.93,Sí,No,Mariscos,No,No registrado,hineskelly@example.com,Tarjeta,1175,31-45
8723546244,Latoya,Glass,47.0,Femenino,Boston,Alto,4.0,23.73,No,No,Vegetariano,Sí,No registrado,patrick76@example.com,Tarjeta,4964,46-60
3515885743,Kelly,Cunningham,27.0,Femenino,Boston,Muy Alto,9.0,70.34,No,Sí,Mariscos,Sí,(202)863-0876x32710,No registrado,Tarjeta,15537,19-30
5369603494,Lorraine,Clark,58.0,Femenino,Boston,Alto,5.0,10.13,Sí,Sí,Carnes,Sí,753.468.4212,No registrado,Tarjeta,7597,46-60
3232534016,Luis,Casey,51.0,Masculino,Boston,Muy Alto,7.0,15.1,No,No,Vegetariano,Sí,No registrado,No registrado,App,15735,46-60
1504551316,Sean,Shannon,51.0,Masculino,Boston,Alto,4.0,19.74,No,Sí,Carnes,Sí,No registrado,garzasusan@example.net,App,6710,46-60
3912912275,Tyler,Contreras,47.0,Masculino,Boston,Alto,4.0,11.65,Sí,Sí,Vegetariano,Sí,No registrado,No registrado,Criptomoneda,8867,46-60
7974550456,Emily,Cook,18.0,Femenino,Boston,Muy Alto,9.0,87.3,Sí,No,Pescado,Sí,770.440.8251,bmejia@example.org,Tarjeta,14349,0-18
7561728644,Martin,Medina,79.0,Masculino,Boston,Medio,4.0,28.92,No,No,Pescado,Sí,891.578.5705,brownrussell@example.com,App,3177,61-100
3620974404,Debra,Medina,65.0,Femenino,Boston,Medio,2.0,9.07,No,Sí,Mariscos,No,(690)300-9279x26543,maria72@example.com,Efectivo,1951,61-100
6597469534,Charles,Jordan,59.0,Masculino,Boston,Muy Alto,6.0,54.54,Sí,Sí,Vegetariano,Sí,No registrado,No registrado,Criptomoneda,16858,46-60
2085428285,Eugene,Lam,54.0,Masculino,Boston,Alto,5.0,60.92,No,No,Mariscos,Sí,No registrado,No registrado,Efectivo,8472,46-60
7473962852,Aaron,Dyer,59.0,Masculino,Boston,Alto,4.0,26.13,Sí,Sí,Pescado,No,No registrado,No registrado,App,6505,46-60
3496700206,Alexander,Turner,63.0,Masculino,Boston,Alto,6.0,28.85,No,No,Carnes,No,No registrado,No registrado,Efectivo,6159,61-100
2338196008,John,Kelley,42.0,Masculino,Boston,Alto,5.0,19.51,Sí,No,Vegetariano,Sí,No registrado,timothyedwards@example.net,Tarjeta,6447,31-45
6952291828,Patrick,Braun,21.0,Masculino,Boston,Medio,4.0,32.32,Sí,Sí,Vegetariano,No,No registrado,No registrado,Tarjeta,3350,19-30
8582922301,Pamela,Turner,73.0,Femenino,Boston,Medio,5.0,19.66,Sí,Sí,Vegetariano,Sí,788.571.4749x4336,kristen65@example.net,Efectivo,2279,61-100
1936045542,Lisa,Glover,65.0,Femenino,Boston,Muy Alto,9.0,21.47,No,No,Pescado,Sí,No registrado,miguelmyers@example.org,Efectivo,13033,61-100
9672353742,Daniel,Jimenez,63.0,Masculino,Boston,Medio,4.0,15.15,No,Sí,Carnes,No,223.941.5764x89314,No registrado,Efectivo,2799,61-100
5778781449,Adrian,Ford,19.0,Masculino,Boston,Medio,2.0,16.65,Sí,Sí,Otro,No,No registrado,No registrado,Tarjeta,3251,19-30
6596147038,Jose,Burke,21.0,Masculino,Boston,Muy Alto,8.0,74.52,Sí,Sí,Vegetariano,Sí,No registrado,No registrado,Efectivo,16640,19-30
3109254172,Jeffrey,Jackson,37.0,Masculino,Boston,Muy Alto,6.0,85.08,No,No,Carnes,Sí,No registrado,elizabeth10@example.com,Tarjeta,10040,31-45
6573353634,Nancy,Small,47.0,Femenino,Boston,Alto,5.0,7.15,Sí,Sí,Carnes,Sí,No registrado,No registrado,Efectivo,4910,46-60
9008878076,Eddie,Hill,70.0,Masculino,Boston,Bajo,0.0,0.0,No,Sí,Carnes,No,001-793-973-6484x63917,lmatthews@example.com,App,1199,61-100
2260326267,Bradley,Glover,19.0,Masculino,Boston,Medio,3.0,18.43,Sí,Sí,Otro,No,909.681.3728x59521,patelmonica@example.org,App,2546,19-30
6715727186,Elizabeth,Carter,52.0,Femenino,Boston,Medio,5.0,11.52,No,Sí,Vegetariano,No,(409)922-5007x491,joseph63@example.com,App,2130,46-60
9720251066,Michael,White,29.0,Masculino,Boston,Alto,6.0,53.29,No,No,Vegetariano,Sí,641-244-3577,mary19@example.org,App,5014,19-30
6072026321,Colin,Nunez,21.0,Masculino,Boston,Muy Alto,7.0,36.6,No,Sí,Carnes,Sí,(383)968-3178,grocha@example.net,App,10311,19-30
2775719463,Michael,Walker,28.0,Masculino,Boston,Medio,2.0,34.76,Sí,Sí,Vegano,No,No registrado,rebeccamcguire@example.org,Tarjeta,2445,19-30
7790112950,Jennifer,Duran,30.0,Femenino,Boston,Alto,4.0,64.96,Sí,Sí,Mariscos,No,(506)610-1386x8080,No registrado,App,6805,19-30
9832815862,Eric,Brown,53.0,Masculino,Boston,Medio,5.0,32.15,Sí,Sí,Vegetariano,No,(695)724-7450x48616,jill62@example.net,Tarjeta,1950,46-60
6555733635,Donald,Hart,56.0,Masculino,Boston,Bajo,2.0,13.07,No,No,Pescado,No,251.217.0418x105,woodskayla@example.net,Tarjeta,1236,46-60
5446846255,Roy,Black,68.0,Masculino,Boston,Alto,5.0,34.33,No,Sí,Vegetariano,Sí,No registrado,No registrado,App,5949,61-100
4555467593,Heather,Garrison,33.0,Femenino,Boston,Alto,5.0,23.03,No,No,Carnes,Sí,327-322-1069x7311,No registrado,Efectivo,4720,31-45
3556672800,Carrie,Holloway,45.0,Femenino,Boston,Medio,3.0,8.16,Sí,No,Vegetariano,No,No registrado,candace14@example.org,App,1731,31-45
3319835182,Karen,Hill,64.0,Femenino,Boston,Alto,5.0,29.02,Sí,Sí,Mariscos,No,(645)268-0402,No registrado,Tarjeta,8617,61-100
8383551772,Gail,Hoffman,36.0,Femenino,Boston,Bajo,2.0,13.98,No,Sí,Vegano,No,No registrado,kinggregory@example.com,Tarjeta,1236,31-45
7877763708,Larry,Maxwell,22.0,Masculino,Boston,Muy Alto,9.0,23.72,Sí,Sí,Vegano,Sí,No registrado,gonzalescharles@example.org,Efectivo,12609,19-30
1445951258,Daniel,Morton,28.0,Masculino,Boston,Medio,5.0,7.7,No,Sí,Otro,No,587-340-7480x46711,ashleymcgee@example.org,App,3166,19-30
8279035398,Joanne,Lane,78.0,Femenino,Boston,Medio,3.0,30.96,No,No,Mariscos,Sí,308.260.2186x67725,matthewcook@example.net,App,2209,61-100
7394477978,Jason,Nelson,71.0,Masculino,Boston,Medio,3.0,26.4,Sí,Sí,Mariscos,No,001-783-319-5016x67875,qhunter@example.org,App,1631,61-100
7166336937,Donald,Roberts,18.0,Masculino,Boston,Muy Alto,10.0,58.63,No,No,Mariscos,Sí,No registrado,lopezalexander@example.com,Tarjeta,9578,0-18
6210631836,Trevor,Cox,18.0,Masculino,Boston,Muy Alto,9.0,104.6,Sí,Sí,Vegano,Sí,No registrado,fclark@example.com,Tarjeta,13790,0-18
8737025391,Jennifer,Gillespie,31.0,Femenino,Boston,Medio,4.0,13.69,Sí,Sí,Carnes,No,+1-947-357-9841x71817,No registrado,Efectivo,1977,31-45
2121869776,Kevin,Adams,27.0,Masculino,Boston,Medio,5.0,34.23,No,No,Vegetariano,No,+1-672-632-8281,No registrado,Tarjeta,2033,19-30
6006121459,Daniel,Brown,36.0,Masculino,Boston,Alto,4.0,29.21,Sí,Sí,Mariscos,Sí,962.507.1372,No registrado,App,7367,31-45
8779561257,Vincent,Harris,46.0,Masculino,Boston,Alto,6.0,54.42,Sí,Sí,Mariscos,Sí,(751)994-8486x606,No registrado,App,4255,46-60
8144889126,Theresa,Hodge,19.0,Femenino,Boston,Muy Alto,10.0,76.6,No,Sí,Mariscos,Sí,(440)384-4914x531,hannah44@example.org,Tarjeta,11714,19-30
7255785422,Sarah,Ellis,26.0,Femenino,Boston,Muy Alto,9.0,89.8,No,Sí,Vegetariano,Sí,+1-760-780-1307,thomaswilliams@example.com,App,11870,19-30
3675937244,Tracey,Simmons,35.0,Femenino,Boston,Bajo,0.0,0.0,Sí,No,Vegano,No,No registrado,No registrado,Tarjeta,1454,31-45
5867805724,Ryan,Turner,61.0,Masculino,Boston,Muy Alto,5.0,41.12,No,Sí,Vegetariano,Sí,No registrado,No registrado,Efectivo,14938,61-100
7756142058,Tammy,Holt,75.0,Femenino,Boston,Alto,6.0,31.4,Sí,Sí,Carnes,Sí,No registrado,No registrado,App,6368,61-100
6545719354,Julia,Rich,22.0,Femenino,Boston,Muy Alto,6.0,96.04,Sí,Sí,Vegetariano,Sí,265-349-3724x7023,No registrado,App,12836,19-30
8588846097,Andrew,Garza,53.0,Masculino,Boston,Muy Alto,5.0,32.82,Sí,No,Pescado,Sí,(270)471-2519x75252,phamjeffery@example.org,Tarjeta,14891,46-60
2167999540,Nicholas,Ellis,45.0,Masculino,Boston,Muy Alto,6.0,103.8,Sí,Sí,Carnes,Sí,No registrado,amber30@example.org,Tarjeta,14644,31-45
7327796724,David,Carpenter,45.0,Masculino,Boston,Medio,2.0,23.66,No,Sí,Mariscos,No,No registrado,No registrado,App,1868,31-45
7769329105,Latoya,Rivera,50.0,Femenino,Boston,Alto,6.0,18.39,Sí,Sí,Carnes,No,No registrado,No registrado,Efectivo,8107,46-60
6137417115,Gregory,Reed,40.0,Masculino,Boston,Bajo,2.0,10.69,No,Sí,Vegetariano,No,525-428-3395x446,No registrado,Efectivo,1461,31-45
1429130387,John,Mccoy,60.0,Masculino,Boston,Medio,3.0,21.75,No,Sí,Otro,No,(569)267-6422,No registrado,App,2771,46-60
9357902254,Brenda,Henry,31.0,Femenino,Boston,Medio,2.0,28.75,Sí,Sí,Vegetariano,No,572-234-6444x2740,No registrado,Tarjeta,2180,31-45
5570190774,Barbara,Sanders,42.0,Femenino,Boston,Medio,4.0,30.8,No,No,Vegetariano,No,No registrado,No registrado,App,2265,31-45
7242789730,Blake,Morrow,67.0,Masculino,Boston,Alto,5.0,21.8,No,Sí,Vegano,Sí,+1-451-257-0113x14916,No registrado,Efectivo,5443,61-100
7838911650,Robert,Green,24.0,Masculino,Boston,Medio,5.0,21.92,Sí,Sí,Vegetariano,No,No registrado,chad44@example.org,Efectivo,1765,19-30
2210365220,Meghan,Garcia,64.0,Femenino,Boston,Bajo,1.0,13.81,No,No,Mariscos,No,No registrado,maryramsey@example.com,Tarjeta,1238,61-100
7584026064,Lauren,Garcia,76.0,Femenino,Boston,Muy Alto,5.0,63.69,Sí,No,Vegetariano,Sí,No registrado,No registrado,Tarjeta,13442,61-100
7437168216,John,Acosta,34.0,Masculino,Boston,Bajo,3.0,7.07,No,No,Pescado,No,367.820.3849,No registrado,Efectivo,1064,31-45
8706093841,Amy,Sanchez,24.0,Femenino,Boston,Bajo,2.0,12.23,No,Sí,Carnes,No,No registrado,No registrado,Tarjeta,1554,19-30
8642627217,Timothy,Austin,58.0,Masculino,Boston,Alto,4.0,27.71,No,Sí,Carnes,No,No registrado,carolinebaker@example.net,Efectivo,7884,46-60
3410137282,John,Jackson,66.0,Masculino,Boston,Medio,3.0,18.07,Sí,Sí,Mariscos,No,No registrado,No registrado,App,2868,61-100
3025030698,Vanessa,Maldonado,41.0,Femenino,Boston,Alto,6.0,5.99,Sí,No,Carnes,Sí,(332)875-6770,ygarcia@example.org,Efectivo,6232,31-45
7913981293,Victoria,Gilbert,74.0,Femenino,Boston,Alto,4.0,16.13,No,Sí,Mariscos,Sí,+1-235-615-7073x14577,bethany60@example.org,App,5118,61-100
7181395301,Tara,Olsen,56.0,Femenino,Boston,Medio,3.0,33.52,No,Sí,Mariscos,No,690-504-5040,singletonpeter@example.net,Efectivo,2383,46-60
5004637881,Michael,Larsen,32.0,Masculino,Boston,Medio,5.0,13.14,No,Sí,Carnes,No,(918)370-3557,No registrado,App,2326,31-45
7798176861,Maureen,Gibbs,68.0,Femenino,Boston,Muy Alto,10.0,101.68,Sí,Sí,Pescado,Sí,No registrado,larryhendrix@example.org,App,10982,61-100
5226550891,Nathan,Fox,58.0,Masculino,Boston,Medio,3.0,20.145,Sí,No,Pescado,No,+1-281-239-1394,No registrado,Efectivo,1847,46-60
4647891535,Charles,Hopkins,36.0,Masculino,Boston,Medio,3.0,16.76,Sí,No,Carnes,Sí,No registrado,parkerbenjamin@example.org,App,1950,31-45
5609683331,Ryan,Rice,60.0,Masculino,Boston,Muy Alto,10.0,62.23,Sí,No,Carnes,Sí,No registrado,rkey@example.com,Efectivo,12053,46-60
7108353135,Felicia,Williams,40.0,Femenino,Boston,Alto,5.0,11.15,Sí,Sí,Pescado,Sí,No registrado,madisonkirby@example.org,Tarjeta,3609,31-45
6015790296,Cristian,Roy,76.0,Masculino,Boston,Muy Alto,8.0,67.55,No,Sí,Mariscos,Sí,No registrado,No registrado,Tarjeta,15079,61-100
3874432021,Scott,Lawrence,73.0,Masculino,Boston,Alto,4.0,22.23,Sí,No,Carnes,No,001-225-246-1310x8744,No registrado,Tarjeta,7961,61-100
5633022767,Patricia,Bell,33.0,Femenino,Boston,Muy Alto,8.0,15.56,No,No,Carnes,Sí,No registrado,No registrado,Tarjeta,16786,31-45
5522966707,Alexandra,Gonzales,38.0,Femenino,Boston,Alto,4.0,34.58,No,Sí,Mariscos,No,No registrado,No registrado,Efectivo,5834,31-45
3741875504,Shane,Fisher,21.0,Masculino,Boston,Alto,6.0,38.69,No,Sí,Mariscos,Sí,397-397-8484x0368,No registrado,App,6550,19-30
7645732365,Cory,Johnson,18.0,Masculino,Boston,Bajo,2.0,12.08,Sí,Sí,Mariscos,No,No registrado,erin51@example.org,Tarjeta,1030,0-18
3476543467,Teresa,Randolph,73.0,Femenino,Boston,Medio,3.0,9.84,No,No,Carnes,No,886-202-8068,rsteele@example.org,Efectivo,3358,61-100
9433570024,Jessica,Martinez,37.0,Femenino,Boston,Muy Alto,3.0,15.36,Sí,No,Mariscos,No,001-856-347-6323x451,No registrado,App,9495,31-45
8485602098,Natalie,Robinson,65.0,Femenino,Boston,Alto,6.0,17.11,No,Sí,Carnes,Sí,No registrado,No registrado,App,5196,61-100
2268006448,Wesley,Farmer,21.0,Masculino,Boston,Alto,6.0,25.0,No,Sí,Carnes,Sí,001-722-475-3009x519,michaelgray@example.net,Efectivo,6290,19-30
2627035121,Tara,Coffey,61.0,Femenino,Boston,Alto,6.0,10.09,No,Sí,Vegetariano,Sí,8644551188,No registrado,Efectivo,8994,61-100
1622009556,Danielle,Davis,45.0,Femenino,Boston,Medio,2.0,15.59,No,Sí,Mariscos,No,No registrado,No registrado,Tarjeta,1890,31-45
1998173670,Michelle,Villanueva,36.0,Femenino,Boston,Bajo,0.0,0.0,No,Sí,Carnes,No,No registrado,ilee@example.com,Efectivo,1106,31-45
4401248572,Kayla,Woods,79.0,Femenino,Boston,Bajo,1.0,10.17,Sí,No,Carnes,No,001-229-402-2274,No registrado,Efectivo,1241,61-100
5537913555,Bryan,Martinez,31.0,Masculino,Boston,Alto,4.0,29.91,No,Sí,Vegetariano,Sí,No registrado,grahamdustin@example.net,App,6401,31-45
8511238909,Christina,Grant,74.0,Femenino,Boston,Muy Alto,6.0,102.2,No,No,Carnes,Sí,6135694768,gdavis@example.net,App,15062,61-100
9592696377,Stephanie,Willis,70.0,Femenino,Boston,Medio,2.0,12.69,No,Sí,Mariscos,No,No registrado,No registrado,Tarjeta,3415,61-100
7727246830,Tara,Rowland,42.0,Femenino,Boston,Alto,6.0,48.19,Sí,Sí,Carnes,No,+1-739-827-3236x2445,No registrado,Efectivo,8105,31-45
9981540040,Valerie,Hernandez,34.0,Femenino,Boston,Bajo,2.0,8.86,Sí,No,Carnes,No,280.401.5827,hcastillo@example.net,App,1037,31-45
3169561289,Shannon,Murphy,47.0,Femenino,Boston,Alto,5.0,25.44,No,No,Carnes,No,No registrado,fwilliams@example.com,Efectivo,5431,46-60
8524425035,Lauren,Robinson,77.0,Femenino,Boston,Medio,3.0,15.81,No,Sí,Otro,No,No registrado,matthew88@example.org,App,1709,61-100
7208619610,Elizabeth,Hall,80.0,Femenino,Boston,Alto,6.0,26.49,Sí,No,Vegetariano,No,4345432836,andrew26@example.com,Efectivo,4068,61-100
7107366265,Tonya,Johnson,65.0,Femenino,Boston,Bajo,3.0,14.13,No,Sí,Pescado,No,No registrado,No registrado,Efectivo,1387,61-100
9836173316,Ashley,Buck,60.0,Femenino,Boston,Bajo,2.0,13.34,No,Sí,Vegetariano,No,No registrado,harperdenise@example.net,Criptomoneda,1123,46-60
4611538856,Ricky,Brady,64.0,Masculino,Boston,Muy Alto,8.0,79.86,Sí,Sí,Vegetariano,Sí,No registrado,No registrado,Efectivo,12723,61-100
5233284705,Chad,Green,34.0,Masculino,Boston,Medio,5.0,10.22,No,Sí,Pescado,No,001-227-622-6809x639,No registrado,App,2242,31-45
5510292495,Sarah,Rose,67.0,Femenino,Boston,Alto,6.0,33.56,No,Sí,Mariscos,No,No registrado,No registrado,Tarjeta,8748,61-100
8608819956,Diane,Hicks,54.0,Femenino,Boston,Bajo,0.0,0.0,No,No,Vegetariano,No,No registrado,michaelmyers@example.org,App,1474,46-60
6561692070,Amber,Robinson,54.0,Femenino,Boston,Medio,3.0,21.37,Sí,No,Vegetariano,No,No registrado,No registrado,Efectivo,1698,46-60
6566372886,Brian,Chavez,27.0,Masculino,Boston,Muy Alto,10.0,61.31,No,No,Pescado,Sí,+1-218-726-0297x483,julia30@example.org,App,14381,19-30
1599950776,Karla,Bennett,33.0,Femenino,Boston,Bajo,3.0,5.27,No,No,Carnes,No,No registrado,No registrado,Tarjeta,1575,31-45
5444546673,Rachel,Wilcox,43.0,Femenino,Boston,Bajo,0.0,0.0,Sí,Sí,Vegano,No,+1-454-743-0462x92242,mary31@example.com,Tarjeta,1520,31-45
2200728101,Michael,Scott,19.0,Masculino,Boston,Bajo,0.0,0.0,Sí,Sí,Carnes,No,001-613-535-0356x9932,No registrado,App,1048,19-30
1643841116,Nancy,Marshall,50.0,Femenino,Boston,Alto,4.0,33.68,Sí,Sí,Mariscos,No,No registrado,No registrado,Efectivo,4170,46-60
4795556766,Jim,Taylor,30.0,Masculino,Boston,Bajo,1.0,6.74,Sí,Sí,Vegetariano,No,507.849.8788,No registrado,Tarjeta,1262,19-30
5269808772,Troy,Martinez,72.0,Masculino,Boston,Alto,4.0,21.44,Sí,No,Vegano,No,No registrado,No registrado,Tarjeta,6536,61-100
1806721495,Jerry,Jackson,54.0,Masculino,Boston,Alto,4.0,39.33,Sí,Sí,Vegetariano,No,No registrado,jasonjohnston@example.org,App,4022,46-60
6535998610,Jaime,Fitzgerald,25.0,Femenino,Boston,Alto,5.0,26.22,Sí,Sí,Vegetariano,No,No registrado,No registrado,App,3858,19-30
9744481068,Sarah,Perez,19.0,Femenino,Boston,Alto,4.0,61.92,Sí,Sí,Vegetariano,Sí,975.765.4254,No registrado,Tarjeta,5855,19-30
9176164381,Priscilla,Kemp,29.0,Femenino,Boston,Muy Alto,10.0,61.14,Sí,Sí,Carnes,Sí,No registrado,No registrado,App,11653,19-30
1955019690,Michael,Charles,40.0,Masculino,Boston,Medio,4.0,22.21,No,Sí,Vegetariano,No,9264437669,No registrado,Efectivo,1724,31-45
1983297492,James,Decker,68.0,Masculino,Boston,Alto,6.0,51.54,Sí,Sí,Vegano,No,No registrado,cdalton@example.com,Efectivo,7874,61-100
4756257920,Jerry,Allen,33.0,Masculino,Boston,Medio,2.0,22.91,No,No,Vegano,No,No registrado,wernerelizabeth@example.net,App,2988,31-45
1264553898,Karen,Bishop,55.0,Femenino,Boston,Alto,4.0,31.9,No,No,Vegetariano,Sí,No registrado,No registrado,Efectivo,5669,46-60
1366189330,Brooke,Velez,21.0,Femenino,Boston,Bajo,1.0,11.74,Sí,Sí,Vegetariano,No,001-400-304-2077x79567,No registrado,Criptomoneda,952,19-30
1383060868,Robert,Black,67.0,Masculino,Boston,Muy Alto,10.0,96.69,Sí,Sí,Carnes,Sí,No registrado,robert87@example.net,App,10862,61-100
5267251871,Denise,Cook,66.0,Femenino,Boston,Bajo,2.0,9.34,No,No,Mariscos,No,(944)397-7630,sanderssusan@example.com,App,1113,61-100
8639441437,Amy,Smith,25.0,Femenino,Boston,Alto,6.0,28.99,No,Sí,Carnes,No,No registrado,No registrado,Efectivo,5817,19-30
2066419432,Mary,Jones,67.0,Femenino,Boston,Alto,6.0,51.59,No,Sí,Carnes,No,2185521626,No registrado,Efectivo,4870,61-100
6217821437,Hannah,Armstrong,66.0,Femenino,Boston,Alto,6.0,38.0,Sí,Sí,Vegetariano,No,No registrado,No registrado,App,7683,61-100
2028248023,Stephanie,Hernandez,68.0,Femenino,Boston,Medio,2.0,21.38,No,Sí,Carnes,No,(933)790-9380x718,No registrado,Tarjeta,2474,61-100
8635192524,Ryan,Smith,32.0,Masculino,Boston,Bajo,3.0,14.77,Sí,Sí,Mariscos,No,(965)824-4372,charlene83@example.org,Criptomoneda,1340,31-45
5562967060,James,Davis,80.0,Masculino,Boston,Alto,6.0,42.04,Sí,Sí,Vegetariano,Sí,No registrado,leah12@example.org,Efectivo,6795,61-100
7619157114,Cynthia,Wilson,55.0,Femenino,Boston,Alto,5.0,50.18,Sí,Sí,Vegetariano,Sí,No registrado,No registrado,Efectivo,8146,46-60
8758583381,Robert,Young,78.0,Masculino,Boston,Muy Alto,7.0,41.53,No,Sí,Carnes,No,897-222-3348,No registrado,Tarjeta,10213,61-100
4259899045,Alexander,Thornton,39.0,Masculino,Boston,Alto,6.0,59.72,No,Sí,Vegetariano,Sí,502.997.7673x393,No registrado,Efectivo,4420,31-45
3758930598,Jill,Fuller,80.0,Femenino,Boston,Bajo,3.0,14.65,Sí,Sí,Mariscos,No,(389)930-3515,susancummings@example.com,Tarjeta,1384,61-100
6934932642,Jonathan,Sims,49.0,Masculino,Boston,Alto,5.0,5.4,Sí,No,Otro,No,(611)682-4018x8904,jessica55@example.org,Tarjeta,8060,46-60
4347848051,Ashley,Dorsey,60.0,Femenino,Boston,Medio,4.0,31.9,Sí,Sí,Carnes,No,No registrado,jeremy71@example.net,App,1915,46-60
5864913957,Catherine,Bush,63.0,Femenino,Boston,Muy Alto,7.0,26.99,No,No,Carnes,Sí,(442)360-4656x41414,kmason@example.net,App,11267,61-100
1961561769,Suzanne,Neal,54.0,Femenino,Boston,Muy Alto,9.0,103.82,No,Sí,Vegano,Sí,No registrado,No registrado,Tarjeta,11596,46-60
7537852544,Martin,Clements,77.0,Masculino,Boston,Alto,4.0,50.92,Sí,No,Vegano,Sí,+1-781-262-7492x7038,clarkejake@example.org,Efectivo,8469,61-100
6798709289,Valerie,Reed,78.0,Femenino,Boston,Alto,4.0,47.62,Sí,No,Vegetariano,Sí,No registrado,stephen47@example.net,Efectivo,6438,61-100
7830211939,Charles,Herrera,51.0,Masculino,Boston,Muy Alto,6.0,40.48,No,No,Otro,Sí,No registrado,abrooks@example.net,Tarjeta,9664,46-60
8757570742,Stephen,Miller,65.0,Masculino,Boston,Alto,6.0,44.89,Sí,Sí,Vegetariano,Sí,No registrado,brianna22@example.net,App,4819,61-100
4795865199,Joshua,Foster,56.0,Masculino,Boston,Muy Alto,9.0,35.3,Sí,Sí,Pescado,Sí,No registrado,palmerkristen@example.net,Tarjeta,13887,46-60
2488415042,Tara,Russell,69.0,Femenino,Boston,Bajo,3.0,10.91,Sí,Sí,Vegetariano,No,593-347-9655x5970,No registrado,App,1068,61-100
7426858226,Leah,Vance,23.0,Femenino,Boston,Bajo,1.0,14.37,Sí,Sí,Carnes,No,001-950-443-2038x152,No registrado,Tarjeta,1206,19-30
2527558773,John,Bryant,78.0,Masculino,Boston,Muy Alto,10.0,78.41,Sí,No,Mariscos,Sí,590.695.9659x8310,christophersimmons@example.com,Tarjeta,16266,61-100
4629499902,Jonathan,Callahan,80.0,Masculino,Boston,Medio,5.0,28.76,No,Sí,Mariscos,No,001-301-443-2768,psantiago@example.org,Tarjeta,1966,61-100
5221203462,Kim,Stewart,36.0,Femenino,Boston,Medio,3.0,18.48,Sí,Sí,Pescado,No,+1-964-844-5530,abigailmendoza@example.net,Tarjeta,2806,31-45
5476631225,Caleb,Herrera,67.0,Masculino,Boston,Alto,5.0,30.15,Sí,Sí,Otro,No,No registrado,ehood@example.net,App,6571,61-100
9559118770,Mark,Bruce,61.0,Masculino,Boston,Muy Alto,8.0,84.29,Sí,Sí,Carnes,Sí,700-452-2561x7770,pramirez@example.net,Efectivo,12358,61-100
6560088577,Lauren,Fisher,36.0,Femenino,Boston,Muy Alto,6.0,87.83,No,No,Vegetariano,Sí,(890)231-7223x46087,No registrado,Tarjeta,11293,31-45
8492178772,Carrie,Robertson,74.0,Femenino,Boston,Muy Alto,5.0,77.82,Sí,No,Pescado,Sí,316.690.9931x06313,juanluna@example.net,Tarjeta,10627,61-100
1055395069,Kelli,Taylor,28.0,Femenino,Boston,Muy Alto,10.0,83.45,Sí,Sí,Pescado,Sí,No registrado,No registrado,Efectivo,17672,19-30
2799552382,Timothy,Hill,68.0,Masculino,Boston,Alto,4.0,26.11,Sí,Sí,Carnes,Sí,No registrado,clarkmiguel@example.net,Efectivo,5289,61-100
7692210981,Heather,Baker,72.0,Femenino,Boston,Medio,4.0,13.46,No,Sí,Vegetariano,No,No registrado,No registrado,App,3457,61-100
6373431675,Brooke,Carroll,37.0,Femenino,Boston,Alto,6.0,43.17,Sí,No,Vegetariano,Sí,001-736-616-1882x90256,isabel78@example.net,Tarjeta,8200,31-45
6024947317,Samantha,Salazar,76.0,Femenino,Boston,Alto,5.0,24.18,Sí,Sí,Mariscos,Sí,No registrado,No registrado,Tarjeta,4905,61-100
6726477037,Christopher,Hickman,73.0,Masculino,Boston,Medio,4.0,14.6,Sí,Sí,Carnes,No,No registrado,loliver@example.com,Efectivo,1700,61-100
9678195280,Mary,Park,74.0,Femenino,Boston,Alto,5.0,10.25,No,No,Vegetariano,Sí,(909)309-9132x07885,No registrado,Efectivo,4644,61-100
4938966574,Amanda,Carter,79.0,Femenino,Boston,Muy Alto,9.0,86.27,No,No,Otro,Sí,No registrado,No registrado,Efectivo,15187,61-100
3278568261,Wesley,Mason,44.0,Masculino,Boston,Bajo,0.0,0.0,Sí,No,Mariscos,No,932-552-2028x00991,No registrado,Tarjeta,994,31-45
1037811610,Stephanie,Benton,21.0,Femenino,Boston,Medio,2.0,12.36,Sí,Sí,Vegetariano,No,+1-590-217-1787,cstewart@example.com,Tarjeta,2865,19-30
5263839676,David,Mckinney,47.0,Masculino,Boston,Bajo,2.0,9.4,No,No,Carnes,No,No registrado,No registrado,Tarjeta,1120,46-60
2035989065,Kari,Miles,49.0,Femenino,Boston,Medio,4.0,23.58,No,Sí,Vegetariano,No,760-206-0662,No registrado,Efectivo,2929,46-60
6377939469,Joshua,Church,43.0,Masculino,Boston,Bajo,3.0,8.48,No,Sí,Mariscos,No,468-656-6565x26207,sandrasanchez@example.com,Tarjeta,1205,31-45
2755008946,Justin,Davis,49.0,Masculino,Boston,Medio,2.0,14.34,Sí,No,Vegano,No,(283)482-0668x15835,williamthomas@example.org,Efectivo,2465,46-60
9913353664,Christopher,Schwartz,68.0,Masculino,Boston,Medio,5.0,21.22,Sí,Sí,Mariscos,No,No registrado,No registrado,Efectivo,2903,61-100
1439034681,Chad,Jenkins,44.0,Masculino,Boston,Medio,6.0,7.11,No,No,Vegano,Sí,No registrado,xclark@example.net,Efectivo,2791,31-45
9544423456,Mark,Smith,65.0,Masculino,Boston,Alto,5.0,53.37,No,No,Vegetariano,Sí,8643767115,No registrado,Tarjeta,4729,61-100
1867922818,Katrina,Carter,18.0,Femenino,Boston,Alto,4.0,7.97,Sí,Sí,Vegano,Sí,No registrado,allennathan@example.net,Tarjeta,8376,0-18
1870726354,Edward,Lopez,66.0,Masculino,Boston,Medio,4.0,31.27,No,Sí,Pescado,No,300.373.0191x950,wanderson@example.com,Efectivo,1893,61-100
9454207717,Wesley,Young,36.0,Masculino,Boston,Alto,6.0,56.89,Sí,Sí,Carnes,Sí,No registrado,No registrado,Tarjeta,8650,31-45
5726172302,Brittany,Watson,19.0,Femenino,Boston,Alto,6.0,31.08,Sí,No,Carnes,Sí,799.885.8349x696,No registrado,App,5757,19-30
4298507734,Keith,Cox,58.0,Masculino,Boston,Bajo,0.0,0.0,No,No,Vegetariano,No,No registrado,vanessa69@example.net,App,1588,46-60
7623391799,John,Hodges,33.0,Masculino,Boston,Muy Alto,10.0,93.22,Sí,Sí,Mariscos,Sí,001-321-743-8135x50042,No registrado,Efectivo,10748,31-45
6851493526,Kenneth,Martin,79.0,Masculino,Boston,Medio,2.0,11.28,No,Sí,Vegetariano,No,(545)775-3547x4138,rosejoseph@example.org,App,3005,61-100
6005817882,Jordan,Chambers,19.0,Femenino,Boston,Medio,4.0,7.62,Sí,Sí,Vegetariano,No,584-579-7166x769,No registrado,App,2880,19-30
9740814656,Lisa,Jimenez,22.0,Femenino,Boston,Bajo,3.0,5.51,Sí,Sí,Mariscos,No,755-202-3050,gina92@example.com,App,1406,19-30
5981437770,Andrew,Diaz,20.0,Masculino,Boston,Alto,6.0,36.18,No,Sí,Vegetariano,Sí,No registrado,No registrado,Tarjeta,8075,19-30
4478452088,Melanie,Kim,76.0,Femenino,Boston,Medio,5.0,22.57,No,Sí,Carnes,No,731.765.2337,No registrado,App,3371,61-100
5359127503,Trevor,Silva,34.0,Masculino,Boston,Bajo,1.0,8.83,No,Sí,Carnes,No,(330)850-6169x58427,palmerjoshua@example.org,Efectivo,1048,31-45
3035744928,Eric,Douglas,65.0,Masculino,Boston,Alto,6.0,63.32,Sí,No,Pescado,Sí,No registrado,tracylewis@example.org,Efectivo,7946,61-100
8997258500,Gary,Riley,61.0,Masculino,Boston,Alto,4.0,55.45,Sí,No,Otro,Sí,610-331-3426x28100,No registrado,Efectivo,4027,61-100
8779951953,Theresa,Taylor,65.0,Femenino,Boston,Medio,2.0,17.92,No,Sí,Otro,Sí,No registrado,cindyroberts@example.com,Efectivo,2224,61-100
4776436931,Andrea,Aguilar,71.0,Femenino,Boston,Muy Alto,5.0,76.51,Sí,Sí,Carnes,Sí,No registrado,johnparker@example.net,Tarjeta,13860,61-100
7662863244,Rhonda,Chavez,42.0,Femenino,Boston,Bajo,0.0,0.0,No,No,Carnes,No,No registrado,No registrado,Tarjeta,1442,31-45
1869650095,Craig,Jones,55.0,Masculino,Boston,Alto,5.0,41.59,No,Sí,Vegano,Sí,001-678-345-1876x246,austingarza@example.org,Tarjeta,5361,46-60
6131503960,Deborah,Mitchell,78.0,Femenino,Boston,Medio,5.0,26.5,No,No,Carnes,Sí,No registrado,seanlopez@example.org,Tarjeta,2597,61-100
2601855526,Deanna,Patterson,26.0,Femenino,Boston,Bajo,3.0,9.46,Sí,Sí,Vegano,No,325-588-4326x79081,eschmidt@example.net,Efectivo,998,19-30
3564240875,Jennifer,Christian,79.0,Femenino,Boston,Muy Alto,8.0,46.05,No,No,Carnes,Sí,No registrado,No registrado,Efectivo,10337,61-100
2869969722,Jesus,Martin,32.0,Masculino,Boston,Bajo,2.0,11.57,No,Sí,Vegano,No,No registrado,uadams@example.net,Criptomoneda,1074,31-45
4740355928,Vicki,Dean,72.0,Femenino,Boston,Medio,3.0,5.49,Sí,No,Vegano,Sí,No registrado,No registrado,Efectivo,2701,61-100
7913460903,Rick,Heath,68.0,Masculino,Boston,Medio,3.0,26.03,No,Sí,Mariscos,Sí,No registrado,elizabeth90@example.com,Tarjeta,2618,61-100
8329562846,Bradley,Reid,66.0,Masculino,Boston,Alto,6.0,38.73,No,Sí,Vegetariano,Sí,(632)216-8862,tshort@example.org,App,8989,61-100
4851638315,Lauren,Ramos,74.0,Femenino,Boston,Muy Alto,10.0,67.67,No,Sí,Carnes,Sí,4182883777,No registrado,Tarjeta,17901,61-100
6632656663,Kristina,Anderson,19.0,Femenino,Boston,Medio,5.0,7.13,Sí,Sí,Vegetariano,No,No registrado,No registrado,Tarjeta,1802,19-30
7784232313,Nancy,Aguilar,30.0,Femenino,Boston,Medio,2.0,7.03,Sí,Sí,Vegetariano,No,No registrado,No registrado,Efectivo,1982,19-30
2015780972,Jeremy,Wilkinson,34.0,Masculino,Boston,Muy Alto,8.0,8.59,Sí,No,Mariscos,Sí,No registrado,No registrado,App,17306,31-45
6093613733,Richard,Richardson,49.0,Masculino,Boston,Bajo,1.0,7.81,Sí,No,Carnes,No,No registrado,smiller@example.com,Tarjeta,1398,46-60
8095445250,Carl,Eaton,35.0,Masculino,Boston,Bajo,2.0,14.95,Sí,Sí,Carnes,No,2313104593,riverabryan@example.com,Tarjeta,1286,31-45
6271507458,Claudia,Brown,41.0,Femenino,Boston,Alto,5.0,10.45,No,No,Vegetariano,Sí,No registrado,simonjoseph@example.com,App,4477,31-45
8108540153,Douglas,Molina,28.0,Masculino,Boston,Bajo,3.0,6.75,No,Sí,Pescado,No,No registrado,No registrado,App,1305,19-30
6036200791,Amanda,Manning,38.0,Femenino,Boston,Medio,5.0,11.87,Sí,No,Vegetariano,Sí,001-494-705-7096x95100,patrick06@example.org,Efectivo,2096,31-45
8716053742,Nicole,Roth,39.0,Femenino,Boston,Medio,5.0,29.4,No,No,Mariscos,No,(473)376-2190x69601,No registrado,Efectivo,2592,31-45
1604466898,Jeffrey,Pratt,44.0,Masculino,Boston,Bajo,0.0,0.0,Sí,No,Vegetariano,No,001-880-204-6496,debraanderson@example.org,Efectivo,1080,31-45
5879408957,Sheila,Acevedo,61.0,Femenino,Boston,Bajo,3.0,12.82,Sí,Sí,Otro,No,+1-687-923-7142x370,No registrado,Tarjeta,1418,61-100
6599445068,Jeremy,Dyer,41.0,Masculino,Boston,Alto,4.0,11.5,No,Sí,Vegetariano,No,(483)319-0821x07898,donald82@example.com,Efectivo,3776,31-45
6879428703,Joe,Gilbert,48.0,Masculino,Boston,Alto,6.0,12.21,No,Sí,Carnes,No,2715644758,michaelbecker@example.net,App,3807,46-60
2754016563,Ronald,Pearson,66.0,Masculino,Boston,Bajo,3.0,8.57,No,No,Otro,No,905.346.1090x59333,No registrado,Efectivo,1160,61-100
6754684550,Katherine,Marshall,39.0,Femenino,Boston,Alto,6.0,35.49,Sí,No,Vegetariano,No,280.812.5169x138,parkjonathan@example.net,App,4222,31-45
9540125459,Julia,Cole,34.0,Femenino,Boston,Bajo,3.0,11.33,No,Sí,Vegetariano,No,+1-416-384-9764x616,ischmidt@example.net,Efectivo,880,31-45
2029131648,Isabella,Ryan,34.0,Femenino,Boston,Muy Alto,7.0,97.53,No,Sí,Carnes,Sí,No registrado,carolrobinson@example.net,App,12691,31-45
6821396356,Douglas,Chaney,74.0,Masculino,Boston,Alto,5.0,50.55,Sí,Sí,Vegetariano,Sí,001-666-264-7979x995,No registrado,Tarjeta,5281,61-100
1646561004,Theodore,King,48.0,Masculino,Boston,Medio,5.0,16.0,Sí,Sí,Vegetariano,No,No registrado,patriciastewart@example.net,Efectivo,2909,46-60
7868507793,Michael,Morgan,43.0,Masculino,Boston,Medio,3.0,12.39,Sí,No,Carnes,No,(497)533-9692x618,No registrado,Efectivo,2268,31-45
6323671466,Amanda,Barnett,22.0,Femenino,Boston,Medio,5.0,13.43,No,Sí,Mariscos,No,No registrado,No registrado,Tarjeta,2733,19-30
9446755307,Sara,Phillips,39.0,Femenino,Boston,Medio,2.0,22.18,Sí,Sí,Carnes,Sí,No registrado,No registrado,Tarjeta,2077,31-45
5642462942,Tiffany,Wood,38.0,Femenino,Boston,Alto,5.0,32.2,No,No,Otro,Sí,491.544.2568,No registrado,Efectivo,7635,31-45
8077769560,Maureen,Hayden,59.0,Femenino,Boston,Bajo,0.0,0.0,Sí,No,Otro,No,(466)847-6707,No registrado,Tarjeta,1194,46-60
5043766101,Briana,Sanders,51.0,Femenino,Boston,Alto,5.0,46.61,No,No,Vegetariano,No,(358)818-9522x171,No registrado,Tarjeta,7176,46-60
3548280128,Rebecca,Nicholson,57.0,Femenino,Boston,Bajo,0.0,0.0,No,Sí,Vegetariano,No,No registrado,mary38@example.com,Efectivo,820,46-60
1118821302,Alex,Rodriguez,62.0,Masculino,Boston,Muy Alto,10.0,41.41,Sí,Sí,Carnes,Sí,No registrado,No registrado,App,15696,61-100
8200465157,Chad,Ramirez,48.0,Masculino,Boston,Alto,5.0,50.31,No,No,Vegetariano,Sí,(549)827-5808,ibaker@example.org,App,6762,46-60
7769842205,Desiree,Lucas,39.0,Femenino,Boston,Alto,6.0,26.85,No,No,Otro,Sí,No registrado,igomez@example.org,App,6616,31-45
6063244930,Jessica,Salinas,32.0,Femenino,Boston,Medio,4.0,25.24,Sí,Sí,Vegetariano,No,327.339.7867x138,No registrado,Efectivo,3075,31-45
1688013113,Lindsay,Foster,52.0,Femenino,Boston,Alto,5.0,13.41,No,No,Vegetariano,Sí,+1-629-426-7785x676,No registrado,Tarjeta,5730,46-60
7128507114,Michael,Roth,74.0,Masculino,Boston,Medio,2.0,32.5,No,Sí,Carnes,No,No registrado,No registrado,App,2189,61-100
2543696858,William,Martinez,48.0,Masculino,Boston,Medio,3.0,22.72,No,Sí,Otro,Sí,No registrado,No registrado,App,2920,46-60
4901250013,Allison,Robbins,74.0,Femenino,Boston,Muy Alto,8.0,46.81,No,Sí,Vegetariano,Sí,No registrado,No registrado,Tarjeta,17302,61-100
9084772460,Amanda,Baker,59.0,Femenino,Boston,Alto,6.0,50.29,No,Sí,Carnes,Sí,+1-351-729-7609x3166,fhill@example.com,Efectivo,6248,46-60
2651809915,Richard,Fisher,53.0,Masculino,Boston,Alto,4.0,55.67,No,No,Otro,Sí,+1-343-416-6131,brandirobinson@example.net,Tarjeta,5809,46-60
4488257848,Derek,Powell,57.0,Masculino,Boston,Alto,6.0,23.72,No,Sí,Carnes,No,335-990-8036x0826,joshuahall@example.org,Efectivo,3766,46-60
7956377623,Tammy,Lewis,31.0,Femenino,Boston,Alto,4.0,15.0,Sí,Sí,Vegetariano,Sí,No registrado,kimberly74@example.org,Tarjeta,6136,31-45
7117818992,Allison,Gutierrez,35.0,Femenino,Boston,Medio,3.0,6.7,No,Sí,Mariscos,Sí,001-766-628-5123x8261,No registrado,Efectivo,2054,31-45
2409646794,Matthew,Phelps,69.0,Masculino,Boston,Muy Alto,5.0,37.59,No,No,Vegetariano,Sí,No registrado,No registrado,App,15402,61-100
2729549409,Matthew,Stanton,40.0,Masculino,Boston,Alto,4.0,44.4,Sí,Sí,Vegetariano,Sí,No registrado,No registrado,App,8078,31-45
6618965944,Zoe,Alexander,70.0,Femenino,Boston,Muy Alto,6.0,38.27,No,Sí,Vegetariano,Sí,001-983-493-2314x470,garrett71@example.net,Efectivo,13856,61-100
8312316146,Richard,Craig,51.0,Masculino,Boston,Alto,6.0,11.06,Sí,Sí,Otro,No,No registrado,matthewwheeler@example.com,Tarjeta,3933,46-60
8779921135,Matthew,Wood,49.0,Masculino,Boston,Alto,5.0,13.85,Sí,Sí,Vegano,No,No registrado,ajennings@example.org,App,6367,46-60
1980390738,Mark,Rice,71.0,Masculino,Boston,Muy Alto,8.0,81.17,No,No,Carnes,Sí,+1-404-593-6712x3167,No registrado,Tarjeta,15406,61-100
8366710477,Sara,Weber,21.0,Femenino,Boston,Bajo,1.0,8.12,No,Sí,Otro,No,No registrado,gburnett@example.net,Tarjeta,1458,19-30
8698432271,Shannon,Castillo,53.0,Femenino,Boston,Bajo,2.0,6.72,Sí,Sí,Carnes,No,848-845-5695x8604,zacharyhogan@example.net,Efectivo,1121,46-60
9497440581,David,Brown,20.0,Masculino,Boston,Alto,4.0,25.24,No,Sí,Vegano,Sí,No registrado,robertscassandra@example.com,Efectivo,6435,19-30
2794351960,Nicole,Marsh,48.0,Femenino,Boston,Bajo,3.0,5.22,Sí,No,Vegetariano,No,No registrado,No registrado,Efectivo,1483,46-60
9509397347,Diana,Mcdonald,36.0,Femenino,Boston,Medio,4.0,25.4,No,No,Vegetariano,No,No registrado,No registrado,Efectivo,1825,31-45
6287358035,Brian,Ball,46.0,Masculino,Boston,Medio,5.0,31.24,No,Sí,Pescado,No,974-660-5793,kleinrichard@example.com,Tarjeta,2420,46-60
8052469993,James,Hall,26.0,Masculino,Boston,Bajo,3.0,14.68,Sí,Sí,Pescado,No,319.569.1283,No registrado,App,1576,19-30
4941471198,Manuel,Davis,64.0,Masculino,Boston,Muy Alto,7.0,36.22,No,Sí,Carnes,Sí,637.664.5410,regina85@example.com,Efectivo,11596,61-100
9488968819,John,Taylor,56.0,Masculino,Boston,Medio,5.0,28.56,Sí,Sí,Vegano,No,No registrado,No registrado,Efectivo,2614,46-60
2583472482,Christina,Williams,61.0,Femenino,Boston,Alto,5.0,37.79,Sí,Sí,Vegetariano,No,(642)595-3321x56754,No registrado,Efectivo,8910,61-100
3818052706,Alexander,Fuller,31.0,Masculino,Boston,Bajo,0.0,0.0,No,No,Pescado,No,No registrado,No registrado,App,880,31-45
1586269483,Kelsey,Steele,27.0,Femenino,Boston,Medio,5.0,18.5,No,Sí,Mariscos,Sí,353.370.8178x46290,No registrado,App,2803,19-30
9972023568,Daniel,Smith,66.0,Masculino,Boston,Bajo,1.0,6.02,No,Sí,Vegano,No,8238636227,mcgeekaren@example.com,App,1211,61-100
8542895911,Desiree,Hayes,39.0,Femenino,Boston,Bajo,0.0,0.0,Sí,No,Vegetariano,No,No registrado,jason42@example.com,Efectivo,1548,31-45
4848110252,Kevin,Wright,36.0,Masculino,Boston,Bajo,1.0,13.27,No,Sí,Carnes,No,No registrado,No registrado,Efectivo,887,31-45
9751575923,Michael,Gomez,34.0,Masculino,Boston,Bajo,3.0,6.56,No,Sí,Carnes,No,No registrado,No registrado,Tarjeta,873,31-45
9274548558,Matthew,Wise,55.0,Masculino,Boston,Muy Alto,6.0,27.11,Sí,Sí,Vegetariano,Sí,(928)734-2826,No registrado,Efectivo,17429,46-60
8409679733,Donald,Kelly,27.0,Masculino,Boston,Alto,6.0,20.63,No,Sí,Carnes,No,001-949-491-6217,No registrado,Tarjeta,7891,19-30
2518681304,Amber,Andrews,35.0,Femenino,Boston,Alto,6.0,11.74,No,Sí,Mariscos,Sí,687.371.4717,dustin66@example.com,App,7727,31-45
5952008977,Gina,Thornton,23.0,Femenino,Boston,Medio,3.0,20.6,Sí,Sí,Mariscos,No,No registrado,No registrado,Tarjeta,2648,19-30
8363874569,William,Gordon,66.0,Masculino,Boston,Alto,5.0,57.87,No,Sí,Vegetariano,Sí,713-591-0606,No registrado,Tarjeta,7126,61-100
6797436140,Morgan,Dodson,34.0,Femenino,Boston,Muy Alto,8.0,75.61,No,No,Mariscos,Sí,No registrado,No registrado,Tarjeta,9626,31-45
2748380110,Caleb,Howard,59.0,Masculino,Boston,Muy Alto,8.0,38.59,Sí,Sí,Mariscos,Sí,001-718-912-0849x7297,No registrado,Tarjeta,9759,46-60
4677942534,Regina,Gonzalez,36.0,Femenino,Boston,Medio,3.0,25.31,No,No,Carnes,No,(486)449-2371x52174,michaelkelly@example.com,App,2455,31-45
7268544382,John,Miller,25.0,Masculino,Boston,Muy Alto,10.0,97.68,No,Sí,Mariscos,Sí,No registrado,No registrado,Tarjeta,16999,19-30
2451382980,Michelle,Wilson,57.0,Femenino,Boston,Medio,4.0,10.68,Sí,Sí,Pescado,No,No registrado,carrieross@example.org,Tarjeta,3386,46-60
1012309827,Steven,Bryant,72.0,Masculino,Boston,Muy Alto,6.0,54.37,Sí,No,Mariscos,Sí,No registrado,No registrado,Efectivo,16332,61-100
6178571453,Erin,Neal,37.0,Femenino,Boston,Alto,6.0,56.02,Sí,No,Carnes,Sí,001-314-554-7190x92808,No registrado,App,4431,31-45
5855576500,Julia,Cole,29.0,Femenino,Boston,Muy Alto,5.0,47.61,Sí,Sí,Carnes,Sí,No registrado,qharris@example.net,App,13720,19-30
4734495042,Travis,Alexander,37.0,Masculino,Boston,Alto,4.0,44.33,Sí,No,Otro,Sí,(554)756-3001,No registrado,App,3506,31-45
9613815195,Julia,Carter,41.0,Femenino,Boston,Bajo,1.0,12.52,No,No,Pescado,No,+1-667-661-1160x136,stantonmeghan@example.org,App,1399,31-45
8940828617,Pamela,Kim,25.0,Femenino,Boston,Bajo,3.0,6.27,No,Sí,Otro,No,(894)742-1570x1378,meaganrichard@example.com,Efectivo,1373,19-30
4482141802,John,Tucker,36.0,Masculino,Boston,Muy Alto,10.0,35.56,Sí,Sí,Carnes,Sí,(265)259-2807x6444,marieburton@example.net,Tarjeta,9602,31-45
2876113970,Jenna,Daniel,36.0,Femenino,Boston,Muy Alto,5.0,42.15,Sí,No,Vegano,Sí,982.508.6048x456,No registrado,App,13126,31-45
3513419649,Brandon,Cooper,76.0,Masculino,Boston,Medio,4.0,9.62,No,Sí,Mariscos,No,No registrado,christopherhansen@example.com,Tarjeta,1903,61-100
5284391408,Michael,Price,28.0,Masculino,Boston,Medio,2.0,32.8,No,Sí,Vegano,Sí,No registrado,No registrado,Efectivo,1623,19-30
5894400790,Peter,Jones,65.0,Masculino,Boston,Muy Alto,8.0,22.37,Sí,Sí,Carnes,Sí,(219)750-4218x638,No registrado,Efectivo,11745,61-100
4418150911,Angel,Jones,49.0,Masculino,Boston,Medio,5.0,11.34,Sí,No,Mariscos,No,(360)833-0126x0754,nataliewright@example.com,App,3192,46-60
1043242776,Mary,Hicks,66.0,Femenino,Boston,Alto,5.0,7.03,No,No,Vegetariano,No,No registrado,No registrado,Tarjeta,3769,61-100
6304451948,Tim,Thomas,51.0,Masculino,Boston,Alto,6.0,55.47,Sí,No,Carnes,Sí,001-260-450-7878x8412,jeremiah50@example.net,App,4517,46-60
8595385602,William,Brooks,21.0,Masculino,Boston,Muy Alto,10.0,79.82,No,No,Carnes,Sí,No registrado,ariasthomas@example.com,Efectivo,16523,19-30
9768433290,Marvin,Frazier,66.0,Masculino,Boston,Medio,2.0,20.57,Sí,Sí,Mariscos,No,(503)459-8177,No registrado,App,2550,61-100
2771900786,Matthew,Sexton,76.0,Masculino,Boston,Muy Alto,5.0,68.08,No,No,Carnes,Sí,No registrado,No registrado,App,11496,61-100
6955845294,Jose,Fowler,68.0,Masculino,Boston,Medio,2.0,28.93,No,Sí,Mariscos,No,(465)768-4139,No registrado,Tarjeta,1850,61-100
8027135747,Lauren,Robbins,32.0,Femenino,Boston,Medio,5.0,21.73,Sí,No,Vegetariano,No,No registrado,No registrado,Efectivo,1636,31-45
2156184315,John,Roberts,30.0,Masculino,Boston,Muy Alto,9.0,42.2,Sí,Sí,Vegetariano,Sí,No registrado,No registrado,App,12698,19-30
2007635038,Melanie,Nguyen,56.0,Femenino,Boston,Medio,5.0,30.8,Sí,Sí,Mariscos,Sí,No registrado,No registrado,Efectivo,3340,46-60
5125707260,Lisa,Smith,77.0,Femenino,Boston,Alto,6.0,14.97,Sí,No,Mariscos,Sí,No registrado,No registrado,App,7066,61-100
4043850951,Patricia,Morales,35.0,Femenino,Boston,Medio,4.0,13.87,Sí,No,Carnes,Sí,001-342-716-5632,No registrado,Tarjeta,1779,31-45
3696240149,Stephen,Acosta,75.0,Masculino,Boston,Alto,5.0,17.43,No,Sí,Vegetariano,No,No registrado,shelby45@example.org,App,8483,61-100
8325774974,Catherine,Dunlap,67.0,Femenino,Boston,Alto,5.0,27.56,No,No,Vegetariano,Sí,No registrado,No registrado,App,3715,61-100
1770278136,Caroline,White,80.0,Femenino,Boston,Alto,4.0,27.84,Sí,No,Vegetariano,Sí,No registrado,No registrado,Tarjeta,5565,61-100
4648360242,Brittney,Patrick,30.0,Femenino,Boston,Medio,3.0,24.21,No,No,Vegano,No,No registrado,jarnold@example.org,Tarjeta,2945,19-30
4951355748,Robert,Wise,56.0,Masculino,Boston,Alto,5.0,23.09,No,No,Mariscos,Sí,(585)312-2228,wthompson@example.net,App,6693,46-60
5847023874,Jessica,Woodard,55.0,Femenino,Boston,Muy Alto,6.0,55.86,Sí,No,Vegetariano,Sí,No registrado,ortizalyssa@example.net,Tarjeta,17327,46-60
1561417687,Melissa,Newton,39.0,Femenino,Boston,Bajo,3.0,14.04,Sí,Sí,Vegetariano,No,(749)297-0289,robbinsgrace@example.com,Tarjeta,873,31-45
1679600137,Alexander,Williams,78.0,Masculino,Boston,Bajo,0.0,0.0,Sí,Sí,Mariscos,No,No registrado,tylerlopez@example.net,App,1273,61-100
9054272983,Emily,Cherry,46.0,Femenino,Boston,Medio,3.0,13.33,No,Sí,Mariscos,No,No registrado,No registrado,Efectivo,2455,46-60
6563020249,Aaron,Chapman,60.0,Masculino,Boston,Medio,3.0,24.4,No,Sí,Vegetariano,No,No registrado,marshalldavid@example.net,App,1637,46-60
7841771307,Angela,Brooks,49.0,Femenino,Boston,Bajo,2.0,6.69,No,No,Mariscos,No,No registrado,debrafitzgerald@example.org,App,1373,46-60
4403349322,Oscar,Spencer,80.0,Masculino,Boston,Medio,5.0,13.7,No,No,Vegetariano,No,001-412-732-8619x94700,No registrado,Tarjeta,2208,61-100
9476215612,Douglas,Jackson,73.0,Masculino,Boston,Bajo,1.0,9.48,No,Sí,Mariscos,No,No registrado,graywilliam@example.com,Tarjeta,1359,61-100
7198489640,Alan,Davidson,47.0,Masculino,Boston,Medio,4.0,34.94,Sí,Sí,Mariscos,No,No registrado,xtaylor@example.com,App,2304,46-60
7236772367,Christopher,Parker,76.0,Masculino,Boston,Medio,5.0,13.14,Sí,Sí,Mariscos,No,No registrado,hernandezjustin@example.com,Tarjeta,2322,61-100
1302931075,Cody,Turner,63.0,Masculino,Boston,Bajo,3.0,13.68,Sí,No,Mariscos,No,894-457-5495,No registrado,Tarjeta,1181,61-100
4878752889,Erik,Allen,80.0,Masculino,Boston,Medio,2.0,31.08,No,Sí,Mariscos,No,4417292515,kathryn65@example.net,Tarjeta,2968,61-100
7383049918,Julie,Johnson,77.0,Femenino,Boston,Bajo,3.0,12.09,No,No,Vegetariano,No,No registrado,santosbrenda@example.net,Efectivo,1041,61-100
5374631074,Anthony,Dunn,33.0,Masculino,Boston,Medio,4.0,14.78,Sí,Sí,Otro,No,483.711.4835x00794,desiree91@example.com,Tarjeta,1817,31-45
6633529896,Erin,Meyer,51.0,Femenino,Boston,Bajo,1.0,6.18,Sí,Sí,Pescado,No,No registrado,No registrado,Tarjeta,1555,46-60
2221681350,Keith,Thompson,47.0,Masculino,Boston,Alto,5.0,16.96,No,No,Pescado,No,+1-651-604-1286x58150,No registrado,App,4705,46-60
1955466961,Brianna,Mccoy,46.0,Femenino,Boston,Medio,4.0,6.51,Sí,No,Vegetariano,No,001-592-565-1236x39555,sanchezmikayla@example.org,Efectivo,3034,46-60
3569313669,Katherine,Gardner,47.0,Femenino,Boston,Alto,6.0,54.2,No,No,Vegetariano,Sí,No registrado,fpham@example.org,Efectivo,3751,46-60
9464825444,Jeffrey,Sanchez,25.0,Masculino,Boston,Medio,2.0,13.01,No,Sí,Pescado,No,No registrado,No registrado,Efectivo,2526,19-30
3207039799,Chloe,Freeman,49.0,Femenino,Boston,Medio,3.0,9.02,Sí,No,Vegetariano,No,975.558.1327x635,No registrado,Efectivo,1633,46-60
1212943085,Amy,Martin,63.0,Femenino,Boston,Muy Alto,8.0,83.75,No,Sí,Carnes,Sí,(688)364-0800x7736,No registrado,Efectivo,12273,61-100
3119490078,Emily,Owens,49.0,Femenino,Boston,Alto,5.0,63.45,No,No,Vegetariano,No,7547369603,No registrado,Tarjeta,3963,46-60
2131925490,Maria,Weaver,37.0,Femenino,Boston,Alto,6.0,35.44,No,Sí,Mariscos,No,No registrado,No registrado,Efectivo,6783,31-45
7587419405,Charles,Dalton,39.0,Masculino,Boston,Medio,4.0,6.87,Sí,Sí,Vegetariano,No,525-714-2381x5295,marshallkelly@example.com,Efectivo,1672,31-45
5332218218,Heather,Larson,61.0,Femenino,Boston,Bajo,3.0,6.85,Sí,Sí,Vegetariano,No,No registrado,No registrado,Efectivo,1540,61-100
5168100987,Mark,Levy,49.0,Masculino,Boston,Alto,5.0,11.85,Sí,No,Carnes,No,(832)970-4357,No registrado,Efectivo,7759,46-60
3126187333,Amy,Thompson,56.0,Femenino,Boston,Bajo,0.0,0.0,No,Sí,Vegetariano,No,8755429860,No registrado,Efectivo,1073,46-60
1129540050,Doris,Black,62.0,Femenino,Boston,Alto,4.0,31.53,Sí,No,Otro,Sí,No registrado,cantrellangela@example.org,Efectivo,7247,61-100
8679797159,Jennifer,Barron,67.0,Femenino,Boston,Bajo,2.0,7.67,Sí,Sí,Pescado,No,442.245.9018x8516,brenda86@example.net,Criptomoneda,1343,61-100
5593301898,Stephanie,Vazquez,58.0,Femenino,Boston,Alto,4.0,39.55,Sí,Sí,Pescado,Sí,No registrado,No registrado,App,4370,46-60
6919048740,Christopher,Young,25.0,Masculino,Boston,Muy Alto,5.0,51.09,Sí,Sí,Vegetariano,Sí,No registrado,rhodesdavid@example.org,Tarjeta,11971,19-30
8408711404,Donald,Stanton,59.0,Masculino,Boston,Alto,6.0,6.86,No,Sí,Otro,Sí,(776)333-2948,No registrado,App,7411,46-60
6841521734,Maria,Galvan,37.0,Femenino,Boston,Bajo,2.0,10.29,No,No,Carnes,No,No registrado,lho@example.com,Efectivo,1382,31-45
1513003815,Justin,Kim,80.0,Masculino,Boston,Alto,4.0,21.22,No,No,Otro,No,+1-862-488-9832x66515,No registrado,Tarjeta,6226,61-100
8746000308,Andrew,Owens,56.0,Masculino,Boston,Bajo,1.0,9.1,No,Sí,Vegetariano,No,No registrado,No registrado,App,1424,46-60
7411008763,Ruth,Rodgers,74.0,Femenino,Boston,Muy Alto,7.0,38.6,Sí,No,Carnes,Sí,No registrado,shannonbradley@example.org,App,11997,61-100
8075122626,Michael,Wolfe,37.0,Masculino,Boston,Medio,5.0,29.32,Sí,No,Mariscos,No,+1-836-474-2512x5144,No registrado,Tarjeta,2194,31-45
7850526978,Lindsey,Alvarez,44.0,Femenino,Boston,Bajo,3.0,7.99,Sí,No,Mariscos,No,(508)559-9408,marie15@example.com,Tarjeta,1037,31-45
4410664100,Devin,Powell,40.0,Masculino,Boston,Alto,6.0,40.07,Sí,No,Carnes,Sí,+1-365-563-7667x0760,No registrado,App,8608,31-45
6461296097,Regina,Oconnell,65.0,Femenino,Boston,Muy Alto,8.0,46.39,No,Sí,Pescado,Sí,No registrado,xgilbert@example.org,Tarjeta,14183,61-100
6722266808,Jennifer,Lang,44.0,Femenino,Boston,Alto,5.0,50.61,Sí,Sí,Vegetariano,Sí,7544154033,fbrown@example.org,App,7473,31-45
7941256427,Robert,Cruz,60.0,Masculino,Boston,Medio,3.0,32.02,No,No,Mariscos,No,No registrado,thomaserika@example.com,App,1919,46-60
6188781811,John,Harris,35.0,Masculino,Boston,Medio,3.0,18.65,No,Sí,Carnes,No,No registrado,No registrado,Tarjeta,2961,31-45
4582381106,Russell,Gomez,50.0,Masculino,Boston,Medio,4.0,21.21,Sí,Sí,Carnes,No,No registrado,No registrado,Tarjeta,2574,46-60
3960905453,Melissa,Vazquez,50.0,Femenino,Boston,Medio,4.0,23.69,Sí,No,Vegetariano,No,307.781.0321,gerald05@example.com,App,1885,46-60
3472828483,Kristen,Wilson,28.0,Femenino,Boston,Bajo,0.0,0.0,Sí,Sí,Vegetariano,No,+1-518-568-0230x010,No registrado,Efectivo,1365,19-30
6139905102,Christopher,Moore,77.0,Masculino,Boston,Muy Alto,7.0,99.97,No,No,Vegano,No,No registrado,nfloyd@example.net,App,10809,61-100
4600630513,Kristy,Erickson,50.0,Femenino,Boston,Medio,3.0,17.36,Sí,Sí,Vegetariano,No,(438)387-2762x76640,westwilliam@example.org,App,1843,46-60
8010417786,Eddie,Moody,73.0,Masculino,Boston,Alto,4.0,63.13,No,No,Vegetariano,Sí,No registrado,christina10@example.org,App,7261,61-100
5885655423,Ryan,King,18.0,Masculino,Boston,Muy Alto,5.0,22.09,No,Sí,Pescado,Sí,939.265.0462x8855,No registrado,Efectivo,14581,0-18
1546957087,Erica,Taylor,31.0,Femenino,Boston,Bajo,3.0,13.71,Sí,Sí,Otro,No,413-878-1812x4530,No registrado,Efectivo,1538,31-45
5445002067,Joseph,Daniel,34.0,Masculino,Boston,Muy Alto,6.0,29.71,Sí,Sí,Vegetariano,Sí,No registrado,richardsmith@example.net,Tarjeta,17526,31-45
7643108589,Jacob,Jackson,27.0,Masculino,Boston,Muy Alto,7.0,73.38,Sí,Sí,Mariscos,Sí,8356035983,krystal69@example.com,Efectivo,12320,19-30
3486826558,James,Rogers,67.0,Masculino,Boston,Bajo,1.0,12.17,No,Sí,Vegetariano,No,288-298-0014x7243,No registrado,Tarjeta,1031,61-100
8790059295,Michael,Love,60.0,Masculino,Boston,Bajo,3.0,5.28,No,Sí,Pescado,No,837-826-3387x735,No registrado,Tarjeta,1037,46-60
8064554203,Vicki,Kelly,47.0,Femenino,Boston,Muy Alto,7.0,26.14,Sí,No,Carnes,Sí,No registrado,james28@example.com,App,16144,46-60
9950817397,Jacqueline,Conner,74.0,Femenino,Boston,Bajo,1.0,14.95,Sí,No,Vegetariano,No,(702)288-7319,No registrado,App,1353,61-100
4367505004,Andre,Miller,38.0,Masculino,Boston,Alto,4.0,54.32,No,No,Vegetariano,Sí,242-772-2451,No registrado,Tarjeta,7472,31-45
5586143660,Mark,Swanson,48.0,Masculino,Boston,Bajo,1.0,5.86,No,No,Carnes,No,No registrado,hilleric@example.org,App,1179,46-60
8418559357,Morgan,Rodriguez,69.0,Femenino,Boston,Alto,4.0,53.88,No,Sí,Carnes,No,No registrado,wilsonangela@example.org,Tarjeta,6140,61-100
5821843711,Jacqueline,Wong,47.0,Femenino,Boston,Medio,5.0,13.76,No,Sí,Vegano,No,001-594-772-2051x9311,smithtravis@example.net,Efectivo,1727,46-60
6003699766,Kenneth,Wright,39.0,Masculino,Boston,Muy Alto,6.0,23.41,No,Sí,Pescado,Sí,239.860.4857x89633,stacey91@example.net,Tarjeta,15952,31-45
1291605342,Andrew,Mathews,52.0,Masculino,Boston,Medio,4.0,34.89,No,Sí,Vegetariano,No,(576)553-8313x22395,floresjessica@example.org,App,2813,46-60
5924133087,Daniel,Cook,77.0,Masculino,Boston,Alto,5.0,8.51,No,No,Mariscos,Sí,+1-680-390-4948,michelebarrett@example.org,Efectivo,6178,61-100
3594618120,Adam,Barber,74.0,Masculino,Boston,Medio,3.0,17.35,Sí,Sí,Mariscos,No,333.872.4883x944,No registrado,App,3184,61-100
2623554814,Amy,Sexton,24.0,Femenino,Boston,Medio,2.0,18.91,Sí,Sí,Vegano,No,No registrado,No registrado,Tarjeta,1676,19-30
3912659475,Dawn,Hunt,34.0,Femenino,Boston,Muy Alto,7.0,48.67,Sí,Sí,Vegetariano,Sí,No registrado,ndavis@example.com,Efectivo,17350,31-45
2949038093,Stephanie,Mahoney,53.0,Femenino,Boston,Muy Alto,6.0,97.19,No,No,Vegano,Sí,No registrado,No registrado,Tarjeta,17304,46-60
2165259783,Teresa,West,78.0,Femenino,Boston,Medio,2.0,34.82,No,No,Pescado,No,No registrado,robinsonjohn@example.org,Efectivo,1739,61-100
8171158943,Amber,Flores,80.0,Femenino,Boston,Medio,3.0,24.6,Sí,Sí,Vegetariano,No,No registrado,No registrado,Tarjeta,3401,61-100
9709413415,Cathy,Harris,52.0,Femenino,Boston,Medio,3.0,33.21,Sí,No,Carnes,No,475-653-9083,tpatton@example.net,Tarjeta,2286,46-60
6200818473,John,Brown,38.0,Masculino,Boston,Bajo,0.0,0.0,No,No,Vegetariano,No,No registrado,rcopeland@example.com,Efectivo,1361,31-45
1754321211,Carol,Rice,74.0,Femenino,Boston,Bajo,0.0,0.0,No,Sí,Vegetariano,No,3067891155,No registrado,Tarjeta,1501,61-100
7265126870,Paul,Schmidt,37.0,Masculino,Boston,Alto,4.0,59.73,No,No,Vegetariano,Sí,(985)976-7800,No registrado,Efectivo,5748,31-45
2050057405,Maureen,Chavez,39.0,Femenino,Boston,Medio,3.0,21.3,Sí,Sí,Vegetariano,No,001-716-642-5208x1752,pattonanthony@example.org,Efectivo,2250,31-45
2381232714,Kara,Weber,70.0,Femenino,Boston,Bajo,3.0,6.31,No,Sí,Vegetariano,No,No registrado,No registrado,App,1058,61-100
9343335952,Brianna,Brown,59.0,Femenino,Boston,Medio,4.0,17.2,No,Sí,Vegetariano,No,609.985.3930x9809,zdavis@example.net,Tarjeta,1999,46-60
9870932804,Kristin,Berg,64.0,Femenino,Boston,Alto,6.0,59.09,Sí,Sí,Carnes,Sí,No registrado,No registrado,Efectivo,5028,61-100
6650225942,Dominic,Richardson,26.0,Masculino,Boston,Medio,5.0,20.145,Sí,Sí,Vegetariano,No,880-435-2687x641,No registrado,Tarjeta,1651,19-30
2761091683,Keith,Pearson,44.0,Masculino,Boston,Alto,5.0,32.23,No,Sí,Vegetariano,Sí,No registrado,leemary@example.org,App,5496,31-45
5880217279,Nicole,Kirk,28.0,Femenino,Boston,Bajo,3.0,9.88,No,Sí,Vegetariano,No,+1-858-553-0885,martinsteven@example.com,Tarjeta,1520,19-30
5046348427,Sarah,Nelson,70.0,Femenino,Boston,Muy Alto,6.0,79.33,Sí,Sí,Vegetariano,Sí,+1-791-744-2820x34247,No registrado,Efectivo,14172,61-100
7002076563,Mark,Long,23.0,Masculino,Boston,Bajo,1.0,13.78,Sí,Sí,Mariscos,No,No registrado,gbrooks@example.com,Efectivo,1578,19-30
4879141202,Rebecca,Thomas,79.0,Femenino,Boston,Medio,5.0,8.77,No,No,Vegetariano,No,No registrado,No registrado,Criptomoneda,3260,61-100
6683677821,Steven,Taylor,45.0,Masculino,Boston,Medio,2.0,18.53,Sí,No,Otro,Sí,No registrado,No registrado,App,2787,31-45
7735501682,Angela,Knox,57.0,Femenino,Boston,Medio,2.0,24.31,Sí,Sí,Vegetariano,No,No registrado,yriddle@example.net,Tarjeta,3204,46-60
9202249646,Benjamin,Nelson,63.0,Masculino,Boston,Medio,2.0,13.43,No,No,Vegetariano,No,No registrado,natashacollins@example.org,Efectivo,1777,61-100
3127381991,Sarah,Stephens,71.0,Femenino,Boston,Alto,6.0,36.08,No,No,Vegetariano,No,(555)508-9821,schneiderjoseph@example.net,Tarjeta,8277,61-100
6582795032,Adam,Morse,24.0,Masculino,Boston,Muy Alto,9.0,43.21,Sí,Sí,Mariscos,Sí,No registrado,bentondarrell@example.net,App,15167,19-30
4883440982,Rebecca,Hamilton,80.0,Femenino,Boston,Muy Alto,6.0,28.94,Sí,Sí,Vegetariano,Sí,No registrado,No registrado,Tarjeta,14193,61-100
5614945835,Tyrone,Williams,42.0,Masculino,Boston,Muy Alto,7.0,73.2,Sí,No,Vegano,No,No registrado,omorales@example.net,App,13715,31-45
2728513631,Tracey,Brown,22.0,Femenino,Boston,Medio,3.0,29.18,No,Sí,Vegetariano,No,No registrado,chloe48@example.net,Efectivo,2194,19-30
7447874133,Karla,Foster,45.0,Femenino,Boston,Alto,6.0,40.7,Sí,Sí,Vegano,Sí,No registrado,No registrado,Tarjeta,4282,31-45
5471348077,Troy,Long,67.0,Masculino,Boston,Medio,2.0,7.85,No,No,Carnes,No,(458)260-0907x43178,stevenanderson@example.com,Efectivo,3309,61-100
4919717874,Tara,Delgado,41.0,Femenino,Boston,Muy Alto,9.0,98.49,No,Sí,Mariscos,Sí,241.769.1704,No registrado,App,11061,31-45
6933150768,Richard,Smith,51.0,Masculino,Boston,Medio,2.0,8.63,Sí,Sí,Carnes,No,No registrado,No registrado,Efectivo,2949,46-60
2434486874,Nicholas,Willis,50.0,Masculino,Boston,Bajo,3.0,12.6,No,Sí,Vegetariano,No,001-389-961-3303,pschaefer@example.com,App,813,46-60
1202872348,Deborah,King,24.0,Femenino,Boston,Medio,5.0,21.51,Sí,Sí,Pescado,No,640-660-9032x471,No registrado,App,2541,19-30
5474951950,Micheal,Wright,46.0,Masculino,Boston,Muy Alto,5.0,59.62,Sí,Sí,Pescado,Sí,No registrado,jburke@example.com,App,13257,46-60
9676059497,John,Hall,47.0,Masculino,Boston,Alto,4.0,38.7,No,No,Vegetariano,Sí,891.920.8113x6599,No registrado,Tarjeta,8475,46-60
5325076856,Sean,Chambers,78.0,Masculino,Boston,Medio,4.0,17.09,No,No,Mariscos,No,No registrado,No registrado,Tarjeta,1974,61-100
3027606794,Joshua,Ellis,33.0,Masculino,Boston,Medio,3.0,7.12,Sí,No,Otro,Sí,No registrado,No registrado,Tarjeta,3036,31-45
3867150847,Joseph,Foster,47.0,Masculino,Boston,Alto,6.0,9.23,Sí,No,Vegetariano,Sí,623.677.5167,No registrado,Efectivo,7228,46-60
5042421504,Martha,Martinez,79.0,Femenino,Boston,Alto,5.0,7.56,Sí,Sí,Carnes,No,001-323-215-3409,eparker@example.com,App,4295,61-100
7754396844,Kelly,Davis,31.0,Masculino,Boston,Medio,4.0,7.35,Sí,No,Vegetariano,No,(589)428-3249x44370,fjohnston@example.net,Efectivo,2093,31-45
4327345058,Andrea,Gordon,53.0,Femenino,Boston,Alto,6.0,36.08,Sí,Sí,Otro,Sí,No registrado,johnsonricardo@example.org,Tarjeta,8697,46-60
1625237388,Virginia,Davies,60.0,Femenino,Boston,Bajo,0.0,0.0,No,No,Pescado,No,No registrado,ashleygarcia@example.com,Efectivo,1013,46-60
2157004351,Rachel,Franklin,55.0,Femenino,Boston,Alto,6.0,20.22,No,No,Carnes,No,996-831-4365,No registrado,Efectivo,4522,46-60
2876975522,Luis,Cooper,19.0,Masculino,Boston,Alto,4.0,43.82,No,Sí,Mariscos,Sí,No registrado,No registrado,Tarjeta,4540,19-30
9342462477,Bradley,Lawson,25.0,Masculino,Boston,Alto,6.0,21.54,Sí,No,Carnes,Sí,742-498-5729x608,No registrado,Efectivo,4725,19-30
9320893980,Chelsey,Ellison,31.0,Femenino,Boston,Alto,4.0,35.68,Sí,No,Carnes,Sí,001-407-529-2262x659,timothyschneider@example.net,Efectivo,8301,31-45
1888598749,Todd,Perkins,35.0,Masculino,Boston,Medio,4.0,20.89,No,No,Vegetariano,No,001-941-343-2494x24312,No registrado,Tarjeta,2162,31-45
6468071295,Mary,Patton,69.0,Femenino,Boston,Alto,4.0,18.59,No,Sí,Otro,No,No registrado,No registrado,Tarjeta,5717,61-100
1451951731,Wanda,Brown,29.0,Femenino,Boston,Medio,5.0,5.8,Sí,Sí,Vegetariano,Sí,No registrado,No registrado,App,3059,19-30
6402282582,Mary,Williams,54.0,Femenino,Boston,Medio,2.0,16.89,Sí,Sí,Vegetariano,No,No registrado,robertaguirre@example.net,Efectivo,1716,46-60
5416544145,Sharon,Adams,24.0,Femenino,Boston,Alto,4.0,26.44,No,Sí,Vegetariano,Sí,984.359.9607,mitchelllisa@example.net,Efectivo,8685,19-30
9161730177,Michael,Warren,59.0,Masculino,Boston,Medio,3.0,23.56,No,No,Vegetariano,No,No registrado,No registrado,Efectivo,3270,46-60
7682917607,Jeffery,Kelly,30.0,Masculino,Boston,Bajo,1.0,10.24,No,Sí,Vegetariano,No,No registrado,powerstimothy@example.org,Efectivo,1056,19-30
4446339675,Cheryl,Martinez,53.0,Femenino,Boston,Bajo,2.0,5.9,No,No,Pescado,No,No registrado,No registrado,Efectivo,855,46-60
6324076716,Samantha,Mccann,22.0,Femenino,Boston,Alto,4.0,62.96,Sí,Sí,Vegetariano,Sí,(286)965-2658,ustevenson@example.com,Efectivo,8521,19-30
6486930490,Susan,Buchanan,47.0,Femenino,Boston,Alto,5.0,13.36,Sí,Sí,Carnes,No,No registrado,melanie87@example.com,App,3907,46-60
3664052763,Carol,James,32.0,Femenino,Boston,Muy Alto,8.0,26.93,No,No,Pescado,Sí,No registrado,larryallen@example.org,App,10401,31-45
3345941645,Ryan,Munoz,32.0,Masculino,Boston,Bajo,0.0,0.0,Sí,No,Vegetariano,No,+1-432-794-7818x3639,caitlin28@example.com,Tarjeta,1044,31-45
7942021507,Daniel,Simmons,18.0,Masculino,Boston,Muy Alto,6.0,93.65,No,Sí,Carnes,Sí,815.334.5887,nwillis@example.net,Tarjeta,11992,0-18
1830523409,Cassidy,Thompson,33.0,Femenino,Boston,Muy Alto,8.0,84.79,Sí,No,Mariscos,Sí,No registrado,benjaminmorgan@example.org,Efectivo,15077,31-45
1364377521,Justin,Sharp,44.0,Masculino,Boston,Medio,6.0,28.67,Sí,No,Vegetariano,Sí,001-942-695-1448x6789,No registrado,App,2273,31-45
6611046762,Dylan,Young,60.0,Masculino,Boston,Alto,6.0,53.09,No,No,Vegetariano,No,No registrado,jeffreyruiz@example.com,Tarjeta,4777,46-60
1953688743,Cassandra,Jones,68.0,Femenino,Boston,Medio,2.0,20.14,No,Sí,Mariscos,No,905-308-0493x11560,No registrado,Tarjeta,1863,61-100
6552608667,Michael,Giles,78.0,Masculino,Boston,Medio,4.0,21.2,Sí,No,Otro,No,+1-676-313-4058x30721,alejandrohughes@example.net,Tarjeta,2527,61-100
1355120345,Michele,Santos,24.0,Femenino,Boston,Medio,4.0,31.38,No,Sí,Mariscos,No,No registrado,No registrado,App,2858,19-30
5021451005,Thomas,Martin,38.0,Masculino,Boston,Alto,6.0,35.2,No,Sí,Vegetariano,Sí,001-309-234-3834x8589,williamsjames@example.net,Efectivo,6165,31-45
3942266913,Chelsea,Becker,25.0,Femenino,Boston,Muy Alto,10.0,23.97,Sí,Sí,Vegetariano,Sí,(335)523-6437x0984,No registrado,Tarjeta,15264,19-30
6929897032,Erin,Henderson,63.0,Femenino,Boston,Medio,3.0,24.3,No,No,Vegetariano,No,569.324.3837x87686,No registrado,Efectivo,1800,61-100
2836087710,Max,Gray,57.0,Masculino,Boston,Medio,2.0,31.03,Sí,Sí,Mariscos,No,253.517.7971x80812,kellyrebecca@example.net,Tarjeta,3414,46-60
4407284549,Heidi,Rose,23.0,Femenino,Boston,Muy Alto,7.0,98.56,No,Sí,Vegetariano,Sí,222-710-0741x382,No registrado,App,15651,19-30
7402059279,Claudia,Beasley,57.0,Femenino,Boston,Muy Alto,6.0,43.76,No,Sí,Carnes,No,359-490-7796,sarahpetty@example.org,Efectivo,10021,46-60
5839627384,Debra,Douglas,31.0,Femenino,Boston,Alto,4.0,13.24,Sí,No,Vegetariano,No,No registrado,No registrado,Efectivo,6931,31-45
7668259384,Jeremy,Smith,62.0,Masculino,Boston,Alto,6.0,58.92,No,Sí,Mariscos,Sí,No registrado,sandy85@example.org,App,4466,61-100
4009871459,Matthew,Obrien,54.0,Masculino,Boston,Muy Alto,8.0,85.72,Sí,Sí,Pescado,Sí,No registrado,darrellgould@example.net,Tarjeta,14827,46-60
5981716345,Harry,Williams,80.0,Masculino,Boston,Medio,2.0,7.92,Sí,Sí,Vegetariano,Sí,No registrado,No registrado,Tarjeta,2776,61-100
8224344340,Kevin,Brooks,53.0,Masculino,Boston,Medio,4.0,21.45,No,No,Carnes,Sí,No registrado,kenneth73@example.com,App,2490,46-60
6498231134,Jennifer,Wilkerson,72.0,Femenino,Boston,Medio,4.0,28.83,Sí,No,Mariscos,No,No registrado,christinayoung@example.org,Efectivo,2990,61-100
9587030322,Carol,Hernandez,59.0,Femenino,Boston,Bajo,1.0,11.0,No,Sí,Mariscos,No,No registrado,ncastillo@example.net,Tarjeta,1486,46-60
7322441686,Christopher,Wilkins,78.0,Masculino,Boston,Bajo,1.0,12.71,Sí,Sí,Vegetariano,No,No registrado,No registrado,Tarjeta,1218,61-100
7222657338,Jamie,Trujillo,62.0,Femenino,Boston,Bajo,1.0,14.46,Sí,No,Carnes,No,001-730-684-7762x281,john74@example.net,Efectivo,1591,61-100
3831912565,Angel,Vaughn,73.0,Masculino,Boston,Medio,3.0,21.06,No,Sí,Mariscos,No,389-910-4549x5752,srivera@example.com,App,1935,61-100
7786779009,Deborah,Meyer,60.0,Femenino,Boston,Muy Alto,5.0,37.11,No,Sí,Carnes,No,001-619-740-8282x674,No registrado,Tarjeta,10951,46-60
1198311432,Daniel,Anderson,54.0,Masculino,Boston,Bajo,0.0,0.0,Sí,No,Vegetariano,No,No registrado,No registrado,Efectivo,913,46-60
2611888154,Thomas,Hill,32.0,Masculino,Boston,Muy Alto,8.0,19.23,No,Sí,Mariscos,Sí,No registrado,No registrado,Efectivo,16571,31-45
6850950579,Melissa,Davis,32.0,Femenino,Boston,Alto,4.0,50.86,No,Sí,Vegetariano,No,9254205352,No registrado,App,7793,31-45
3006902845,Krystal,Sanchez,36.0,Femenino,Boston,Alto,6.0,5.21,No,No,Pescado,Sí,No registrado,peter84@example.com,App,3620,31-45
1257181149,Amber,Fuller,78.0,Femenino,Boston,Medio,3.0,26.48,Sí,Sí,Otro,No,No registrado,No registrado,App,2606,61-100
1684598046,Joshua,Miller,80.0,Masculino,Boston,Alto,5.0,34.05,Sí,Sí,Vegetariano,No,001-774-952-4835x93804,snydererica@example.com,Efectivo,7770,61-100
2854871996,Jenna,Henderson,63.0,Femenino,Boston,Alto,6.0,39.22,No,No,Carnes,No,No registrado,No registrado,Tarjeta,5527,61-100
2857370630,Heather,Allen,24.0,Femenino,Boston,Alto,5.0,38.55,No,Sí,Vegano,Sí,374.592.2065,No registrado,App,8140,19-30
7610939632,Jeffrey,Bell,79.0,Masculino,Boston,Medio,4.0,29.53,Sí,No,Mariscos,Sí,989.896.6044x16204,laura18@example.com,Tarjeta,2589,61-100
2807563598,Kathryn,Miller,68.0,Femenino,Boston,Medio,2.0,10.18,No,Sí,Pescado,No,No registrado,No registrado,Tarjeta,1866,61-100
7527394528,Samantha,Johnston,39.0,Femenino,Boston,Medio,3.0,14.64,No,Sí,Mariscos,No,+1-360-447-5617x602,No registrado,Tarjeta,3430,31-45
6861331470,Renee,Cortez,47.0,Femenino,Boston,Medio,4.0,22.58,Sí,Sí,Pescado,No,205.567.0819x554,No registrado,App,2684,46-60
2967799880,Rebecca,Jones,80.0,Femenino,Boston,Alto,6.0,39.8,Sí,No,Pescado,Sí,No registrado,kellynguyen@example.com,App,8234,61-100
7602474923,David,Sherman,27.0,Masculino,Boston,Alto,5.0,57.22,Sí,Sí,Vegetariano,Sí,693.232.6121,No registrado,Efectivo,5862,19-30
8497147047,Denise,Lutz,38.0,Femenino,Boston,Muy Alto,6.0,71.64,No,No,Vegetariano,Sí,No registrado,No registrado,Tarjeta,13395,31-45
2174336045,Angela,Walker,78.0,Femenino,Boston,Medio,4.0,25.29,Sí,No,Mariscos,No,No registrado,luke14@example.org,Efectivo,2593,61-100
7284335574,Nathan,Gibson,23.0,Masculino,Boston,Medio,2.0,33.48,No,Sí,Vegetariano,No,+1-973-966-8479,marcus35@example.net,Efectivo,2697,19-30
8768401728,Jared,Oneill,54.0,Masculino,Boston,Alto,4.0,9.74,No,Sí,Vegetariano,Sí,No registrado,aliciaevans@example.org,Tarjeta,4582,46-60
2721346755,Denise,Carr,54.0,Femenino,Boston,Alto,4.0,23.77,No,No,Carnes,Sí,(939)646-2883x594,ericazamora@example.com,App,6517,46-60
9529261412,Glen,Richards,31.0,Masculino,Boston,Alto,6.0,43.71,No,Sí,Carnes,Sí,(599)947-1503x29560,kevinhuang@example.com,Tarjeta,4771,31-45
7755611093,Crystal,Scott,34.0,Femenino,Boston,Alto,5.0,15.23,Sí,Sí,Carnes,Sí,No registrado,marcia01@example.com,Efectivo,7083,31-45
7032527837,Lisa,Brandt,29.0,Femenino,Boston,Medio,4.0,23.97,No,Sí,Otro,No,No registrado,matthewmontoya@example.com,Tarjeta,2447,19-30
5844127642,Michael,Reynolds,70.0,Masculino,Boston,Muy Alto,10.0,73.26,Sí,Sí,Vegetariano,Sí,+1-606-303-2690,No registrado,Efectivo,17612,61-100
8176211419,Laura,Brown,60.0,Femenino,Boston,Bajo,0.0,0.0,Sí,No,Pescado,No,5113606691,amber14@example.net,Tarjeta,1532,46-60
5905881794,Grant,Castaneda,22.0,Masculino,Boston,Bajo,3.0,9.16,No,Sí,Mariscos,No,No registrado,No registrado,Tarjeta,1062,19-30
9744584152,Alyssa,Osborn,30.0,Femenino,Boston,Bajo,0.0,0.0,No,Sí,Carnes,No,No registrado,nelsonsherri@example.com,Efectivo,1489,19-30
1651136232,Ashley,Martinez,27.0,Femenino,Boston,Medio,5.0,17.58,No,Sí,Vegetariano,Sí,+1-346-720-9320x37311,dorothyperez@example.com,Efectivo,2478,19-30
6011647233,Jean,Rodriguez,61.0,Femenino,Boston,Alto,4.0,46.16,No,Sí,Carnes,Sí,7734742665,No registrado,Efectivo,6531,61-100
4531566913,Jay,Baker,51.0,Masculino,Boston,Medio,4.0,30.76,No,No,Vegetariano,No,No registrado,No registrado,Criptomoneda,2467,46-60
3232254467,Scott,Torres,50.0,Masculino,Boston,Medio,2.0,7.3,Sí,No,Vegetariano,Sí,425.634.4199x95129,david74@example.com,Tarjeta,1751,46-60
4262396395,Michele,Hull,42.0,Femenino,Boston,Medio,4.0,27.75,No,No,Vegetariano,Sí,No registrado,No registrado,Tarjeta,1626,31-45
5301240165,Erika,Harris,20.0,Femenino,Boston,Alto,4.0,28.12,Sí,Sí,Vegano,Sí,No registrado,reedrobert@example.net,App,4162,19-30
7131166148,George,Briggs,68.0,Masculino,Boston,Alto,6.0,51.53,Sí,Sí,Mariscos,Sí,No registrado,fgillespie@example.com,Efectivo,5391,61-100
2836565385,Bradley,Rodriguez,47.0,Masculino,Boston,Medio,2.0,12.7,No,Sí,Mariscos,No,No registrado,anthonystewart@example.com,Tarjeta,3384,46-60
5090427575,Victoria,Guzman,27.0,Femenino,Boston,Muy Alto,9.0,16.32,Sí,Sí,Carnes,Sí,+1-352-932-9083x9036,kennethkaiser@example.com,Efectivo,17485,19-30
9026301048,Daniel,Holmes,69.0,Masculino,Boston,Medio,5.0,26.38,No,No,Mariscos,No,+1-900-465-7853x713,jason79@example.com,Tarjeta,2959,61-100
9263135031,Amy,Matthews,48.0,Femenino,Boston,Alto,4.0,7.58,No,No,Carnes,No,No registrado,No registrado,App,4382,46-60
9837053344,Donald,Ramirez,60.0,Masculino,Boston,Medio,4.0,16.63,No,No,Vegetariano,No,001-297-212-4398x904,cowanmisty@example.net,Tarjeta,1649,46-60
7827384148,Vanessa,Martin,56.0,Femenino,Boston,Muy Alto,10.0,41.44,No,Sí,Carnes,Sí,449-625-6535x07298,jeremyadams@example.com,Tarjeta,13942,46-60
9977754141,Troy,Kim,59.0,Masculino,Boston,Medio,4.0,29.02,Sí,Sí,Mariscos,No,No registrado,grayerik@example.net,App,2800,46-60
7552378257,Ashley,Lewis,69.0,Femenino,Boston,Muy Alto,8.0,66.68,No,No,Carnes,Sí,+1-623-564-7789x8955,millerjeffrey@example.net,Tarjeta,12859,61-100
1946570644,Ronald,Crawford,49.0,Masculino,Boston,Alto,6.0,10.17,No,No,Vegetariano,No,No registrado,larnold@example.net,Efectivo,5792,46-60
3804641562,Tiffany,Ray,45.0,Femenino,Boston,Alto,4.0,43.55,No,Sí,Otro,No,001-351-960-9145x02992,michelle62@example.com,Efectivo,8176,31-45
4732768149,Juan,Jackson,39.0,Masculino,Boston,Medio,5.0,22.25,Sí,Sí,Carnes,No,266-551-8630,mitchellrebekah@example.net,Efectivo,2105,31-45
4913956937,Brittany,Escobar,64.0,Femenino,Boston,Muy Alto,5.0,82.1,No,No,Mariscos,Sí,No registrado,No registrado,App,10056,61-100
2596371622,James,Hanson,57.0,Masculino,Boston,Medio,3.0,21.73,No,Sí,Otro,No,No registrado,vgrant@example.org,Efectivo,2999,46-60
2179341810,Anthony,Bauer,64.0,Masculino,Boston,Medio,2.0,33.33,No,No,Vegano,No,No registrado,ewolfe@example.org,Tarjeta,1660,61-100
4942910275,Claudia,Brooks,18.0,Femenino,Boston,Medio,3.0,24.91,Sí,No,Otro,No,No registrado,No registrado,Efectivo,2479,0-18
1304205279,Crystal,Powell,25.0,Femenino,Boston,Bajo,2.0,5.39,Sí,Sí,Carnes,No,No registrado,No registrado,Tarjeta,1403,19-30
5971639988,Joshua,Lee,64.0,Masculino,Boston,Alto,5.0,54.55,Sí,Sí,Mariscos,Sí,816-228-3229x3584,No registrado,Efectivo,8378,61-100
3592596823,Michael,Baldwin,71.0,Masculino,Boston,Alto,5.0,42.01,Sí,No,Mariscos,Sí,(945)295-1752x575,gregorycurtis@example.com,Tarjeta,4321,61-100
4552730695,Luis,Schaefer,42.0,Masculino,Boston,Alto,6.0,7.1,No,Sí,Mariscos,Sí,No registrado,michael29@example.org,Efectivo,5254,31-45
7377592736,Aaron,Webster,57.0,Masculino,Boston,Bajo,2.0,10.54,No,Sí,Mariscos,No,221.388.0485x3868,No registrado,App,1133,46-60
2908280434,William,Adams,60.0,Masculino,Boston,Alto,4.0,55.94,Sí,Sí,Pescado,Sí,849.526.3308,No registrado,App,6588,46-60
9500051804,Jason,Johnson,47.0,Masculino,Boston,Alto,6.0,60.44,Sí,Sí,Vegetariano,No,No registrado,No registrado,Efectivo,6532,46-60
9076530496,Haley,Fuentes,31.0,Femenino,Boston,Alto,4.0,19.21,Sí,Sí,Vegetariano,Sí,814.823.0120x8714,ashleycurry@example.net,Efectivo,7112,31-45
9146070829,Kaylee,Zuniga,56.0,Femenino,Boston,Muy Alto,5.0,45.5,No,Sí,Carnes,Sí,001-361-644-8156x5022,christine59@example.net,App,9986,46-60
4669811462,Brandon,Garcia,35.0,Masculino,Boston,Muy Alto,8.0,61.25,No,No,Vegano,Sí,No registrado,No registrado,Efectivo,15526,31-45
2047260902,Christie,Brandt,43.0,Femenino,Boston,Bajo,3.0,11.12,Sí,No,Mariscos,No,6199769730,cody06@example.org,Tarjeta,1342,31-45
4361948986,Paul,Miller,41.0,Masculino,Boston,Medio,2.0,6.11,Sí,Sí,Pescado,No,No registrado,No registrado,Tarjeta,2941,31-45
6005352997,Scott,Lee,72.0,Masculino,Boston,Bajo,1.0,8.47,No,Sí,Vegano,No,554.614.3719x841,No registrado,Efectivo,1543,61-100
9882268600,Paul,Smith,75.0,Masculino,Boston,Medio,5.0,9.93,Sí,Sí,Carnes,No,No registrado,vlang@example.com,Efectivo,1889,61-100
8361393047,Katrina,Evans,43.0,Femenino,Boston,Bajo,3.0,5.83,Sí,Sí,Pescado,No,No registrado,No registrado,App,1275,31-45
8012696455,Laura,Chandler,58.0,Femenino,Boston,Alto,6.0,44.7,Sí,Sí,Vegetariano,Sí,455-355-1113x0430,No registrado,Efectivo,7853,46-60
7073431287,Amber,Richardson,43.0,Femenino,Boston,Muy Alto,10.0,58.64,No,Sí,Carnes,Sí,No registrado,gwilson@example.net,App,12695,31-45
1846637941,Alexa,Griffin,78.0,Femenino,Boston,Medio,4.0,16.01,No,No,Carnes,No,No registrado,No registrado,Efectivo,2378,61-100
6055434544,Christopher,Edwards,80.0,Masculino,Boston,Muy Alto,8.0,18.91,Sí,Sí,Vegetariano,Sí,No registrado,No registrado,App,15005,61-100
5314118207,Danielle,Lee,52.0,Femenino,Boston,Medio,3.0,19.81,No,Sí,Vegetariano,Sí,768.270.4426x261,No registrado,Tarjeta,1815,46-60
9824632534,Kenneth,Gordon,55.0,Masculino,Boston,Muy Alto,7.0,47.54,No,No,Mariscos,Sí,No registrado,No registrado,Efectivo,12781,46-60
8253188367,John,Harvey,47.0,Masculino,Boston,Alto,3.0,34.5,No,Sí,Mariscos,No,No registrado,No registrado,Efectivo,5191,46-60
7205872694,William,Gray,63.0,Masculino,Boston,Muy Alto,6.0,61.55,Sí,Sí,Pescado,Sí,+1-648-545-0316x373,No registrado,Efectivo,17589,61-100
5003554215,Stephen,Murillo,19.0,Masculino,Boston,Medio,5.0,9.95,Sí,Sí,Vegetariano,No,(257)759-8670x32874,gonzalezjaime@example.org,Tarjeta,2282,19-30
2161310483,Terry,Allen,22.0,Masculino,Boston,Alto,5.0,35.33,No,Sí,Mariscos,No,001-290-584-4624x833,cramirez@example.net,Efectivo,7932,19-30
3553440342,Robert,Harmon,30.0,Masculino,Boston,Medio,3.0,29.23,Sí,Sí,Vegano,No,892.583.2793x311,tdavis@example.org,Tarjeta,2194,19-30
9665602303,Tommy,Blair,76.0,Masculino,Boston,Alto,4.0,20.48,No,Sí,Mariscos,No,3555188581,burnsmichael@example.net,Efectivo,5194,61-100
5021146805,Andrew,Paul,77.0,Masculino,Boston,Alto,6.0,15.56,Sí,No,Vegetariano,Sí,001-946-285-6884x0961,No registrado,Tarjeta,6694,61-100
1834753234,Catherine,Calderon,32.0,Femenino,Boston,Bajo,2.0,14.59,Sí,No,Otro,No,(361)695-0527x17982,No registrado,Tarjeta,1117,31-45
3825520527,Kenneth,Wheeler,80.0,Masculino,Boston,Muy Alto,10.0,30.96,No,No,Mariscos,Sí,No registrado,frank54@example.com,App,14621,61-100
2705866867,Heather,Thornton,23.0,Femenino,Boston,Bajo,1.0,6.34,No,Sí,Vegano,No,681.857.0516,charlesnewman@example.com,App,1355,19-30
3942721383,Kristina,Johnson,48.0,Femenino,Boston,Alto,6.0,17.84,No,Sí,Mariscos,Sí,No registrado,No registrado,App,5274,46-60
9584080614,Kevin,Wells,18.0,Masculino,Boston,Muy Alto,8.0,15.27,Sí,Sí,Vegano,Sí,001-465-911-3518,No registrado,App,11920,0-18
5852195828,Marilyn,Bruce,71.0,Femenino,Boston,Alto,5.0,12.11,Sí,No,Vegetariano,Sí,(728)672-4765x0125,No registrado,App,8152,61-100
7232004750,Susan,Jackson,38.0,Femenino,Boston,Medio,3.0,30.28,Sí,Sí,Pescado,No,No registrado,No registrado,Tarjeta,3107,31-45
3887159244,Molly,Sanchez,53.0,Femenino,Boston,Bajo,3.0,9.22,No,Sí,Vegetariano,No,382-623-2991x0678,qwarner@example.com,Efectivo,924,46-60
9852786935,Crystal,Jenkins,49.0,Femenino,Boston,Muy Alto,10.0,69.67,No,Sí,Carnes,Sí,345.625.4596,No registrado,Efectivo,12586,46-60
2907951048,Bonnie,Gamble,59.0,Femenino,Boston,Bajo,1.0,13.63,Sí,No,Vegetariano,No,001-986-639-2683x99480,theresacooper@example.org,App,1215,46-60
5574312634,Diana,Ponce,63.0,Femenino,Boston,Muy Alto,7.0,100.41,No,Sí,Carnes,Sí,No registrado,No registrado,Tarjeta,10453,61-100
1443616223,Mary,Randolph,32.0,Femenino,Boston,Alto,5.0,8.99,No,No,Mariscos,Sí,No registrado,No registrado,App,7537,31-45
7134352352,Joseph,Avery,53.0,Masculino,Boston,Medio,3.0,9.42,No,Sí,Vegano,No,No registrado,No registrado,Efectivo,2183,46-60
6389177633,Ian,Garcia,73.0,Masculino,Boston,Bajo,3.0,8.87,Sí,No,Vegetariano,No,6959443311,No registrado,Efectivo,1261,61-100
7010455626,Sarah,Carter,58.0,Femenino,Boston,Muy Alto,7.0,21.39,No,Sí,Carnes,Sí,+1-618-541-3558,No registrado,Efectivo,9082,46-60
5954575824,Walter,Henry,57.0,Masculino,Boston,Muy Alto,6.0,59.11,No,Sí,Mariscos,Sí,001-678-960-5607x9374,No registrado,Tarjeta,9225,46-60
8589216428,Stephanie,Morgan,55.0,Femenino,Boston,Medio,5.0,14.73,No,Sí,Mariscos,Sí,001-726-594-2469,frank31@example.net,Tarjeta,2087,46-60
3116935732,Zachary,Santos,46.0,Masculino,Boston,Muy Alto,8.0,39.3,Sí,No,Vegetariano,Sí,No registrado,No registrado,Efectivo,16145,46-60
6297963360,Crystal,Morton,46.0,Femenino,Boston,Bajo,1.0,11.87,Sí,Sí,Vegetariano,No,001-471-973-3758,No registrado,Tarjeta,1050,46-60
6009730605,Jody,Robinson,74.0,Femenino,Boston,Medio,2.0,34.29,Sí,Sí,Vegetariano,No,No registrado,No registrado,Tarjeta,1890,61-100
7408365992,Kathleen,Baker,43.0,Femenino,Boston,Medio,2.0,5.65,No,No,Vegetariano,Sí,No registrado,jgomez@example.org,Efectivo,3269,31-45
4914929023,Kristina,Gonzalez,23.0,Femenino,Boston,Muy Alto,5.0,48.19,Sí,No,Carnes,Sí,No registrado,No registrado,Efectivo,9610,19-30
2902063545,John,Wagner,78.0,Masculino,Boston,Bajo,3.0,12.46,Sí,No,Vegetariano,No,No registrado,sierrajimenez@example.org,App,1138,61-100
9701069382,David,Williams,18.0,Masculino,Boston,Medio,3.0,5.37,Sí,Sí,Vegetariano,No,No registrado,johnathan05@example.com,Efectivo,2269,0-18
3840364562,Jeremy,Hernandez,56.0,Masculino,Boston,Muy Alto,10.0,72.42,No,Sí,Mariscos,Sí,No registrado,stuartrobles@example.org,App,9555,46-60
7280718184,Jeffrey,Schneider,72.0,Masculino,Boston,Muy Alto,9.0,22.36,No,No,Vegetariano,Sí,999.482.7511x347,No registrado,Efectivo,15577,61-100
6856536838,Cynthia,Atkins,45.0,Femenino,Boston,Alto,6.0,33.16,No,Sí,Vegetariano,Sí,No registrado,No registrado,Efectivo,8368,31-45
5799336347,Katherine,Hughes,75.0,Femenino,Boston,Alto,5.0,21.2,No,No,Pescado,Sí,(515)677-4516x9950,robertcollins@example.net,Criptomoneda,3508,61-100
6182239160,Jeanette,Taylor,41.0,Femenino,Boston,Bajo,3.0,11.51,No,No,Pescado,No,No registrado,No registrado,Efectivo,1544,31-45
1322816583,Kristina,Mendoza,62.0,Femenino,Boston,Medio,3.0,9.61,Sí,Sí,Mariscos,No,No registrado,ramseyhayley@example.com,App,2231,61-100
6334332757,Chris,Gutierrez,48.0,Masculino,Boston,Medio,5.0,9.82,Sí,Sí,Carnes,No,(636)570-7675x490,jgonzalez@example.com,App,2805,46-60
5162369515,Matthew,Velazquez,31.0,Masculino,Boston,Alto,5.0,13.07,Sí,Sí,Mariscos,Sí,No registrado,No registrado,Criptomoneda,8522,31-45
5432358842,Cynthia,Williams,47.0,Femenino,Boston,Muy Alto,6.0,89.03,Sí,No,Mariscos,Sí,445.546.2240x217,aarongutierrez@example.org,Efectivo,13388,46-60
6251976725,Joseph,Boone,23.0,Masculino,Boston,Alto,6.0,39.49,No,Sí,Vegetariano,Sí,(223)772-3217,nicholas71@example.org,Efectivo,8147,19-30
9119851171,Amy,Thompson,51.0,Femenino,Boston,Medio,5.0,31.77,Sí,No,Otro,No,No registrado,mariaalexander@example.com,App,2400,46-60
9062174550,Mark,Carlson,19.0,Masculino,Boston,Medio,5.0,13.14,Sí,Sí,Pescado,No,751.693.3330,sabrina86@example.net,Efectivo,2051,19-30
6507337708,Kevin,Brooks,59.0,Masculino,Boston,Alto,5.0,34.77,Sí,Sí,Carnes,Sí,No registrado,No registrado,Efectivo,8597,46-60
9667435149,Benjamin,Bell,65.0,Masculino,Boston,Muy Alto,10.0,97.89,No,Sí,Mariscos,Sí,5313000183,No registrado,Efectivo,10868,61-100
7783667060,Jacqueline,Jacobs,66.0,Femenino,Boston,Medio,3.0,24.8,Sí,Sí,Vegetariano,No,252-286-2746x74752,No registrado,Tarjeta,1846,61-100
8679987160,Lisa,Lucas,50.0,Femenino,Boston,Bajo,3.0,13.58,Sí,No,Vegetariano,No,397.860.3912x48946,lisa20@example.org,Efectivo,1413,46-60
7851714074,Jessica,Cox,27.0,Femenino,Boston,Muy Alto,6.0,56.6,Sí,Sí,Carnes,Sí,001-833-903-9319x8748,No registrado,Efectivo,16359,19-30
6255086599,Brian,Shields,46.0,Masculino,Boston,Medio,4.0,19.14,Sí,Sí,Carnes,No,+1-403-220-5411x8192,cbuck@example.net,Efectivo,2233,46-60
2472460891,Lucas,Thomas,42.0,Masculino,Boston,Muy Alto,5.0,25.27,No,Sí,Vegano,Sí,844.393.4207x9971,sarah51@example.net,Tarjeta,16693,31-45
6971296417,Caitlin,Cruz,21.0,Femenino,Boston,Bajo,3.0,6.3,No,Sí,Pescado,No,001-754-322-0005,harriserik@example.net,Tarjeta,1175,19-30
2193688100,Gina,Clark,31.0,Femenino,Boston,Medio,2.0,13.68,No,No,Vegetariano,No,4679064947,No registrado,Efectivo,3327,31-45
8595371854,Katherine,Gomez,43.0,Femenino,Boston,Muy Alto,8.0,58.54,No,No,Vegetariano,Sí,No registrado,No registrado,Efectivo,10189,31-45
2275560361,Jason,Chavez,20.0,Masculino,Boston,Bajo,3.0,9.59,Sí,Sí,Carnes,No,552-559-4133,No registrado,Tarjeta,1132,19-30
9403298062,Jennifer,Mejia,49.0,Femenino,Boston,Alto,6.0,50.93,Sí,No,Carnes,Sí,001-244-208-4645x299,No registrado,Efectivo,5267,46-60
5007327257,Catherine,Banks,46.0,Femenino,Boston,Medio,4.0,8.56,No,No,Vegetariano,No,001-618-256-6594,No registrado,Efectivo,1888,46-60
2651765604,Ray,Hill,50.0,Masculino,Boston,Medio,4.0,21.41,Sí,Sí,Carnes,No,No registrado,No registrado,App,3467,46-60
8243193820,Steven,Jones,49.0,Masculino,Boston,Alto,5.0,31.37,No,No,Pescado,Sí,+1-873-888-4754x2229,mpatel@example.com,Efectivo,8485,46-60
9152534902,Mandy,Warren,63.0,Femenino,Boston,Muy Alto,8.0,28.58,No,Sí,Carnes,Sí,No registrado,melanie34@example.com,App,10200,61-100
4743515862,Laura,Perkins,65.0,Femenino,Boston,Medio,5.0,11.68,Sí,Sí,Vegano,No,No registrado,jamessmith@example.org,Tarjeta,2633,61-100
8607985648,Chad,Alexander,61.0,Masculino,Boston,Alto,5.0,47.75,Sí,No,Pescado,Sí,No registrado,No registrado,App,8489,61-100
1477684435,Sandy,Robertson,60.0,Femenino,Boston,Alto,5.0,13.76,No,No,Mariscos,Sí,No registrado,richard45@example.net,App,8414,46-60
4462995869,Matthew,Morrison,23.0,Masculino,Boston,Medio,5.0,6.58,Sí,Sí,Carnes,No,001-816-277-0246,marywright@example.com,Efectivo,3034,19-30
5163841475,Christian,Moore,38.0,Masculino,Boston,Alto,4.0,22.67,No,No,Vegetariano,No,(778)419-5778x7514,amyhatfield@example.com,Tarjeta,4092,31-45
8908740050,Tanya,Rice,34.0,Femenino,Boston,Muy Alto,8.0,103.15,No,Sí,Vegano,Sí,001-889-217-2924x71554,No registrado,Tarjeta,14343,31-45
1867835419,Troy,Hernandez,38.0,Masculino,Boston,Medio,4.0,25.5,No,No,Vegano,No,7046894549,tammie93@example.org,App,3134,31-45
5240686279,Richard,Garrett,24.0,Masculino,Boston,Muy Alto,5.0,83.07,Sí,Sí,Carnes,Sí,+1-570-754-1927x4160,No registrado,Criptomoneda,16688,19-30
1793565790,Tyler,Fernandez,31.0,Masculino,Boston,Muy Alto,5.0,49.79,Sí,No,Vegetariano,Sí,No registrado,cdouglas@example.com,Tarjeta,11903,31-45
9338265776,Terri,Turner,19.0,Femenino,Boston,Muy Alto,5.0,71.88,Sí,Sí,Carnes,Sí,(232)992-2648x2320,No registrado,Efectivo,17094,19-30
4046231366,Justin,Murray,19.0,Masculino,Boston,Bajo,1.0,14.5,Sí,Sí,Vegano,No,+1-808-804-8996x95115,No registrado,Tarjeta,1124,19-30
8407526786,Haley,Guzman,61.0,Femenino,Boston,Muy Alto,9.0,59.06,No,No,Vegetariano,Sí,689-283-9757x2357,No registrado,Efectivo,10469,61-100
3504000119,Lisa,Huff,27.0,Femenino,Boston,Medio,3.0,23.74,No,Sí,Vegetariano,No,No registrado,No registrado,App,2252,19-30
2980111882,Kenneth,Young,30.0,Masculino,Boston,Alto,6.0,55.12,Sí,Sí,Mariscos,No,No registrado,mbrown@example.net,Efectivo,5056,19-30
6471137635,Karen,Barker,27.0,Femenino,Boston,Bajo,2.0,6.06,No,Sí,Vegano,No,No registrado,kpowell@example.org,App,1074,19-30
2406080225,Edward,Alvarado,65.0,Masculino,Boston,Muy Alto,8.0,5.65,Sí,No,Vegetariano,Sí,(365)785-6289x888,dunnbrenda@example.org,Tarjeta,16112,61-100
1774397042,Sarah,Garcia,59.0,Femenino,Boston,Muy Alto,7.0,87.58,Sí,No,Pescado,Sí,001-464-962-4894x0782,samanthagarrison@example.com,Efectivo,11272,46-60
8303937237,Kayla,Benjamin,54.0,Femenino,Boston,Muy Alto,6.0,77.11,Sí,No,Mariscos,Sí,001-502-342-8969x34901,mguerra@example.com,Efectivo,15692,46-60
5349214297,Jerry,Villegas,51.0,Masculino,Boston,Alto,5.0,29.08,No,No,Carnes,Sí,(226)684-1012x327,zkim@example.org,Tarjeta,8953,46-60
8753291539,Heather,Johnson,66.0,Femenino,Boston,Medio,4.0,18.59,Sí,No,Vegano,Sí,No registrado,christina81@example.net,Efectivo,3315,61-100
4203690252,Emma,Salazar,79.0,Femenino,Boston,Bajo,0.0,0.0,No,No,Vegano,No,+1-939-450-0544x077,No registrado,Efectivo,939,61-100
6808867808,Alan,Fernandez,34.0,Masculino,Boston,Bajo,0.0,0.0,No,No,Mariscos,No,No registrado,sarahbrown@example.com,Tarjeta,1276,31-45
3822302662,Heather,Adams,20.0,Femenino,Boston,Alto,5.0,15.82,No,Sí,Pescado,Sí,No registrado,robinsonlisa@example.org,Tarjeta,7564,19-30
1191510869,Brandy,Hayes,22.0,Femenino,Boston,Medio,3.0,12.84,Sí,Sí,Carnes,No,No registrado,willismichael@example.com,App,1783,19-30
5990553847,Shannon,Mckenzie,20.0,Femenino,Boston,Bajo,0.0,0.0,No,Sí,Carnes,No,568-481-8756x150,patricia14@example.com,Tarjeta,1047,19-30
9274607445,Isabella,Lewis,35.0,Femenino,Boston,Medio,2.0,25.58,Sí,No,Carnes,No,No registrado,No registrado,Tarjeta,2111,31-45
5596982538,Kenneth,Cox,33.0,Masculino,Boston,Muy Alto,10.0,70.44,Sí,Sí,Carnes,Sí,No registrado,cynthiagardner@example.com,App,16233,31-45
7054571545,Maureen,Martin,36.0,Femenino,Boston,Alto,6.0,20.16,No,No,Vegetariano,Sí,No registrado,No registrado,Tarjeta,6443,31-45
6551379126,Nicole,Gonzalez,37.0,Femenino,Boston,Medio,5.0,33.54,Sí,No,Otro,No,No registrado,No registrado,Efectivo,3382,31-45
4285580428,Maria,Joseph,54.0,Femenino,Boston,Alto,6.0,30.72,Sí,Sí,Carnes,No,No registrado,No registrado,Efectivo,5122,46-60
7303672817,Kenneth,Schultz,80.0,Masculino,Boston,Medio,3.0,29.44,Sí,Sí,Vegetariano,No,496.212.1618x492,james54@example.net,Efectivo,2562,61-100
5641658115,Shannon,Jones,23.0,Femenino,Boston,Bajo,0.0,0.0,No,Sí,Pescado,No,792.590.4886x5217,livingstondiane@example.com,Tarjeta,1303,19-30
3403413753,Patty,Hamilton,74.0,Femenino,Boston,Bajo,3.0,11.22,Sí,No,Vegetariano,No,(260)694-4786x8950,No registrado,App,954,61-100
3495889320,Christina,Daniels,78.0,Femenino,Boston,Bajo,3.0,14.74,No,No,Vegetariano,No,+1-418-490-1358x789,No registrado,Tarjeta,883,61-100
8163557725,Keith,Ross,60.0,Masculino,Boston,Alto,5.0,57.72,No,Sí,Pescado,No,994.790.6719,No registrado,Tarjeta,3699,46-60
2685508823,Cheryl,Harper,29.0,Femenino,Boston,Alto,6.0,13.76,Sí,Sí,Carnes,Sí,No registrado,No registrado,Tarjeta,7797,19-30
4240663231,Kurt,Woodward,68.0,Masculino,Boston,Alto,4.0,58.17,Sí,Sí,Vegetariano,Sí,No registrado,No registrado,Efectivo,5821,61-100
1692940438,Tonya,Lewis,21.0,Femenino,Boston,Bajo,1.0,8.61,Sí,Sí,Vegetariano,No,No registrado,No registrado,Efectivo,1112,19-30
8919234666,Antonio,Fields,73.0,Masculino,Boston,Muy Alto,8.0,57.0,No,No,Vegano,Sí,+1-476-470-9481,stephanie21@example.org,App,11435,61-100
1835091119,Danielle,Wood,78.0,Femenino,Boston,Muy Alto,10.0,18.46,Sí,Sí,Mariscos,No,No registrado,No registrado,Tarjeta,9934,61-100
4889564372,Michael,Andrews,29.0,Masculino,Boston,Bajo,0.0,0.0,Sí,Sí,Carnes,No,683.278.9121x772,No registrado,App,1019,19-30
3368275122,Tony,Martin,59.0,Masculino,Boston,Muy Alto,5.0,71.02,No,Sí,Mariscos,Sí,No registrado,mcgeetimothy@example.org,Efectivo,14842,46-60
8546656212,Richard,Ellis,24.0,Masculino,Boston,Medio,5.0,9.91,Sí,Sí,Carnes,No,838.604.3696x8536,No registrado,Efectivo,1718,19-30
4456273760,Ann,Vasquez,80.0,Femenino,Boston,Bajo,0.0,0.0,Sí,No,Vegetariano,No,No registrado,jesse91@example.com,Efectivo,1200,61-100
4231201128,Allison,Alvarez,62.0,Femenino,Boston,Alto,5.0,38.13,No,Sí,Vegetariano,Sí,001-445-422-5627,kennedycody@example.org,Tarjeta,5129,61-100
8386117322,Bradley,Miller,34.0,Masculino,Boston,Bajo,2.0,6.67,No,No,Vegano,No,921-585-4052,marc15@example.org,Tarjeta,868,31-45
1475154741,Ashley,Williams,46.0,Femenino,Boston,Alto,4.0,17.5,No,Sí,Otro,No,(934)581-9634x9800,No registrado,App,3705,46-60
2047923634,Anthony,Taylor,78.0,Masculino,Boston,Alto,6.0,46.27,Sí,Sí,Vegano,Sí,725.325.3409x90269,misty40@example.net,Efectivo,7269,61-100
8133593748,Peter,Gibson,25.0,Masculino,Boston,Alto,6.0,54.77,Sí,No,Vegetariano,Sí,(605)615-6689,No registrado,Tarjeta,4335,19-30
6154379856,Sarah,Haynes,34.0,Femenino,Boston,Alto,5.0,50.37,Sí,Sí,Carnes,Sí,No registrado,No registrado,Efectivo,3729,31-45
6892565421,Stacey,Daugherty,34.0,Femenino,Boston,Muy Alto,10.0,19.12,No,No,Pescado,Sí,744-292-7289,No registrado,Tarjeta,9014,31-45
3426237210,Kathryn,Mccoy,77.0,Femenino,Boston,Medio,4.0,16.41,No,No,Pescado,No,880-866-0638x6284,No registrado,Tarjeta,3041,61-100
5784669422,Lori,Bailey,78.0,Femenino,Boston,Muy Alto,7.0,44.96,No,No,Pescado,Sí,840-671-3771x317,No registrado,Efectivo,9040,61-100
9338455434,Matthew,Bailey,63.0,Masculino,Boston,Muy Alto,6.0,79.16,Sí,Sí,Vegetariano,Sí,(933)714-9939x16692,udavies@example.com,Efectivo,13801,61-100
5072538783,Mary,Pearson,75.0,Femenino,Boston,Bajo,0.0,0.0,No,Sí,Vegano,No,+1-534-870-4225x0540,No registrado,Efectivo,1172,61-100
7169653099,Joshua,Carter,28.0,Masculino,Boston,Muy Alto,9.0,66.37,Sí,Sí,Carnes,Sí,No registrado,elizabethramsey@example.com,Tarjeta,16333,19-30
7583655883,Anthony,Perez,31.0,Masculino,Boston,Medio,2.0,31.6,No,Sí,Otro,No,(214)612-1136,nelsonrhonda@example.org,Efectivo,2142,31-45
6928691380,Kevin,Smith,28.0,Masculino,Boston,Alto,5.0,51.48,Sí,Sí,Pescado,Sí,No registrado,xgonzalez@example.org,Efectivo,3776,19-30
4675517676,Eugene,Molina,28.0,Masculino,Boston,Bajo,1.0,9.9,No,Sí,Carnes,No,No registrado,No registrado,Efectivo,1290,19-30
4423801858,Michelle,Beasley,37.0,Femenino,Boston,Medio,5.0,29.41,Sí,Sí,Mariscos,No,800-274-7010,acevedodakota@example.org,App,2319,31-45
8832070666,Linda,Jones,49.0,Femenino,Boston,Alto,4.0,44.98,No,Sí,Vegetariano,Sí,+1-387-677-5597x88422,No registrado,Tarjeta,5030,46-60
2655119831,Haley,Thompson,23.0,Femenino,Boston,Bajo,1.0,9.62,No,Sí,Otro,No,903.569.7996x768,No registrado,Tarjeta,1033,19-30
7966693265,Christopher,Little,56.0,Masculino,Boston,Alto,6.0,25.1,No,No,Vegano,Sí,+1-974-835-1469x91978,No registrado,Tarjeta,8496,46-60
5902556142,Charles,Harris,48.0,Masculino,Boston,Medio,2.0,20.14,Sí,No,Vegetariano,No,+1-501-883-1126x80058,No registrado,Efectivo,1984,46-60
5139671436,Harold,Potts,39.0,Masculino,Boston,Medio,3.0,32.32,No,No,Carnes,Sí,No registrado,natalieharris@example.com,Efectivo,2245,31-45
4738453527,Catherine,Johnson,19.0,Femenino,Boston,Medio,2.0,7.25,No,Sí,Vegetariano,No,No registrado,No registrado,Efectivo,3067,19-30
2030182166,David,Hooper,35.0,Masculino,Boston,Muy Alto,9.0,30.69,Sí,No,Vegano,Sí,(239)532-7930,No registrado,Efectivo,17447,31-45
8683546423,Jacob,Walker,57.0,Masculino,Boston,Medio,5.0,24.67,Sí,Sí,Mariscos,No,+1-952-890-1439,aatkinson@example.com,Tarjeta,2513,46-60
7618025538,Eric,Evans,43.0,Masculino,Boston,Alto,4.0,60.26,No,No,Otro,Sí,280.748.9324,kathleen92@example.org,App,8689,31-45
5573648456,Tiffany,Ramirez,33.0,Femenino,Boston,Alto,6.0,40.63,No,Sí,Mariscos,Sí,(299)511-1362,No registrado,Tarjeta,8647,31-45
4997866845,Stephanie,Jenkins,77.0,Femenino,Boston,Medio,5.0,12.67,Sí,Sí,Vegetariano,No,No registrado,No registrado,Efectivo,2020,61-100
8522807924,Stacey,Hall,51.0,Femenino,Boston,Alto,6.0,45.85,Sí,Sí,Vegetariano,Sí,5946840014,duffyalisha@example.org,Tarjeta,5143,46-60
3598656377,Joseph,Miller,21.0,Masculino,Boston,Muy Alto,8.0,44.22,No,Sí,Pescado,Sí,596.596.0465x9075,No registrado,Efectivo,13580,19-30
3980422108,Brandon,Haynes,50.0,Masculino,Boston,Alto,4.0,58.66,No,No,Mariscos,Sí,(499)809-2790,qwhite@example.com,Efectivo,7824,46-60
6869891456,Christopher,Williams,28.0,Masculino,Boston,Muy Alto,8.0,71.58,No,Sí,Vegetariano,Sí,No registrado,santiagodavid@example.org,Tarjeta,15159,19-30
3407096630,Mackenzie,Brock,38.0,Femenino,Boston,Bajo,1.0,6.86,No,No,Carnes,No,No registrado,No registrado,Efectivo,952,31-45
6846131162,Joseph,Brown,73.0,Masculino,Boston,Medio,3.0,32.33,Sí,No,Vegano,No,4833604990,jwilson@example.org,Tarjeta,2994,61-100
8266159318,Willie,Grant,51.0,Masculino,Boston,Medio,3.0,19.88,Sí,No,Vegetariano,No,(961)428-4332x407,No registrado,Criptomoneda,2282,46-60
2398806247,Christopher,Dawson,60.0,Masculino,Boston,Alto,6.0,48.5,Sí,Sí,Carnes,Sí,239.419.7151x468,No registrado,App,6322,46-60
3014221360,Angela,Ryan,35.0,Femenino,Boston,Medio,5.0,13.83,Sí,No,Carnes,Sí,702.234.9132,No registrado,Efectivo,3307,31-45
7610284736,Alejandro,Williams,64.0,Masculino,Boston,Alto,4.0,38.83,Sí,Sí,Vegetariano,Sí,+1-295-978-8107x09109,No registrado,Criptomoneda,6510,61-100
6769247261,Jasmine,Velazquez,26.0,Femenino,Boston,Muy Alto,6.0,57.3,Sí,Sí,Vegetariano,Sí,(337)992-7357,robertsonlindsay@example.org,App,14065,19-30
6306974606,Alvin,Graham,71.0,Masculino,Boston,Alto,5.0,60.07,No,No,Vegetariano,Sí,958.320.3371,leonardwhite@example.com,Tarjeta,6681,61-100
7667919375,Karen,Wilson,33.0,Femenino,Boston,Bajo,1.0,11.34,No,Sí,Otro,No,+1-635-983-1499x68205,ethanmontgomery@example.org,Tarjeta,883,31-45
9068129529,Melanie,Brooks,20.0,Femenino,Boston,Alto,6.0,56.18,No,Sí,Vegetariano,Sí,No registrado,No registrado,Tarjeta,4443,19-30
3300264042,Molly,Smith,18.0,Femenino,Boston,Alto,4.0,26.68,Sí,Sí,Vegetariano,Sí,No registrado,No registrado,Tarjeta,6245,0-18
9375661256,Sierra,Finley,64.0,Femenino,Boston,Alto,5.0,59.48,Sí,Sí,Mariscos,No,(974)779-1131x5772,No registrado,Efectivo,6283,61-100
1567612460,Janice,Elliott,46.0,Femenino,Boston,Alto,4.0,11.17,No,No,Vegetariano,Sí,No registrado,No registrado,Tarjeta,6043,46-60
6329023487,Jessica,King,77.0,Femenino,Boston,Medio,2.0,14.81,Sí,Sí,Vegano,No,No registrado,No registrado,Tarjeta,2806,61-100
9551204879,James,Perez,34.0,Masculino,Boston,Muy Alto,7.0,52.88,No,No,Vegetariano,Sí,No registrado,jessica71@example.org,Criptomoneda,16559,31-45
5271453859,Joseph,Bell,31.0,Masculino,Boston,Alto,5.0,37.26,Sí,No,Pescado,No,No registrado,hannah48@example.com,Tarjeta,7178,31-45
6800756648,Kelly,Fischer,58.0,Femenino,Boston,Muy Alto,7.0,44.64,Sí,Sí,Mariscos,Sí,504-588-3610x25481,tjohnson@example.net,Efectivo,17972,46-60
1578665615,Angela,Wang,72.0,Femenino,Boston,Muy Alto,9.0,43.06,Sí,No,Mariscos,Sí,No registrado,maria16@example.net,App,15376,61-100
4154903644,Linda,Washington,68.0,Femenino,Boston,Medio,5.0,19.0,Sí,Sí,Mariscos,No,No registrado,No registrado,Efectivo,2383,61-100
2753857965,Jennifer,Daniels,44.0,Femenino,Boston,Bajo,2.0,13.13,Sí,Sí,Vegetariano,No,277-223-8239x116,zthomas@example.com,Tarjeta,1032,31-45
5308815905,Samantha,Becker,33.0,Femenino,Boston,Bajo,0.0,0.0,No,No,Vegetariano,No,001-404-620-5151x68950,No registrado,App,902,31-45
5801462032,Melissa,Fuller,22.0,Femenino,Boston,Alto,4.0,54.71,No,No,Vegetariano,No,No registrado,No registrado,App,4596,19-30
9364254047,Donna,Aguilar,76.0,Femenino,Boston,Bajo,1.0,10.27,Sí,No,Carnes,No,No registrado,No registrado,Criptomoneda,997,61-100
7699500243,Alexandra,Kelly,65.0,Femenino,Boston,Bajo,3.0,13.64,No,No,Mariscos,No,No registrado,millercaleb@example.net,Efectivo,1231,61-100
2839566253,Alexa,Randall,20.0,Femenino,Boston,Medio,2.0,5.49,No,Sí,Mariscos,No,No registrado,No registrado,Efectivo,2910,19-30
6678272594,Trevor,Carroll,70.0,Masculino,Boston,Medio,2.0,15.65,Sí,Sí,Pescado,No,No registrado,christopherwhite@example.org,Tarjeta,2364,61-100
6765749477,Tiffany,Jackson,34.0,Femenino,Boston,Alto,6.0,50.53,Sí,Sí,Pescado,Sí,279-481-8041,kathryngutierrez@example.org,Tarjeta,3829,31-45
2073751432,Jason,Nichols,51.0,Masculino,Boston,Medio,5.0,15.96,Sí,No,Mariscos,Sí,No registrado,No registrado,Criptomoneda,2329,46-60
7283566543,Stephanie,Cobb,68.0,Femenino,Boston,Muy Alto,9.0,78.01,No,No,Otro,Sí,No registrado,No registrado,Efectivo,13039,61-100
5376256767,Erin,Smith,68.0,Femenino,Boston,Bajo,3.0,8.38,No,Sí,Otro,No,292-638-5090,edward30@example.com,Tarjeta,809,61-100
6931227872,Richard,Campbell,56.0,Masculino,Boston,Muy Alto,6.0,94.11,No,Sí,Carnes,Sí,+1-994-812-8230x85864,No registrado,Tarjeta,14553,46-60
8682616892,Sabrina,Morales,74.0,Femenino,Boston,Medio,4.0,16.29,No,Sí,Mariscos,Sí,No registrado,No registrado,Efectivo,2913,61-100
5115980792,Matthew,Daniels,51.0,Masculino,Boston,Medio,5.0,33.44,Sí,No,Mariscos,No,No registrado,No registrado,Efectivo,2596,46-60
9844857980,Anthony,Wright,41.0,Masculino,Boston,Alto,6.0,8.55,No,Sí,Mariscos,No,001-962-417-4813,No registrado,App,6218,31-45
9491131506,Derek,Daniels,75.0,Masculino,Boston,Muy Alto,10.0,15.26,Sí,No,Mariscos,Sí,001-715-667-1051x69084,rothkatie@example.net,App,14560,61-100
4080287751,James,Warner,36.0,Masculino,Boston,Medio,3.0,19.78,Sí,No,Vegetariano,No,994.607.5246,No registrado,App,2415,31-45
8826851692,Kimberly,Levy,38.0,Femenino,Boston,Medio,4.0,8.41,No,No,Otro,No,No registrado,No registrado,Efectivo,2457,31-45
5371171235,Pamela,Bishop,31.0,Femenino,Boston,Alto,5.0,21.5,No,No,Vegetariano,Sí,No registrado,taylorbryan@example.org,Tarjeta,6879,31-45
2032935094,Nicholas,Barrett,46.0,Masculino,Boston,Muy Alto,7.0,35.25,Sí,Sí,Pescado,Sí,(722)690-1229x17584,lindseyboyle@example.net,Tarjeta,14868,46-60
6933155144,Kevin,Walker,34.0,Masculino,Boston,Alto,5.0,55.91,No,No,Carnes,Sí,No registrado,allisonferguson@example.com,Tarjeta,8347,31-45
4064481466,Chelsea,Larson,20.0,Femenino,Boston,Alto,6.0,35.02,No,Sí,Vegetariano,No,+1-732-269-3885x3632,No registrado,Efectivo,6252,19-30
6813847021,Kathryn,Hensley,22.0,Femenino,Boston,Bajo,1.0,5.62,Sí,Sí,Carnes,No,253.782.5866x3333,smithkatherine@example.org,Tarjeta,1063,19-30
4823580587,Samantha,Henry,78.0,Femenino,Boston,Medio,4.0,31.59,No,No,Vegetariano,No,852.941.5165x1127,No registrado,Tarjeta,1788,61-100
5287286126,Sharon,Thompson,64.0,Femenino,Boston,Medio,3.0,23.21,Sí,Sí,Vegano,No,001-869-589-9120x92861,ryan67@example.org,Tarjeta,2267,61-100
7207657056,Jordan,Gardner,63.0,Femenino,Boston,Alto,6.0,12.92,No,Sí,Mariscos,Sí,+1-609-457-8282,No registrado,Tarjeta,5794,61-100
1678266085,Adriana,Harrison,59.0,Femenino,Boston,Alto,5.0,37.16,No,No,Vegetariano,Sí,(580)405-6672x784,No registrado,App,6522,46-60
1618405605,Nancy,Turner,24.0,Femenino,Boston,Muy Alto,10.0,78.12,Sí,Sí,Mariscos,Sí,001-238-872-0205x77397,richardburnett@example.com,App,16940,19-30
9891631362,Calvin,Ballard,33.0,Masculino,Boston,Alto,4.0,28.77,No,No,Vegetariano,No,921-357-3627x5947,joseph48@example.org,App,4013,31-45
5733954521,Kyle,Pena,41.0,Masculino,Boston,Medio,4.0,27.68,No,No,Carnes,No,(885)359-1165x9484,No registrado,Tarjeta,1950,31-45
7151309139,Joseph,Khan,54.0,Masculino,Boston,Medio,4.0,30.37,No,No,Vegetariano,No,No registrado,No registrado,Efectivo,3411,46-60
7391822205,Tracy,Brown,55.0,Femenino,Boston,Medio,2.0,29.55,Sí,Sí,Pescado,No,482-527-4120x13949,qadams@example.com,Tarjeta,2194,46-60
1832607023,Joseph,Thompson,25.0,Masculino,Boston,Bajo,0.0,0.0,Sí,Sí,Pescado,No,(521)922-0334,No registrado,App,1207,19-30
8249872108,Miranda,Figueroa,42.0,Femenino,Boston,Alto,6.0,64.49,No,Sí,Vegano,Sí,473.995.3855x3777,helenlopez@example.net,Efectivo,6666,31-45
6719736115,Melvin,Rivera,42.0,Masculino,Boston,Medio,3.0,17.69,No,Sí,Otro,No,No registrado,allisonwhite@example.org,Efectivo,2366,31-45
7035630243,Aimee,Smith,52.0,Femenino,Boston,Medio,4.0,26.62,Sí,No,Pescado,No,No registrado,No registrado,Efectivo,2723,46-60
8126491167,Tina,Johnson,20.0,Femenino,Boston,Bajo,1.0,6.11,Sí,Sí,Vegetariano,No,+1-378-724-5753x08233,ryoung@example.org,Efectivo,1405,19-30
2428209183,Adam,Vang,72.0,Masculino,Boston,Medio,3.0,6.22,No,Sí,Vegetariano,No,(655)706-5464,No registrado,App,2609,61-100
7194208236,Mark,Powell,50.0,Masculino,Boston,Alto,6.0,43.25,No,No,Carnes,Sí,753.451.0109x154,saradennis@example.org,App,8634,46-60
2627266504,Samuel,Cabrera,35.0,Masculino,Boston,Alto,5.0,24.25,Sí,Sí,Mariscos,Sí,(955)849-9167x0038,thomassimpson@example.com,App,8300,31-45
5899025962,Nancy,Hernandez,64.0,Femenino,Boston,Bajo,2.0,10.94,No,Sí,Otro,No,No registrado,No registrado,App,1353,61-100
4318784172,Douglas,Byrd,47.0,Masculino,Boston,Bajo,1.0,6.6,No,Sí,Vegetariano,No,No registrado,No registrado,App,1053,46-60
1641327636,Daniel,Acosta,72.0,Masculino,Boston,Bajo,2.0,11.58,Sí,No,Vegetariano,No,No registrado,No registrado,App,1479,61-100
9976363523,Jennifer,Yates,20.0,Femenino,Boston,Medio,3.0,19.04,Sí,Sí,Vegetariano,No,792-730-2055,michaelmoore@example.com,Efectivo,2614,19-30
7935456737,Andrew,Jenkins,57.0,Masculino,Boston,Alto,6.0,34.62,No,Sí,Pescado,No,(223)757-6764,No registrado,App,3880,46-60
1681506405,Amanda,Taylor,38.0,Femenino,Boston,Muy Alto,6.0,10.72,Sí,Sí,Pescado,Sí,691-498-4621,No registrado,Efectivo,14341,31-45
3305954567,Sara,Weaver,60.0,Femenino,Boston,Medio,2.0,20.68,Sí,Sí,Carnes,No,6843587432,simmonssandra@example.net,Tarjeta,2435,46-60
8194652984,Heather,Luna,74.0,Femenino,Boston,Alto,5.0,9.44,Sí,Sí,Pescado,Sí,809-500-2214x65325,No registrado,Criptomoneda,6159,61-100
6110646714,Amy,Mcguire,36.0,Femenino,Boston,Muy Alto,7.0,22.26,Sí,Sí,Pescado,Sí,7152048649,No registrado,Efectivo,11051,31-45
7872088960,Brian,Jimenez,29.0,Masculino,Boston,Bajo,1.0,14.79,No,No,Carnes,No,No registrado,No registrado,App,1084,19-30
1229657132,Anna,Carter,55.0,Femenino,Boston,Medio,5.0,20.74,Sí,Sí,Pescado,Sí,+1-460-311-0556x28841,antonio14@example.org,Tarjeta,1747,46-60
3677116516,Shelley,Hart,58.0,Femenino,Boston,Alto,6.0,28.21,Sí,Sí,Pescado,Sí,(871)839-3339x5679,mlynch@example.com,Efectivo,5399,46-60
2394798223,Sarah,Huerta,68.0,Femenino,Boston,Muy Alto,6.0,83.71,No,Sí,Vegetariano,Sí,600.696.4055,johnnylambert@example.com,Tarjeta,10679,61-100
7092626394,David,Cooper,75.0,Masculino,Boston,Muy Alto,10.0,75.44,Sí,No,Otro,Sí,8735986484,No registrado,Efectivo,13635,61-100
8984473676,Savannah,Daniels,32.0,Femenino,Boston,Bajo,2.0,11.4,Sí,Sí,Pescado,No,486-571-5084x701,No registrado,Tarjeta,1277,31-45
1495338179,Dennis,Walker,60.0,Masculino,Boston,Alto,4.0,39.21,Sí,Sí,Carnes,Sí,(912)377-0940x9175,tracymorris@example.net,Tarjeta,7743,46-60
3743975564,Ashley,Norton,44.0,Femenino,Boston,Alto,4.0,34.82,No,Sí,Vegetariano,No,No registrado,No registrado,Efectivo,5641,31-45
3451514991,Matthew,Hall,28.0,Masculino,Boston,Medio,3.0,33.39,Sí,Sí,Vegetariano,No,864.943.6536x78047,No registrado,Tarjeta,2946,19-30
6160832745,Heather,Delacruz,53.0,Femenino,Boston,Bajo,2.0,13.6,Sí,No,Otro,No,(720)697-9436x9570,No registrado,Efectivo,1210,46-60
7494378837,Lisa,Keith,51.0,Femenino,Boston,Medio,3.0,34.31,Sí,Sí,Vegetariano,No,(686)802-9931,No registrado,Efectivo,2871,46-60
1379402499,Michael,Ibarra,57.0,Masculino,Boston,Muy Alto,8.0,98.65,No,Sí,Pescado,Sí,(969)763-8490x400,ddaugherty@example.com,Tarjeta,14644,46-60
1794944308,Monica,Morrow,75.0,Femenino,Boston,Medio,5.0,9.37,No,Sí,Vegano,No,687-880-0864,No registrado,Tarjeta,3233,61-100
8233574509,Scott,Barber,23.0,Masculino,Boston,Bajo,2.0,13.1,No,Sí,Vegetariano,No,No registrado,crawfordryan@example.net,App,879,19-30
5981391762,William,Sanders,62.0,Masculino,Boston,Bajo,0.0,0.0,No,Sí,Carnes,No,(743)446-2806,moralesmarie@example.org,Efectivo,1344,61-100
9121764920,Angie,King,37.0,Femenino,Boston,Muy Alto,10.0,8.18,Sí,Sí,Carnes,Sí,773.753.4940x59395,No registrado,App,13250,31-45
6416598668,Heather,Wright,36.0,Femenino,Boston,Bajo,0.0,0.0,No,No,Mariscos,No,(522)464-4401,thorntondouglas@example.org,App,894,31-45
9649909557,Alan,Bailey,64.0,Masculino,Boston,Alto,6.0,31.81,No,Sí,Mariscos,No,(642)843-3021,No registrado,Efectivo,6660,61-100
7029617230,William,Munoz,27.0,Masculino,Boston,Medio,5.0,29.68,Sí,Sí,Vegetariano,No,(893)361-0211x779,wilsonjane@example.org,Criptomoneda,3305,19-30
3148453796,Charles,Matthews,53.0,Masculino,Boston,Bajo,3.0,5.78,Sí,No,Pescado,No,No registrado,gcollins@example.com,App,1250,46-60
9730103138,Vincent,Cruz,21.0,Masculino,Boston,Alto,5.0,34.19,Sí,Sí,Vegetariano,Sí,001-292-728-1345,gregoryortega@example.net,Efectivo,5086,19-30
8819341163,Maria,Aguirre,47.0,Femenino,Boston,Medio,2.0,24.06,Sí,Sí,Vegetariano,No,(687)944-1170,No registrado,Efectivo,2643,46-60
9399791654,Heather,Larsen,25.0,Femenino,Boston,Bajo,3.0,12.8,Sí,Sí,Carnes,No,+1-722-746-0458x25382,No registrado,App,1263,19-30
2595711222,Kathryn,Wright,72.0,Femenino,Boston,Bajo,2.0,11.84,Sí,Sí,Mariscos,No,4723399912,karenallen@example.com,Tarjeta,1437,61-100
9140362371,Paul,Solis,73.0,Masculino,Boston,Muy Alto,9.0,65.24,Sí,Sí,Carnes,Sí,498.815.2756,leepetersen@example.org,Efectivo,15020,61-100
7035080212,Scott,Green,78.0,Masculino,Boston,Medio,2.0,26.87,No,Sí,Pescado,No,8616234358,dterry@example.net,Tarjeta,2628,61-100
1471184735,Tammie,Rogers,64.0,Femenino,Boston,Medio,5.0,25.36,No,Sí,Mariscos,Sí,340.921.1254x857,abigail21@example.net,Efectivo,2381,61-100
5000316394,Caroline,Dominguez,42.0,Femenino,Boston,Muy Alto,7.0,86.49,No,No,Vegetariano,Sí,(579)370-9202x862,No registrado,Efectivo,15628,31-45
7243599738,Jennifer,Rodriguez,40.0,Femenino,Boston,Alto,6.0,37.62,Sí,No,Vegano,Sí,864.549.5842x87921,xsingleton@example.com,Tarjeta,7306,31-45
5189610037,Diana,Cameron,41.0,Femenino,Boston,Muy Alto,9.0,37.28,No,No,Vegetariano,Sí,No registrado,No registrado,Efectivo,15984,31-45
3631201050,Alex,Henry,39.0,Masculino,Boston,Muy Alto,7.0,53.16,No,Sí,Mariscos,Sí,No registrado,No registrado,Tarjeta,17002,31-45
6392476150,Alexander,Stevens,76.0,Masculino,Boston,Bajo,3.0,13.45,Sí,No,Carnes,No,428-334-2702x6673,No registrado,Efectivo,1535,61-100
3537309627,Scott,Marshall,75.0,Masculino,Boston,Muy Alto,6.0,92.04,No,Sí,Vegetariano,Sí,001-477-784-4540x547,No registrado,Tarjeta,15626,61-100
5118043978,Maria,Allen,35.0,Femenino,Boston,Alto,4.0,41.93,No,Sí,Carnes,Sí,(489)745-7116x3606,joyroberts@example.net,Efectivo,7960,31-45
8016131033,Felicia,Patterson,28.0,Femenino,Boston,Medio,4.0,19.44,No,No,Carnes,No,No registrado,jasonzamora@example.org,Tarjeta,2913,19-30
3092479645,Samantha,Zimmerman,55.0,Femenino,Boston,Bajo,3.0,12.79,No,Sí,Pescado,No,001-657-320-9362x449,eryan@example.net,App,890,46-60
7378883336,Stephen,Ramirez,23.0,Masculino,Boston,Medio,6.0,17.03,Sí,Sí,Mariscos,Sí,370-347-4546x2287,No registrado,Efectivo,2625,19-30
4394298135,Rachel,Allen,52.0,Femenino,Boston,Alto,5.0,46.64,Sí,No,Vegetariano,Sí,+1-327-399-8090,No registrado,App,8658,46-60
3290435802,Karina,Moreno,77.0,Femenino,Boston,Alto,6.0,33.42,No,Sí,Vegetariano,Sí,713.229.1064x042,cjohnson@example.org,Tarjeta,4207,61-100
4486203607,Deborah,Reid,38.0,Femenino,Boston,Bajo,3.0,6.24,Sí,Sí,Pescado,No,No registrado,No registrado,Efectivo,932,31-45
9202298851,Jacqueline,Swanson,58.0,Femenino,Boston,Muy Alto,7.0,77.94,No,Sí,Carnes,Sí,No registrado,devon19@example.org,Efectivo,11448,46-60
8150791910,Erin,Gray,72.0,Femenino,Boston,Alto,4.0,19.41,Sí,No,Vegetariano,Sí,No registrado,No registrado,Tarjeta,4662,61-100
8816720283,Teresa,Davidson,23.0,Femenino,Boston,Medio,3.0,18.16,Sí,Sí,Mariscos,No,789.498.9619x85706,No registrado,Criptomoneda,3118,19-30
4484673017,Alice,Blake,25.0,Femenino,Boston,Alto,5.0,5.71,No,Sí,Carnes,Sí,No registrado,No registrado,App,6225,19-30
1834105458,Stacy,Dennis,42.0,Femenino,Boston,Alto,4.0,21.31,Sí,No,Vegetariano,Sí,No registrado,uevans@example.org,Efectivo,6472,31-45
1422131286,Amy,Woodard,67.0,Femenino,Boston,Muy Alto,7.0,68.88,No,Sí,Carnes,Sí,(339)334-2750,mendozazachary@example.com,Efectivo,10000,61-100
5014401042,Michelle,Bryan,34.0,Femenino,Boston,Medio,3.0,7.35,Sí,No,Mariscos,No,No registrado,yalvarado@example.org,App,3483,31-45
3371747118,Holly,Mcclain,68.0,Femenino,Boston,Medio,4.0,28.82,Sí,Sí,Carnes,No,No registrado,No registrado,Efectivo,2508,61-100
3500134621,Isaiah,Mccoy,51.0,Masculino,Boston,Medio,2.0,19.86,No,Sí,Carnes,No,229.356.8176x902,No registrado,Efectivo,3407,46-60
9724322730,Traci,Jackson,63.0,Femenino,Boston,Alto,3.0,55.67,Sí,Sí,Vegetariano,No,No registrado,johnny63@example.org,App,5449,61-100
6569704411,Madison,Gordon,50.0,Femenino,Boston,Alto,5.0,57.58,No,Sí,Vegetariano,Sí,(874)517-2185x02142,bryan41@example.com,Tarjeta,6911,46-60
7363729239,Ryan,Donovan,37.0,Masculino,Boston,Medio,2.0,25.23,No,Sí,Carnes,No,621.919.8033,goodmanbrittany@example.com,Criptomoneda,2026,31-45
5493341376,Jose,Kelly,50.0,Masculino,Boston,Bajo,1.0,12.94,Sí,Sí,Pescado,No,No registrado,No registrado,Efectivo,1394,46-60
9793804393,Colleen,Nguyen,35.0,Femenino,Boston,Medio,3.0,27.11,No,Sí,Vegetariano,No,No registrado,No registrado,Efectivo,2474,31-45
6066408834,Tina,Murphy,69.0,Femenino,Boston,Bajo,0.0,0.0,No,Sí,Carnes,No,+1-364-300-7226x6879,blackburnamanda@example.com,Efectivo,1154,61-100
6208403262,Jeremy,Montoya,60.0,Masculino,Boston,Bajo,1.0,8.15,No,Sí,Otro,No,+1-675-561-1725,swheeler@example.net,Tarjeta,1543,46-60
4750076818,Kenneth,Holt,36.0,Masculino,Boston,Alto,6.0,9.73,No,No,Mariscos,No,(444)865-5914,No registrado,Efectivo,6301,31-45
1376783911,Katherine,White,46.0,Femenino,Boston,Alto,4.0,19.89,Sí,Sí,Pescado,No,No registrado,loretta41@example.org,App,7337,46-60
4900941556,Julie,Hancock,32.0,Femenino,Boston,Medio,2.0,21.72,Sí,No,Mariscos,No,001-502-851-6611,pennyblack@example.org,Criptomoneda,3111,31-45
3067697957,Justin,Cole,55.0,Masculino,Boston,Medio,5.0,12.12,No,No,Carnes,No,No registrado,No registrado,Efectivo,2653,46-60
8404088483,Robert,Lee,24.0,Masculino,Boston,Bajo,2.0,8.99,Sí,Sí,Pescado,No,(620)429-6269x6042,No registrado,Efectivo,1410,19-30
9738917005,Mark,Wilson,34.0,Masculino,Boston,Muy Alto,7.0,36.14,Sí,No,Carnes,Sí,No registrado,No registrado,App,16749,31-45
8410598437,Amy,Hernandez,52.0,Femenino,Boston,Medio,4.0,14.38,No,Sí,Mariscos,No,No registrado,No registrado,Tarjeta,2450,46-60
6886441790,Thomas,Wood,65.0,Masculino,Boston,Alto,5.0,37.15,Sí,No,Vegetariano,No,No registrado,No registrado,Efectivo,5514,61-100
8560673214,Jason,Kennedy,59.0,Masculino,Boston,Bajo,2.0,13.41,No,Sí,Pescado,No,(805)902-4915,callahantammy@example.com,Efectivo,1566,46-60
6513069182,Melinda,Wagner,43.0,Femenino,Boston,Muy Alto,7.0,25.27,No,Sí,Vegetariano,Sí,+1-248-838-2489x965,No registrado,Efectivo,16531,31-45
4598575385,Robert,Nielsen,78.0,Masculino,Boston,Medio,3.0,16.43,No,No,Mariscos,No,No registrado,No registrado,Efectivo,3190,61-100
9183270055,Rodney,Taylor,47.0,Masculino,Boston,Muy Alto,7.0,29.29,Sí,No,Vegetariano,Sí,001-560-748-3531,No registrado,Efectivo,17657,46-60
8398865882,Shannon,Chambers,79.0,Femenino,Boston,Muy Alto,9.0,43.43,No,No,Mariscos,Sí,No registrado,fdyer@example.org,Efectivo,16292,61-100
5252072182,Anthony,Watson,77.0,Masculino,Boston,Bajo,2.0,7.25,Sí,No,Vegetariano,No,No registrado,agilbert@example.org,App,1093,61-100
5331039792,Jason,Villegas,23.0,Masculino,Boston,Muy Alto,7.0,51.37,No,No,Vegetariano,Sí,462.441.6680x4527,No registrado,Tarjeta,15040,19-30
3512990442,Steven,Cook,35.0,Masculino,Boston,Medio,4.0,25.84,No,Sí,Carnes,No,No registrado,No registrado,Efectivo,2584,31-45
9504425660,Jodi,Morgan,34.0,Femenino,Boston,Muy Alto,6.0,94.56,Sí,Sí,Pescado,Sí,No registrado,hcarson@example.com,Tarjeta,14224,31-45
7852018642,Savannah,White,78.0,Femenino,Boston,Medio,4.0,28.57,Sí,No,Vegetariano,No,+1-915-649-5774x7012,No registrado,Efectivo,3241,61-100
4605605288,Jennifer,Green,22.0,Femenino,Boston,Muy Alto,7.0,46.33,Sí,Sí,Carnes,Sí,No registrado,No registrado,Efectivo,9881,19-30
1380639526,Manuel,Rodriguez,73.0,Masculino,Boston,Medio,4.0,11.68,Sí,Sí,Vegetariano,No,404-509-1705x40161,No registrado,App,1886,61-100
8264535316,Sara,Jones,72.0,Femenino,Boston,Alto,4.0,30.64,Sí,Sí,Carnes,Sí,+1-846-278-1431x94596,johnbarnes@example.com,Tarjeta,3871,61-100
1402658633,Mark,Martinez,55.0,Masculino,Boston,Alto,5.0,32.59,No,Sí,Vegetariano,No,7453019200,melissa05@example.net,Efectivo,7493,46-60
6378080573,Lauren,Soto,20.0,Femenino,Boston,Bajo,1.0,7.65,Sí,Sí,Vegetariano,No,No registrado,jeffreymorrow@example.org,Efectivo,1306,19-30
3163970710,Sherri,Morgan,77.0,Femenino,Boston,Medio,3.0,14.87,No,No,Vegetariano,No,No registrado,No registrado,Efectivo,2186,61-100
4056206421,Dominique,Rivera,29.0,Femenino,Boston,Bajo,3.0,5.19,No,Sí,Carnes,No,203-890-4426x48517,robertsonamy@example.net,Efectivo,1378,19-30
8336898091,Alan,Ramsey,64.0,Masculino,Boston,Bajo,2.0,6.85,No,Sí,Pescado,No,4065444958,christina16@example.com,App,1461,61-100
8556682588,Dana,Bryant,56.0,Femenino,Boston,Alto,6.0,40.35,No,Sí,Vegetariano,Sí,403-309-0352x348,rebecca73@example.net,Tarjeta,8999,46-60
1398727696,Austin,Cox,74.0,Masculino,Boston,Medio,3.0,14.72,No,No,Pescado,No,001-703-791-2616x882,rodneynorton@example.net,Efectivo,3358,61-100
5604919596,Elizabeth,Perez,20.0,Femenino,Boston,Muy Alto,9.0,88.86,Sí,Sí,Carnes,Sí,No registrado,bvaughn@example.com,Efectivo,12035,19-30
3281679094,Kristina,Flynn,39.0,Femenino,Boston,Alto,4.0,12.36,No,No,Vegetariano,Sí,305.435.8285,alvarezjoshua@example.net,Efectivo,4333,31-45
8730901318,Melissa,Schmidt,75.0,Femenino,Boston,Medio,4.0,29.94,No,Sí,Pescado,No,(981)701-9861x8436,No registrado,Efectivo,1889,61-100
7406265745,Keith,Hines,40.0,Masculino,Boston,Alto,6.0,11.02,Sí,Sí,Otro,No,No registrado,frazierjeffrey@example.net,Efectivo,8691,31-45
1783432867,Daniel,Olson,25.0,Masculino,Boston,Muy Alto,10.0,5.57,No,Sí,Carnes,No,001-505-317-8401x81903,andersonedward@example.com,Tarjeta,16799,19-30
7958830299,Kimberly,Franklin,36.0,Femenino,Boston,Muy Alto,5.0,103.61,No,Sí,Vegetariano,No,No registrado,No registrado,Efectivo,15523,31-45
5047768964,Nicholas,Martinez,20.0,Masculino,Boston,Muy Alto,5.0,47.27,No,Sí,Vegano,Sí,No registrado,No registrado,Efectivo,15018,19-30
2006007814,Justin,Morris,54.0,Masculino,Boston,Medio,2.0,13.12,Sí,Sí,Otro,No,No registrado,marissamorgan@example.org,App,1902,46-60
3201828849,Peter,Guerra,43.0,Masculino,Boston,Muy Alto,9.0,52.95,No,No,Vegano,Sí,3907020834,No registrado,Tarjeta,10933,31-45
3531085184,Jay,Hughes,41.0,Masculino,Boston,Bajo,2.0,11.91,Sí,No,Mariscos,No,896-912-4603,cholt@example.net,Tarjeta,1439,31-45
9530862812,Duane,Gilbert,36.0,Masculino,Boston,Alto,5.0,23.9,No,No,Vegetariano,Sí,3074810118,No registrado,Efectivo,3980,31-45
9655677297,Jonathan,Jones,35.0,Masculino,Boston,Muy Alto,5.0,8.6,No,No,Vegetariano,Sí,+1-711-785-1296x596,No registrado,Tarjeta,9276,31-45
9148808223,Julie,Lewis,50.0,Femenino,Boston,Medio,2.0,7.65,No,No,Pescado,No,No registrado,No registrado,Tarjeta,2401,46-60
8677457907,Michele,Pittman,33.0,Femenino,Boston,Alto,6.0,54.4,Sí,No,Vegetariano,No,No registrado,kellyalan@example.com,App,3943,31-45
2604700373,Desiree,Smith,62.0,Femenino,Boston,Medio,2.0,34.45,No,Sí,Mariscos,Sí,258-344-7101,donaldadams@example.com,Efectivo,2576,61-100
9864217656,Bryan,Murphy,57.0,Masculino,Boston,Alto,4.0,49.87,No,Sí,Vegetariano,Sí,2897180279,hopkinsjeremy@example.org,Efectivo,6278,46-60
1246771915,John,Burns,65.0,Masculino,Boston,Bajo,1.0,7.69,Sí,No,Vegano,No,No registrado,jennifer26@example.com,Efectivo,1534,61-100
2374813735,Susan,Lynn,21.0,Femenino,Boston,Alto,6.0,55.99,Sí,Sí,Carnes,No,001-315-426-1226x150,rodriguezvirginia@example.org,App,6604,19-30
3858798107,Nancy,Brown,63.0,Femenino,Boston,Alto,5.0,27.51,No,Sí,Vegetariano,Sí,(732)580-5188x9767,No registrado,Efectivo,4451,61-100
7405856143,Brianna,Bell,37.0,Femenino,Boston,Medio,6.0,31.36,Sí,No,Otro,Sí,No registrado,victoria56@example.org,Efectivo,3346,31-45
3269738524,Rebecca,Porter,52.0,Femenino,Boston,Muy Alto,6.0,15.15,Sí,No,Carnes,Sí,No registrado,No registrado,Efectivo,9840,46-60
5708063733,Rodney,Gibson,74.0,Masculino,Boston,Alto,5.0,49.74,No,No,Pescado,No,+1-651-975-7785x22585,curtisjoseph@example.org,Tarjeta,4389,61-100
4939447721,Joshua,Eaton,56.0,Masculino,Boston,Muy Alto,6.0,26.81,Sí,Sí,Otro,Sí,001-727-661-1544x56811,arosales@example.org,Tarjeta,14149,46-60
5982744929,Kelly,Lawrence,55.0,Femenino,Boston,Medio,3.0,31.37,No,Sí,Vegetariano,No,(914)653-4489,michaelnorris@example.com,App,1639,46-60
8574837940,Jerry,Chen,50.0,Masculino,Boston,Alto,5.0,24.29,No,Sí,Pescado,No,715-660-9445,jamie30@example.com,App,6825,46-60
5276528982,Rebecca,Pierce,19.0,Femenino,Boston,Bajo,0.0,0.0,No,Sí,Carnes,No,001-238-651-7619x8366,No registrado,Efectivo,1456,19-30
3127544262,Desiree,Kaiser,69.0,Femenino,Boston,Alto,5.0,51.15,Sí,Sí,Carnes,Sí,No registrado,No registrado,Efectivo,4249,61-100
7955660868,Sarah,Obrien,80.0,Femenino,Boston,Bajo,3.0,10.41,Sí,No,Vegetariano,No,No registrado,No registrado,Tarjeta,1139,61-100
5637176934,Daniel,Reid,68.0,Masculino,Boston,Medio,4.0,8.72,No,Sí,Carnes,Sí,No registrado,drichardson@example.net,Efectivo,2682,61-100
2970427638,Alexis,Strickland,20.0,Masculino,Boston,Alto,4.0,43.48,No,Sí,Otro,Sí,No registrado,codyrobinson@example.com,Tarjeta,5596,19-30
5396882521,Cory,Sharp,24.0,Masculino,Boston,Alto,6.0,29.32,Sí,No,Pescado,Sí,No registrado,jason73@example.com,Efectivo,6037,19-30
4074109962,Michelle,Rogers,42.0,Femenino,Boston,Muy Alto,7.0,97.33,No,No,Otro,No,506.442.7185,velazquezjoseph@example.com,Efectivo,14802,31-45
2687738937,Patrick,Armstrong,78.0,Masculino,Boston,Alto,5.0,52.13,No,Sí,Vegetariano,Sí,+1-250-314-4424x67787,No registrado,Efectivo,8175,61-100
4682460683,Christopher,Moon,18.0,Masculino,Boston,Alto,4.0,20.48,Sí,Sí,Pescado,Sí,No registrado,victoria68@example.com,Tarjeta,4442,0-18
8500107624,Eric,Acevedo,77.0,Masculino,Boston,Muy Alto,10.0,35.39,Sí,No,Vegetariano,Sí,301.907.2755,youngwendy@example.net,Efectivo,17649,61-100
7623242143,Jessica,Miller,79.0,Femenino,Boston,Muy Alto,5.0,15.89,No,Sí,Vegetariano,Sí,No registrado,No registrado,Tarjeta,13993,61-100
7269929380,Laura,Kane,61.0,Femenino,Boston,Alto,6.0,43.89,No,Sí,Carnes,Sí,No registrado,parksyvette@example.org,App,8628,61-100
6549535924,Abigail,Wheeler,48.0,Femenino,Boston,Alto,5.0,28.62,No,Sí,Carnes,No,No registrado,rallen@example.org,Efectivo,7630,46-60
5487005922,Dustin,Thompson,62.0,Masculino,Boston,Alto,6.0,33.04,Sí,Sí,Vegetariano,No,No registrado,No registrado,Efectivo,8916,61-100
2696934208,Mark,Logan,21.0,Masculino,Boston,Alto,6.0,43.37,No,Sí,Mariscos,Sí,789.608.3183,wesleyallen@example.com,Criptomoneda,7177,19-30
2293997583,Perry,Long,43.0,Masculino,Boston,Alto,6.0,37.86,No,No,Otro,No,533-359-8510,ktran@example.com,Tarjeta,6108,31-45
8085089452,Melissa,Miller,40.0,Femenino,Boston,Medio,5.0,18.25,Sí,No,Carnes,No,No registrado,No registrado,Efectivo,2962,31-45
4248273252,Jesus,Moore,36.0,Masculino,Boston,Bajo,1.0,8.76,Sí,Sí,Mariscos,No,(522)374-1419x9246,duncanemily@example.com,Efectivo,1058,31-45
1145369562,Samuel,Bonilla,68.0,Masculino,Boston,Alto,6.0,52.4,No,Sí,Otro,Sí,No registrado,No registrado,Efectivo,6674,61-100
1485852193,Kimberly,Moore,55.0,Femenino,Boston,Medio,4.0,8.2,Sí,Sí,Vegetariano,No,358.485.7936x2015,andre29@example.com,App,2240,46-60
9743665547,Jocelyn,Lee,20.0,Femenino,Boston,Medio,2.0,30.22,Sí,Sí,Carnes,No,919-849-0086,No registrado,Tarjeta,2595,19-30
4041530477,Eric,Bullock,72.0,Masculino,Boston,Alto,4.0,25.72,Sí,Sí,Vegano,No,No registrado,xschmidt@example.net,Efectivo,8053,61-100
7591151625,Shelby,Carroll,22.0,Femenino,Boston,Alto,5.0,5.9,No,Sí,Vegano,Sí,No registrado,michael30@example.net,Efectivo,5723,19-30
5691145512,Stephanie,Taylor,40.0,Femenino,Boston,Medio,2.0,7.77,No,No,Pescado,No,No registrado,parksvalerie@example.org,Efectivo,3282,31-45
4694669911,Karen,Sanford,34.0,Femenino,Boston,Medio,4.0,14.93,No,No,Vegetariano,No,575-439-7554,No registrado,App,2151,31-45
2168709536,Justin,Woods,29.0,Masculino,Boston,Alto,6.0,52.34,Sí,Sí,Vegetariano,Sí,No registrado,rachel82@example.com,Efectivo,6420,19-30
4897601378,Tyler,Williamson,58.0,Masculino,Boston,Medio,3.0,11.5,No,Sí,Vegetariano,No,No registrado,cheryl19@example.org,Efectivo,3496,46-60
2641495985,Richard,Dickerson,43.0,Masculino,Boston,Bajo,2.0,13.25,Sí,No,Vegetariano,No,999.308.7092x681,jesse38@example.com,App,1030,31-45
7759218405,Jennifer,Hughes,72.0,Femenino,Boston,Medio,5.0,24.56,Sí,Sí,Vegetariano,No,958-705-7611,lamalexandra@example.com,Efectivo,3247,61-100
1535559599,Christian,Nunez,60.0,Masculino,Boston,Medio,2.0,7.61,Sí,Sí,Mariscos,No,(910)256-2255x968,No registrado,Efectivo,2045,46-60
7653005704,John,Pope,47.0,Masculino,Boston,Alto,6.0,20.29,Sí,No,Vegetariano,Sí,347.595.4607x133,pwinters@example.org,Efectivo,6901,46-60
9493876887,Erin,Snow,41.0,Femenino,Boston,Medio,3.0,26.18,Sí,No,Vegano,Sí,No registrado,No registrado,Tarjeta,2332,31-45
6369199281,Jerry,Cain,68.0,Masculino,Boston,Bajo,1.0,10.29,Sí,No,Vegetariano,No,316-766-2821x337,lisabenson@example.net,Tarjeta,810,61-100
2811747892,Eric,Stone,27.0,Masculino,Boston,Alto,4.0,39.93,Sí,Sí,Mariscos,No,No registrado,jamesgilbert@example.com,Efectivo,7820,19-30
5421592782,Cameron,Riddle,71.0,Masculino,Boston,Medio,5.0,27.42,Sí,No,Carnes,No,No registrado,orozcobradley@example.com,Efectivo,3231,61-100
1354378489,Patrick,Wilcox,52.0,Masculino,Boston,Muy Alto,5.0,45.34,No,No,Vegetariano,Sí,No registrado,No registrado,Tarjeta,17293,46-60
6223898226,Lindsey,Colon,21.0,Femenino,Boston,Medio,4.0,15.24,Sí,No,Carnes,No,No registrado,rasmussenkathleen@example.org,App,3408,19-30
8025152555,Justin,Ortiz,48.0,Masculino,Boston,Muy Alto,5.0,21.69,Sí,No,Vegetariano,Sí,559-774-7354,No registrado,Efectivo,17175,46-60
8823677798,Tracy,Christian,75.0,Femenino,Boston,Bajo,3.0,8.4,No,No,Vegetariano,No,873-631-0678,heidi66@example.org,App,1256,61-100
6943710665,Eric,Arroyo,51.0,Masculino,Boston,Alto,4.0,62.15,Sí,No,Carnes,No,735.358.9827,judywilson@example.com,App,6555,46-60
7407130437,Emily,Pierce,67.0,Femenino,Boston,Alto,6.0,46.49,No,Sí,Vegetariano,Sí,001-503-708-1203,anthony97@example.net,Efectivo,5225,61-100
2879792991,Anthony,Sullivan,47.0,Masculino,Boston,Muy Alto,8.0,34.45,No,No,Otro,Sí,No registrado,No registrado,Efectivo,17416,46-60
8007402185,Matthew,Smith,39.0,Masculino,Boston,Medio,3.0,21.8,No,Sí,Vegetariano,No,No registrado,karacurtis@example.org,Efectivo,2130,31-45
9577675657,Karen,Peterson,69.0,Femenino,Boston,Bajo,2.0,7.65,No,No,Vegetariano,No,No registrado,No registrado,Tarjeta,1440,61-100
7745950161,Shelby,Miller,57.0,Femenino,Boston,Muy Alto,9.0,10.59,Sí,No,Mariscos,Sí,No registrado,dylancummings@example.org,App,10522,46-60
5628146210,Charles,Delgado,60.0,Masculino,Boston,Bajo,1.0,7.98,No,No,Carnes,No,No registrado,No registrado,Tarjeta,1047,46-60
2481455017,Tina,Le,47.0,Femenino,Boston,Alto,4.0,56.55,Sí,Sí,Mariscos,No,No registrado,tclark@example.org,Efectivo,8548,46-60
9455197901,Tiffany,Reid,41.0,Femenino,Boston,Alto,4.0,48.7,No,No,Pescado,No,8493005693,sonia25@example.net,Tarjeta,3600,31-45
5949804605,Jennifer,Pollard,49.0,Femenino,Boston,Medio,4.0,34.46,No,Sí,Carnes,No,414.331.7297x5831,No registrado,Efectivo,2109,46-60
5001077592,Julia,Evans,58.0,Femenino,Boston,Medio,3.0,12.73,Sí,Sí,Pescado,No,No registrado,carpenterkatelyn@example.org,Efectivo,1687,46-60
1415932585,Luis,Hernandez,72.0,Masculino,Boston,Medio,4.0,19.35,Sí,No,Vegetariano,No,530.798.4902x247,No registrado,App,2005,61-100
5005840373,Anthony,Cox,24.0,Masculino,Boston,Bajo,1.0,13.01,No,Sí,Mariscos,No,(384)916-9584,No registrado,Tarjeta,1041,19-30
3649981229,Jerry,Marquez,53.0,Masculino,Boston,Alto,4.0,32.44,Sí,Sí,Vegetariano,Sí,914-217-4103x7015,qstanton@example.net,App,5738,46-60
2006451779,Frederick,Anderson,50.0,Masculino,Boston,Bajo,1.0,9.15,Sí,No,Vegetariano,No,No registrado,No registrado,App,1475,46-60
6630671808,Michele,Barr,58.0,Femenino,Boston,Bajo,2.0,7.16,Sí,Sí,Vegano,No,No registrado,No registrado,App,841,46-60
4718954345,Tammy,Landry,32.0,Femenino,Boston,Bajo,3.0,6.92,Sí,Sí,Mariscos,No,No registrado,No registrado,Efectivo,1536,31-45
5049230903,Misty,Powell,34.0,Femenino,Boston,Muy Alto,10.0,89.12,Sí,Sí,Otro,Sí,No registrado,isaac30@example.net,Efectivo,11634,31-45
5102115390,Austin,Moore,75.0,Masculino,Boston,Medio,6.0,30.15,Sí,No,Vegetariano,Sí,282-879-8517,No registrado,App,2862,61-100
6734252303,Holly,Torres,24.0,Femenino,Boston,Medio,4.0,19.01,Sí,No,Mariscos,No,No registrado,No registrado,App,3006,19-30
9078430211,William,Potts,51.0,Masculino,Boston,Bajo,3.0,13.44,Sí,No,Vegano,No,001-929-841-1400x79702,No registrado,Tarjeta,1312,46-60
6383802605,Janet,Durham,35.0,Femenino,Boston,Muy Alto,6.0,94.42,Sí,Sí,Mariscos,Sí,6744109788,No registrado,App,14604,31-45
7638970971,Jacob,Anderson,38.0,Masculino,Boston,Bajo,1.0,6.14,Sí,No,Carnes,No,No registrado,No registrado,App,941,31-45
2788007547,Melissa,Perry,78.0,Femenino,Boston,Alto,4.0,48.7,No,Sí,Pescado,Sí,No registrado,laura45@example.com,Tarjeta,6893,61-100
9423826095,Kayla,Schwartz,70.0,Femenino,Boston,Medio,2.0,23.91,No,Sí,Vegetariano,No,+1-328-831-0990x407,burgessjames@example.net,Efectivo,3003,61-100
8613098877,Andrea,Myers,44.0,Femenino,Boston,Medio,3.0,34.13,No,No,Mariscos,No,364.410.1184x9513,No registrado,App,1830,31-45
2948526738,Ann,Conley,76.0,Femenino,Boston,Alto,5.0,53.14,No,No,Vegano,Sí,No registrado,No registrado,Efectivo,6691,61-100
7422035025,Christopher,Carter,38.0,Masculino,Boston,Alto,4.0,50.59,No,No,Vegetariano,Sí,No registrado,sanderson@example.org,Tarjeta,8418,31-45
3338452199,Debra,Long,33.0,Femenino,Boston,Muy Alto,9.0,104.26,Sí,Sí,Vegetariano,Sí,No registrado,wwilliams@example.com,Efectivo,13639,31-45
9750714819,Matthew,Stewart,34.0,Masculino,Boston,Medio,4.0,17.2,No,No,Carnes,No,+1-964-319-8189x895,srussell@example.com,Efectivo,2810,31-45
6710780236,Benjamin,Wood,71.0,Masculino,Boston,Bajo,0.0,0.0,No,No,Pescado,No,No registrado,No registrado,Efectivo,870,61-100
7024482103,Sarah,Ramirez,44.0,Femenino,Boston,Medio,2.0,32.98,No,No,Vegetariano,No,(634)679-0688x9959,No registrado,Tarjeta,2301,31-45
7693167380,Christopher,Martin,47.0,Masculino,Boston,Alto,5.0,20.91,No,No,Otro,No,680-403-9548x9550,brandyanderson@example.org,Tarjeta,5799,46-60
4023338969,Carmen,Lopez,28.0,Femenino,Boston,Alto,5.0,8.84,No,Sí,Carnes,No,No registrado,No registrado,Efectivo,5715,19-30
2479833057,Angel,Snyder,44.0,Femenino,Boston,Alto,6.0,24.47,No,Sí,Carnes,Sí,(551)710-3127,No registrado,Efectivo,6268,31-45
2601269241,Jessica,Anderson,60.0,Femenino,Boston,Alto,6.0,32.85,No,Sí,Vegetariano,Sí,No registrado,fieldspaula@example.com,Efectivo,6943,46-60
5119022697,William,Davis,74.0,Masculino,Boston,Bajo,3.0,13.19,Sí,Sí,Vegetariano,No,No registrado,nashjames@example.org,Efectivo,1356,61-100
9302915434,Karen,Hart,67.0,Femenino,Boston,Alto,5.0,14.77,No,No,Carnes,Sí,No registrado,gabrielknight@example.org,App,7984,61-100
6914185421,Michael,Hunt,74.0,Masculino,Boston,Bajo,3.0,8.01,No,No,Vegano,No,No registrado,smithmichael@example.net,Tarjeta,1365,61-100
8285892694,Lauren,Irwin,66.0,Femenino,Boston,Bajo,0.0,0.0,No,No,Carnes,No,709-210-3010x344,pughjenna@example.org,App,1336,61-100
5062025447,Lisa,Daniels,36.0,Femenino,Boston,Alto,6.0,37.63,Sí,Sí,Carnes,No,001-724-632-1191x31292,ruthkidd@example.org,App,5343,31-45
1059596634,Tammy,Jackson,44.0,Femenino,Boston,Alto,3.0,57.24,Sí,No,Otro,No,No registrado,yponce@example.net,Efectivo,6090,31-45
3580582653,Melissa,Sanchez,67.0,Femenino,Boston,Bajo,0.0,0.0,Sí,Sí,Vegetariano,No,No registrado,No registrado,Tarjeta,1574,61-100
1647437685,Robert,Williamson,72.0,Masculino,Boston,Alto,5.0,34.52,Sí,No,Otro,Sí,970.307.9630,othomas@example.com,Efectivo,7871,61-100
3755944496,Lisa,Charles,22.0,Femenino,Boston,Muy Alto,8.0,24.68,No,No,Mariscos,Sí,No registrado,No registrado,Tarjeta,14999,19-30
6718758028,Amanda,Anderson,43.0,Femenino,Boston,Muy Alto,5.0,41.63,Sí,Sí,Vegetariano,Sí,No registrado,No registrado,Tarjeta,10043,31-45
3399352393,Sandra,Webster,44.0,Femenino,Boston,Alto,5.0,63.61,Sí,Sí,Mariscos,Sí,+1-724-806-4973x96764,cliffordpotter@example.net,Efectivo,5874,31-45
7129500003,Kevin,Guerra,46.0,Masculino,Boston,Alto,6.0,8.26,Sí,No,Mariscos,Sí,351-428-3357,jenniferknight@example.org,Efectivo,6718,46-60
7041771893,Cynthia,Galvan,47.0,Femenino,Boston,Muy Alto,6.0,10.89,No,Sí,Carnes,Sí,573-802-9732x1771,edgarwright@example.com,Tarjeta,15364,46-60
2448749090,Jerome,Johnson,46.0,Masculino,Boston,Alto,6.0,54.6,No,No,Carnes,Sí,773-988-3452x8172,No registrado,Tarjeta,8976,46-60
1402514514,Jessica,Smith,20.0,Femenino,Boston,Medio,2.0,8.55,No,Sí,Otro,No,001-515-318-7028x00359,No registrado,Efectivo,2933,19-30
1241730774,Megan,Johnson,25.0,Femenino,Boston,Alto,5.0,33.07,No,Sí,Vegetariano,Sí,784.457.1231,whenderson@example.net,Efectivo,3627,19-30
4344885309,Elizabeth,Adams,45.0,Femenino,Boston,Medio,5.0,8.4,Sí,No,Vegetariano,No,No registrado,No registrado,Efectivo,1949,31-45
7227066008,David,Ball,53.0,Masculino,Boston,Muy Alto,7.0,82.22,Sí,No,Vegetariano,Sí,No registrado,No registrado,Tarjeta,11594,46-60
3317856944,Darius,Miller,22.0,Masculino,Boston,Bajo,3.0,13.97,Sí,Sí,Carnes,No,No registrado,mendezmichelle@example.com,Tarjeta,1437,19-30
7204283814,Maria,Kennedy,63.0,Femenino,Boston,Medio,2.0,22.31,Sí,Sí,Mariscos,No,+1-682-247-2394,No registrado,Efectivo,2275,61-100
1422820566,Brittany,Rodriguez,72.0,Femenino,Boston,Bajo,3.0,13.81,Sí,No,Vegano,No,+1-569-558-0770x60439,qgonzales@example.org,Tarjeta,1434,61-100
1070867819,Anthony,Lawson,18.0,Masculino,Boston,Alto,6.0,41.04,No,Sí,Mariscos,Sí,No registrado,No registrado,Efectivo,6098,0-18
1799718923,Kelli,Harris,42.0,Femenino,Boston,Muy Alto,6.0,70.56,Sí,No,Vegetariano,Sí,001-250-994-5443x012,jimenezjulie@example.org,Tarjeta,14383,31-45
6499356817,Melinda,Gordon,39.0,Femenino,Boston,Medio,5.0,8.36,Sí,Sí,Mariscos,No,570-678-4178,No registrado,Efectivo,3023,31-45
2952011578,Tyler,Torres,77.0,Masculino,Boston,Alto,6.0,60.31,No,No,Vegetariano,Sí,248-823-4467x6917,No registrado,Tarjeta,4099,61-100
5978081566,Angel,Rodriguez,73.0,Masculino,Boston,Bajo,0.0,0.0,No,No,Carnes,No,(816)900-8320x4181,No registrado,Efectivo,1358,61-100
8978311675,Matthew,Shepherd,38.0,Masculino,Boston,Alto,6.0,39.23,Sí,No,Vegetariano,Sí,400-720-8496x089,jrussell@example.com,Efectivo,7667,31-45
6402440266,John,Miller,63.0,Masculino,Boston,Alto,5.0,7.89,Sí,Sí,Otro,No,No registrado,No registrado,Efectivo,7529,61-100
1908727131,Eric,Rangel,47.0,Masculino,Boston,Alto,4.0,48.05,No,No,Mariscos,Sí,No registrado,No registrado,App,5101,46-60
5143128978,Anthony,Castro,39.0,Masculino,Boston,Medio,3.0,14.66,No,Sí,Vegetariano,No,969.625.4283,No registrado,Efectivo,1751,31-45
8196840339,Matthew,Morse,22.0,Masculino,Boston,Alto,5.0,26.68,No,Sí,Vegetariano,No,967-430-3027x29605,sandra50@example.net,Tarjeta,6464,19-30
7161141301,Chelsey,Martin,37.0,Femenino,Boston,Alto,4.0,28.08,Sí,No,Mariscos,Sí,No registrado,ycastillo@example.com,App,4100,31-45
3518693203,Sharon,Dunn,50.0,Femenino,Boston,Medio,5.0,7.39,Sí,Sí,Carnes,No,No registrado,No registrado,Efectivo,1982,46-60
9504138989,Anthony,Holt,75.0,Masculino,Boston,Muy Alto,6.0,41.5,Sí,No,Mariscos,Sí,No registrado,kellercharles@example.net,Efectivo,10780,61-100
3991519044,Alyssa,Holland,50.0,Femenino,Boston,Muy Alto,10.0,102.36,Sí,No,Mariscos,Sí,521-928-8109,tiffanygarcia@example.com,App,16803,46-60
8312603168,Savannah,Brown,22.0,Femenino,Boston,Muy Alto,7.0,90.74,Sí,Sí,Vegetariano,Sí,No registrado,john97@example.org,App,10467,19-30
9728924392,Melissa,Ortiz,53.0,Femenino,Boston,Bajo,0.0,0.0,Sí,No,Pescado,No,434.297.4710,No registrado,Efectivo,1144,46-60
3785815533,Sean,Powell,21.0,Masculino,Boston,Bajo,1.0,7.86,Sí,Sí,Vegetariano,No,No registrado,stevensnicholas@example.net,Tarjeta,830,19-30
2063223260,Timothy,Pena,29.0,Masculino,Boston,Alto,5.0,62.67,No,Sí,Mariscos,Sí,3024344778,rebeccapratt@example.org,Efectivo,6640,19-30
5096617728,Samantha,Brooks,53.0,Femenino,Boston,Medio,2.0,14.09,Sí,No,Mariscos,No,+1-766-302-6013,No registrado,Tarjeta,2115,46-60
1642813466,Linda,Phillips,18.0,Femenino,Boston,Alto,5.0,62.27,Sí,Sí,Carnes,No,804.416.1819x66083,No registrado,Efectivo,8457,0-18
6350371756,Tara,Perez,74.0,Femenino,Boston,Alto,4.0,23.05,No,Sí,Mariscos,Sí,001-585-228-7827,No registrado,Criptomoneda,6003,61-100
5730932735,Tracie,Rodriguez,43.0,Femenino,Boston,Medio,3.0,11.04,Sí,Sí,Carnes,No,No registrado,harrisonkevin@example.org,Efectivo,1986,31-45
4014107105,Christopher,Lawson,68.0,Masculino,Boston,Medio,3.0,9.73,Sí,Sí,Vegetariano,No,001-494-844-0588x2766,whitedeborah@example.org,Efectivo,2859,61-100
4386667704,Lauren,Knight,42.0,Femenino,Boston,Bajo,0.0,0.0,No,No,Carnes,No,No registrado,jennifercastro@example.net,Efectivo,1391,31-45
8481379167,Neil,Watson,32.0,Masculino,Boston,Medio,5.0,31.48,Sí,Sí,Vegetariano,No,No registrado,justin56@example.com,Efectivo,1855,31-45
5523465800,John,Lowe,20.0,Masculino,Boston,Bajo,3.0,14.84,Sí,Sí,Vegano,No,451.489.3621x401,bairdhayley@example.com,Efectivo,1026,19-30
5840407563,Jason,Perez,38.0,Masculino,Boston,Muy Alto,10.0,102.71,No,No,Vegano,Sí,No registrado,preilly@example.org,Tarjeta,13198,31-45
4367653926,Carlos,Montoya,19.0,Masculino,Boston,Alto,4.0,15.54,Sí,Sí,Mariscos,Sí,397.786.6459x49152,tammy33@example.org,App,4084,19-30
8955280311,Gregory,Lyons,62.0,Masculino,Boston,Bajo,3.0,12.18,No,No,Mariscos,No,695-600-5135x11077,No registrado,Efectivo,1344,61-100
1628031141,Joseph,Garcia,46.0,Masculino,Boston,Medio,4.0,17.35,No,Sí,Vegetariano,No,659.665.4144x987,colleen92@example.com,Tarjeta,1925,46-60
1495076257,Wendy,Price,36.0,Femenino,Boston,Alto,4.0,41.18,No,Sí,Mariscos,Sí,No registrado,No registrado,Efectivo,8484,31-45
8242590036,Joshua,Conway,54.0,Masculino,Boston,Muy Alto,5.0,47.35,No,Sí,Vegetariano,Sí,+1-218-366-6586,No registrado,Efectivo,16083,46-60
5682080072,Ashley,Brown,31.0,Femenino,Boston,Alto,6.0,10.56,No,No,Otro,No,No registrado,alison37@example.org,Efectivo,8752,31-45
6567706517,Lucas,Cameron,62.0,Masculino,Boston,Medio,4.0,14.64,Sí,No,Otro,No,553.476.8411x1742,andersonmeghan@example.com,Efectivo,1659,61-100
8351858157,Steven,George,74.0,Masculino,Boston,Muy Alto,9.0,98.83,Sí,No,Carnes,Sí,No registrado,tevans@example.com,Tarjeta,11572,61-100
9162264848,David,Gibbs,54.0,Masculino,Boston,Muy Alto,8.0,101.38,No,Sí,Vegetariano,Sí,No registrado,benjaminmartinez@example.net,Tarjeta,10334,46-60
8315475828,Deanna,Griffin,51.0,Femenino,Boston,Medio,4.0,19.43,No,Sí,Vegetariano,Sí,No registrado,No registrado,Tarjeta,2185,46-60
3515167269,Morgan,Nguyen,32.0,Femenino,Boston,Bajo,3.0,7.45,Sí,No,Carnes,No,No registrado,No registrado,App,829,31-45
2445662585,Lisa,Ross,63.0,Femenino,Boston,Bajo,2.0,9.52,No,Sí,Carnes,No,990-765-7228x04449,No registrado,Efectivo,1532,61-100
3113714415,Adrian,Roberts,47.0,Masculino,Boston,Alto,4.0,7.78,Sí,No,Carnes,Sí,588-946-6199x657,marymccullough@example.org,App,8133,46-60
6599428400,Brian,Williams,45.0,Masculino,Boston,Bajo,0.0,0.0,Sí,Sí,Mariscos,No,No registrado,laurenortiz@example.com,Efectivo,925,31-45
1982992720,Sandra,Carter,60.0,Femenino,Boston,Alto,6.0,32.49,Sí,Sí,Carnes,Sí,No registrado,No registrado,Tarjeta,7805,46-60
5601062139,Richard,Martin,60.0,Masculino,Boston,Medio,4.0,16.67,Sí,No,Pescado,No,258-786-7086x87834,No registrado,App,1708,46-60
6361491138,Samantha,Herrera,26.0,Femenino,Boston,Alto,4.0,25.59,Sí,Sí,Pescado,Sí,No registrado,williamward@example.com,App,5589,19-30
1113600611,Amber,Smith,77.0,Femenino,Boston,Alto,5.0,49.38,Sí,No,Otro,Sí,No registrado,vjuarez@example.net,Efectivo,6772,61-100
4356141519,Rachel,Cobb,64.0,Femenino,Boston,Alto,5.0,30.21,No,No,Vegetariano,No,657.601.4182x080,georgewilliams@example.net,Efectivo,4146,61-100
5439366473,Jennifer,Mcdowell,78.0,Femenino,Boston,Medio,3.0,13.91,Sí,No,Carnes,No,No registrado,dwaynebullock@example.org,Tarjeta,2215,61-100
7468164619,Brenda,Williams,76.0,Femenino,Boston,Alto,4.0,27.64,Sí,No,Vegano,Sí,895-349-6997x8173,No registrado,Tarjeta,5615,61-100
8518812056,Michael,Fitzpatrick,55.0,Masculino,Boston,Alto,5.0,15.01,Sí,No,Mariscos,Sí,No registrado,No registrado,Tarjeta,4886,46-60
3707752531,Christy,Simon,31.0,Femenino,Boston,Bajo,2.0,7.16,No,No,Vegetariano,No,638.434.6814,No registrado,Efectivo,1520,31-45
1927486277,John,Smith,29.0,Masculino,Boston,Bajo,3.0,6.0,No,Sí,Carnes,No,(207)717-3020x96942,gholloway@example.com,Efectivo,1305,19-30
6057867851,Scott,Mckee,40.0,Masculino,Boston,Medio,5.0,15.73,Sí,No,Vegetariano,No,(504)754-0209x7017,sara44@example.org,Efectivo,2259,31-45
5813565243,Hannah,Middleton,66.0,Femenino,Boston,Muy Alto,9.0,43.05,No,No,Vegano,Sí,(543)429-7324x899,monicaperez@example.net,Tarjeta,14789,61-100
9454878007,Dawn,Clark,70.0,Femenino,Boston,Bajo,3.0,14.04,No,Sí,Vegetariano,No,(242)779-9167x071,ymoore@example.net,App,847,61-100
1703537025,Dominic,Harris,46.0,Masculino,Boston,Medio,3.0,10.3,No,Sí,Mariscos,Sí,No registrado,No registrado,Tarjeta,1625,46-60
9955411420,Linda,Le,29.0,Femenino,Boston,Medio,2.0,11.26,Sí,Sí,Otro,No,001-781-579-4449x85542,joel30@example.net,App,2938,19-30
8959993056,Kevin,Guzman,59.0,Masculino,Boston,Bajo,0.0,0.0,Sí,No,Vegetariano,No,6065778722,No registrado,Efectivo,1494,46-60
1291044088,Peter,Watts,24.0,Masculino,Boston,Alto,5.0,57.06,Sí,Sí,Vegano,No,680-603-1831x55769,thomaswatts@example.com,App,5976,19-30
1281868383,Joy,Johnson,68.0,Femenino,Boston,Bajo,2.0,13.6,No,No,Pescado,No,No registrado,No registrado,Efectivo,1555,61-100
1629588063,Wayne,Jimenez,58.0,Masculino,Boston,Muy Alto,8.0,43.25,Sí,Sí,Vegetariano,Sí,No registrado,No registrado,Tarjeta,13224,46-60
2268098046,Bradley,Martinez,40.0,Masculino,Boston,Medio,4.0,23.47,No,No,Pescado,No,No registrado,No registrado,Criptomoneda,1785,31-45
6002291405,Jennifer,Peterson,45.0,Femenino,Boston,Muy Alto,6.0,76.71,Sí,Sí,Vegetariano,Sí,001-824-741-9195x312,No registrado,Tarjeta,14785,31-45
7216176989,Donna,Hunter,22.0,Femenino,Boston,Bajo,3.0,11.1,Sí,Sí,Mariscos,No,No registrado,No registrado,Efectivo,1520,19-30
7922645184,Micheal,Clark,74.0,Masculino,Boston,Bajo,3.0,8.5,Sí,No,Vegetariano,No,No registrado,mpatterson@example.com,Criptomoneda,1227,61-100
1998211679,Jeremiah,Harrison,76.0,Masculino,Boston,Medio,3.0,21.99,No,Sí,Otro,No,+1-515-641-1144x597,brian68@example.net,App,1868,61-100
5977490327,Katelyn,Clark,32.0,Femenino,Boston,Alto,6.0,58.46,No,Sí,Mariscos,No,+1-926-290-5923x34582,No registrado,App,4007,31-45
6306935472,Steven,Evans,62.0,Masculino,Boston,Bajo,1.0,10.36,Sí,Sí,Otro,No,No registrado,No registrado,Tarjeta,1534,61-100
1695506654,Sara,Rivas,24.0,Femenino,Boston,Medio,3.0,20.46,No,Sí,Vegetariano,No,No registrado,No registrado,Efectivo,3042,19-30
5996853335,Ashley,Houston,35.0,Femenino,Boston,Bajo,2.0,9.58,No,Sí,Mariscos,No,+1-794-405-4205x422,No registrado,App,1265,31-45
6215235779,Natalie,Shea,45.0,Femenino,Boston,Bajo,0.0,0.0,Sí,Sí,Carnes,No,No registrado,No registrado,App,1471,31-45
6578769857,Scott,Guzman,58.0,Masculino,Boston,Bajo,0.0,0.0,No,Sí,Vegetariano,No,No registrado,angelajackson@example.com,Efectivo,1077,46-60
3503148077,Monique,Gonzalez,30.0,Femenino,Boston,Medio,4.0,22.86,Sí,Sí,Vegetariano,No,No registrado,No registrado,Efectivo,1848,19-30
8964296379,Kelly,King,43.0,Femenino,Boston,Alto,5.0,10.18,Sí,Sí,Vegetariano,Sí,No registrado,No registrado,App,6881,31-45
6653318653,Daniel,Vaughn,18.0,Masculino,Boston,Alto,6.0,12.25,Sí,Sí,Pescado,No,No registrado,No registrado,App,7257,0-18
7695972563,Ryan,Richards,57.0,Masculino,Boston,Alto,6.0,22.94,Sí,Sí,Carnes,No,No registrado,No registrado,Tarjeta,6909,46-60
7320700269,Christine,Miller,49.0,Femenino,Boston,Muy Alto,8.0,56.37,Sí,No,Vegetariano,Sí,No registrado,fmunoz@example.com,Tarjeta,10548,46-60
9824076491,Tina,Lane,69.0,Femenino,Boston,Alto,5.0,27.74,Sí,No,Carnes,Sí,No registrado,No registrado,Efectivo,4505,61-100
2923545870,Jaime,Blankenship,38.0,Masculino,Boston,Medio,2.0,32.12,Sí,Sí,Carnes,Sí,No registrado,jesse15@example.com,App,2640,31-45
1938193008,Megan,Barnes,60.0,Femenino,Boston,Alto,6.0,29.34,No,Sí,Mariscos,No,791-750-5850,william97@example.net,Tarjeta,5768,46-60
1424694413,Laura,Lynch,34.0,Femenino,Boston,Alto,6.0,40.36,No,No,Vegano,Sí,(340)573-0833,hmorgan@example.org,App,7019,31-45
3977485451,Christopher,Lee,47.0,Masculino,Boston,Muy Alto,6.0,26.57,Sí,Sí,Otro,Sí,415-391-1592x03566,lmendoza@example.org,Tarjeta,9142,46-60
6443918604,Adam,Williamson,58.0,Masculino,Boston,Alto,5.0,43.04,No,Sí,Carnes,No,350.644.2098,No registrado,Tarjeta,8335,46-60
6600346133,Jim,Taylor,40.0,Masculino,Boston,Medio,2.0,16.67,Sí,Sí,Carnes,No,No registrado,No registrado,Efectivo,3094,31-45
2158836240,Ruth,Hernandez,18.0,Femenino,Boston,Alto,6.0,8.57,Sí,Sí,Pescado,Sí,+1-906-406-7668,No registrado,App,6499,0-18
4100711567,Craig,Robinson,46.0,Masculino,Boston,Bajo,0.0,0.0,No,Sí,Mariscos,No,4104745195,No registrado,App,946,46-60
7303342978,Jenna,Gibson,51.0,Femenino,Boston,Bajo,0.0,0.0,Sí,No,Pescado,No,4819060711,clarkmatthew@example.org,App,1485,46-60
5976777081,Tracy,Parker,39.0,Femenino,Boston,Alto,5.0,25.78,Sí,Sí,Pescado,Sí,001-288-838-9553x621,No registrado,Efectivo,3838,31-45
3736531909,Brittany,Watkins,34.0,Femenino,Boston,Alto,5.0,16.61,Sí,No,Vegetariano,No,No registrado,debrawashington@example.org,Efectivo,3818,31-45
5530387627,Thomas,James,44.0,Masculino,Boston,Muy Alto,10.0,89.32,No,Sí,Vegetariano,Sí,3602846434,samanthaobrien@example.net,Efectivo,14633,31-45
4396807251,Adrian,Jimenez,19.0,Masculino,Boston,Muy Alto,7.0,60.09,Sí,Sí,Vegano,No,+1-608-554-4235x8378,wevans@example.org,Efectivo,10239,19-30
9115036120,Leslie,Clark,66.0,Femenino,Boston,Bajo,2.0,6.3,No,Sí,Vegano,No,No registrado,uellis@example.org,Tarjeta,1230,61-100
3338062656,Gregory,Jones,40.0,Masculino,Boston,Alto,5.0,29.34,No,Sí,Vegetariano,No,No registrado,No registrado,Efectivo,8705,31-45
7144203346,Javier,Huffman,23.0,Masculino,Boston,Muy Alto,9.0,38.67,No,Sí,Mariscos,Sí,7352744386,No registrado,Tarjeta,17790,19-30
8148077877,Ashley,Hodges,39.0,Femenino,Boston,Bajo,0.0,0.0,No,Sí,Carnes,No,No registrado,qkaufman@example.org,App,1520,31-45
5076766763,Renee,Ross,66.0,Femenino,Boston,Bajo,2.0,6.73,Sí,Sí,Mariscos,No,No registrado,rcarlson@example.net,Efectivo,965,61-100
2713189716,Rick,Johnson,46.0,Masculino,Boston,Bajo,2.0,13.43,No,Sí,Pescado,No,No registrado,No registrado,App,1076,46-60
1546416390,Caleb,Anderson,51.0,Masculino,Boston,Bajo,3.0,14.57,Sí,Sí,Carnes,No,No registrado,No registrado,App,1474,46-60
8263084871,Jennifer,Lewis,49.0,Femenino,Boston,Muy Alto,8.0,104.1,Sí,Sí,Vegano,Sí,No registrado,No registrado,Tarjeta,16480,46-60
9729661365,Ashley,Larson,65.0,Femenino,Boston,Alto,6.0,45.01,No,Sí,Vegetariano,Sí,001-794-294-4545,cpeterson@example.org,App,6588,61-100
3544267042,Wesley,Welch,22.0,Masculino,Boston,Muy Alto,5.0,52.82,No,Sí,Mariscos,Sí,207-479-3092x88797,taylorolsen@example.com,App,11022,19-30
3243568900,Yolanda,Case,67.0,Femenino,Boston,Alto,4.0,35.71,No,Sí,Vegetariano,Sí,No registrado,No registrado,Efectivo,7416,61-100
3638017707,Melvin,Schmidt,31.0,Masculino,Boston,Alto,4.0,13.32,Sí,No,Otro,No,696-380-4563,No registrado,Efectivo,8122,31-45
3362718626,Kathleen,Espinoza,64.0,Femenino,Boston,Bajo,2.0,9.28,No,No,Mariscos,No,No registrado,No registrado,Efectivo,1218,61-100
7092570235,Mary,Grant,79.0,Femenino,Boston,Muy Alto,6.0,28.97,No,Sí,Pescado,Sí,211.552.0084x03916,callahanedward@example.org,Efectivo,9347,61-100
1352654179,Kevin,Robinson,31.0,Masculino,Boston,Alto,6.0,37.78,Sí,No,Otro,Sí,001-436-492-4078x9569,No registrado,Tarjeta,5358,31-45
2577172377,James,Green,71.0,Masculino,Boston,Bajo,1.0,7.6,No,No,Vegetariano,No,No registrado,genesmith@example.net,App,1247,61-100
8531385585,David,Howard,63.0,Masculino,Boston,Medio,2.0,6.02,Sí,Sí,Carnes,No,No registrado,diana65@example.com,Efectivo,2167,61-100
9636187241,Jessica,Berg,36.0,Femenino,Boston,Alto,6.0,57.16,No,Sí,Vegano,Sí,(710)281-6590,ohansen@example.org,Efectivo,8058,31-45
8042997784,Michael,Summers,74.0,Masculino,Boston,Alto,6.0,54.2,No,No,Vegetariano,No,No registrado,No registrado,Efectivo,6316,61-100
9454839930,Brady,Jones,51.0,Masculino,Boston,Muy Alto,6.0,61.16,No,Sí,Pescado,Sí,+1-463-328-1777,jennifer41@example.com,Tarjeta,10302,46-60
8619949665,Antonio,Novak,23.0,Masculino,Boston,Muy Alto,9.0,52.99,No,No,Carnes,Sí,+1-229-213-7838x006,No registrado,Efectivo,11481,19-30
2748256598,Taylor,Mendoza,28.0,Femenino,Boston,Muy Alto,6.0,45.9,No,Sí,Vegetariano,Sí,888-368-4103x25924,No registrado,Tarjeta,16883,19-30
4672588403,Jennifer,Rasmussen,50.0,Femenino,Boston,Muy Alto,6.0,87.66,Sí,Sí,Vegano,Sí,No registrado,No registrado,App,9415,46-60
5618570260,Kathleen,Murray,73.0,Femenino,Boston,Bajo,1.0,8.39,No,No,Vegetariano,No,No registrado,No registrado,Tarjeta,940,61-100
2464864695,John,Beasley,22.0,Masculino,Boston,Alto,6.0,26.19,Sí,Sí,Otro,Sí,No registrado,No registrado,Efectivo,6162,19-30
7767115101,Jonathan,Love,36.0,Masculino,Boston,Bajo,3.0,5.57,Sí,Sí,Vegano,No,201.597.9596x99481,No registrado,Efectivo,1375,31-45
1799992184,Dustin,Coleman,67.0,Masculino,Boston,Bajo,1.0,10.73,No,Sí,Vegetariano,No,253-994-7141,No registrado,App,985,61-100
8248829645,George,Gibson,59.0,Masculino,Boston,Muy Alto,6.0,87.26,No,Sí,Carnes,Sí,No registrado,bacosta@example.com,App,11810,46-60
8143070604,Ashley,Reed,60.0,Femenino,Boston,Medio,3.0,33.86,No,No,Carnes,No,(331)621-5239x057,greenmary@example.net,Efectivo,2232,46-60
5276768063,Michael,Melton,70.0,Masculino,Boston,Muy Alto,10.0,79.08,Sí,Sí,Otro,Sí,No registrado,brendalamb@example.com,Efectivo,13047,61-100
7345156560,Sarah,Stewart,73.0,Femenino,Boston,Bajo,1.0,5.82,Sí,Sí,Vegetariano,No,220-500-4630x135,No registrado,App,1351,61-100
8287032823,Philip,Morrow,69.0,Masculino,Boston,Muy Alto,5.0,29.91,Sí,Sí,Otro,Sí,No registrado,beth12@example.com,App,15758,61-100
9456485428,Samantha,Wells,29.0,Femenino,Boston,Alto,5.0,12.85,No,Sí,Vegetariano,Sí,598-499-1036x280,fshort@example.org,App,7086,19-30
6078339268,Tammy,Daniel,54.0,Femenino,Boston,Medio,4.0,21.21,No,Sí,Pescado,No,732.908.8335,david67@example.org,Efectivo,1611,46-60
7018661167,Jessica,Roberts,73.0,Femenino,Boston,Medio,4.0,10.75,No,No,Vegetariano,No,No registrado,michaelconley@example.com,App,2836,61-100
6081111838,Timothy,Petty,72.0,Masculino,Boston,Medio,4.0,18.64,No,No,Carnes,No,No registrado,No registrado,Tarjeta,2846,61-100
5394197189,William,Ramirez,79.0,Masculino,Boston,Medio,3.0,31.41,Sí,No,Pescado,No,600.377.9476x9054,campbellbrenda@example.org,Efectivo,2337,61-100
2192781844,Nicole,Vargas,33.0,Femenino,Boston,Bajo,1.0,9.13,No,Sí,Vegetariano,No,001-246-561-1331x568,No registrado,App,1426,31-45
3417300559,Christian,Douglas,41.0,Masculino,Boston,Medio,4.0,19.26,No,Sí,Vegano,No,No registrado,jason38@example.net,Efectivo,2277,31-45
2115288740,Christina,Heath,55.0,Femenino,Boston,Alto,4.0,6.34,Sí,No,Vegano,Sí,No registrado,madisonwarren@example.org,Tarjeta,5635,46-60
5056984005,Terry,Harris,43.0,Femenino,Boston,Alto,4.0,40.06,Sí,Sí,Vegano,No,No registrado,No registrado,App,6295,31-45
2172180491,Toni,Torres,39.0,Femenino,Boston,Alto,5.0,58.38,Sí,Sí,Mariscos,Sí,603.769.0350x217,No registrado,Efectivo,6211,31-45
7028132359,Robert,Wells,78.0,Masculino,Boston,Medio,2.0,18.59,No,Sí,Mariscos,No,+1-753-732-9796x7445,No registrado,Efectivo,2127,61-100
9451797194,Leonard,Taylor,42.0,Masculino,Boston,Muy Alto,6.0,11.36,Sí,Sí,Vegano,Sí,353.284.9738,aaron17@example.net,App,12247,31-45
7018880437,Tina,Wong,38.0,Femenino,Boston,Medio,4.0,7.15,No,No,Vegetariano,No,+1-781-925-5508,greerangela@example.org,Efectivo,2739,31-45
4817184324,Kevin,Jenkins,67.0,Masculino,Boston,Medio,5.0,23.76,No,Sí,Mariscos,No,No registrado,No registrado,App,3243,61-100
9918744233,Vincent,Rodriguez,61.0,Masculino,Boston,Medio,3.0,26.51,Sí,Sí,Pescado,Sí,+1-346-245-3832,No registrado,Tarjeta,2600,61-100
2483048737,Zachary,Hudson,18.0,Masculino,Boston,Bajo,3.0,9.49,Sí,Sí,Mariscos,No,7664135998,No registrado,Efectivo,1231,0-18
5801195339,Ronnie,Jones,21.0,Masculino,Boston,Muy Alto,8.0,22.33,No,Sí,Carnes,Sí,+1-681-250-3247x754,robinsonsteven@example.net,App,15821,19-30
7895370352,Diana,Johnson,27.0,Femenino,Boston,Alto,6.0,30.15,Sí,Sí,Vegetariano,Sí,782.662.5711x82275,mcdonaldlarry@example.org,Efectivo,4870,19-30
6333756359,Sonya,Brooks,37.0,Femenino,Boston,Alto,5.0,25.83,Sí,No,Mariscos,Sí,(460)485-8207,No registrado,Tarjeta,6630,31-45
3117369705,Patrick,Ramos,57.0,Masculino,Boston,Medio,2.0,17.0,No,Sí,Vegetariano,No,No registrado,No registrado,App,2652,46-60
2985398763,Mark,Huffman,79.0,Masculino,Boston,Medio,3.0,34.3,Sí,Sí,Vegetariano,No,8087265699,No registrado,App,2508,61-100
2305629082,Daniel,Lee,49.0,Masculino,Boston,Alto,4.0,12.75,No,No,Pescado,Sí,No registrado,No registrado,Tarjeta,3646,46-60
4137350774,Angela,Ward,23.0,Femenino,Boston,Alto,4.0,45.95,No,Sí,Vegetariano,No,(420)464-6602x547,No registrado,Efectivo,7839,19-30
4040409964,Ryan,Pennington,56.0,Masculino,Boston,Medio,5.0,11.12,No,No,Vegetariano,No,No registrado,No registrado,Efectivo,2475,46-60
4039019230,Michael,Haynes,73.0,Masculino,Boston,Bajo,1.0,14.28,No,No,Vegetariano,No,(521)248-2681,jenniferpham@example.org,App,1207,61-100
7534480069,Stacy,Johns,46.0,Femenino,Boston,Bajo,0.0,0.0,Sí,No,Carnes,No,No registrado,No registrado,Efectivo,1427,46-60
1553612485,Jennifer,Miller,59.0,Femenino,Boston,Medio,5.0,7.27,Sí,Sí,Carnes,No,2199877985,No registrado,Tarjeta,3493,46-60
4038268700,William,Phelps,31.0,Masculino,Boston,Alto,6.0,12.23,No,No,Vegetariano,Sí,No registrado,jeffreykelly@example.org,Efectivo,7390,31-45
1449401808,Kyle,Mccormick,74.0,Masculino,Boston,Medio,4.0,8.36,Sí,No,Vegetariano,No,No registrado,hgibson@example.com,App,2681,61-100
7907449371,Diana,Bridges,56.0,Femenino,Boston,Medio,2.0,7.69,Sí,Sí,Vegano,No,No registrado,No registrado,App,1991,46-60
4917871786,Mary,Weaver,36.0,Femenino,Boston,Medio,2.0,9.74,No,Sí,Pescado,No,No registrado,No registrado,App,3179,31-45
9632590108,Richard,Lee,58.0,Masculino,Boston,Alto,6.0,8.45,No,Sí,Mariscos,Sí,001-727-777-9614,No registrado,Tarjeta,5137,46-60
3591527330,Stephanie,Park,42.0,Femenino,Boston,Alto,5.0,32.22,Sí,Sí,Otro,No,8819832637,jessica22@example.com,App,8504,31-45
7895255573,Kelly,Martinez,73.0,Femenino,Boston,Alto,4.0,11.23,Sí,Sí,Vegano,Sí,No registrado,No registrado,Efectivo,5496,61-100
4236230221,Gerald,Brown,32.0,Masculino,Boston,Bajo,0.0,0.0,No,No,Mariscos,No,(617)816-1783x6657,No registrado,Efectivo,879,31-45
9725528903,James,Rodriguez,47.0,Masculino,Boston,Alto,6.0,64.8,Sí,No,Vegetariano,No,No registrado,No registrado,Tarjeta,3860,46-60
3188382776,Julian,Bishop,47.0,Masculino,Boston,Muy Alto,5.0,97.45,No,Sí,Vegano,Sí,No registrado,No registrado,Efectivo,10131,46-60
1278675454,Leslie,Pratt,46.0,Femenino,Boston,Muy Alto,7.0,12.86,No,Sí,Mariscos,Sí,(858)949-3682,No registrado,Efectivo,16542,46-60
1655432544,Anthony,Rodriguez,37.0,Masculino,Boston,Alto,6.0,21.96,Sí,No,Carnes,No,No registrado,No registrado,Tarjeta,3620,31-45
8227919596,Amber,Lyons,41.0,Femenino,Boston,Medio,2.0,30.6,No,Sí,Carnes,No,No registrado,No registrado,Tarjeta,3173,31-45
8209342438,Joseph,Garcia,47.0,Masculino,Boston,Alto,4.0,14.79,No,Sí,Vegano,No,(408)260-4512,No registrado,Tarjeta,3666,46-60
2671461179,Troy,Zimmerman,66.0,Masculino,Boston,Medio,3.0,10.51,Sí,Sí,Mariscos,No,331.960.8966x871,No registrado,App,2698,61-100
6821587997,Steven,Hartman,26.0,Masculino,Boston,Medio,2.0,17.08,No,Sí,Carnes,No,(589)771-4393,No registrado,Tarjeta,3135,19-30
7195771959,April,Jenkins,60.0,Femenino,Boston,Alto,5.0,56.35,Sí,No,Vegetariano,Sí,No registrado,christiecalderon@example.com,App,5766,46-60
7164388038,Amanda,Watson,31.0,Femenino,Boston,Alto,6.0,25.52,Sí,No,Pescado,Sí,001-592-627-4180x3748,calebstevens@example.net,App,5762,31-45
6608599560,Nicholas,Hicks,47.0,Masculino,Boston,Muy Alto,8.0,83.32,No,No,Vegetariano,Sí,953.824.5213x192,andre27@example.org,Tarjeta,15499,46-60
8226718114,Thomas,Pace,77.0,Masculino,Boston,Medio,3.0,9.91,No,No,Otro,No,No registrado,No registrado,Efectivo,1603,61-100
5673567210,Patrick,Mason,19.0,Masculino,Boston,Alto,5.0,36.67,No,Sí,Pescado,Sí,No registrado,tkim@example.org,Tarjeta,6009,19-30
9556117373,Dennis,Fisher,74.0,Masculino,Boston,Muy Alto,5.0,9.63,No,Sí,Carnes,Sí,No registrado,fisherjoshua@example.org,Efectivo,15081,61-100
2602654091,Jon,Gutierrez,59.0,Masculino,Boston,Alto,4.0,20.48,No,Sí,Vegetariano,Sí,No registrado,lbaldwin@example.org,App,6939,46-60
9656941706,Larry,Crawford,33.0,Masculino,Boston,Medio,2.0,24.93,No,No,Carnes,No,No registrado,pallen@example.org,App,2573,31-45
1298303177,Mark,Washington,29.0,Masculino,Boston,Muy Alto,8.0,21.11,Sí,Sí,Vegetariano,Sí,No registrado,davidtorres@example.com,App,11496,19-30
3953862734,Jonathan,Horn,27.0,Masculino,Boston,Medio,5.0,26.0,No,Sí,Vegetariano,No,653-712-6158x0447,allenpatricia@example.net,Tarjeta,2105,19-30
3674833330,Monica,Malone,50.0,Femenino,Boston,Alto,6.0,26.5,No,Sí,Mariscos,No,3726154157,jill20@example.net,Efectivo,4806,46-60
2614740244,Robin,Chapman,49.0,Femenino,Boston,Muy Alto,5.0,65.01,Sí,Sí,Vegetariano,Sí,No registrado,No registrado,Tarjeta,12184,46-60
9577024647,Brian,Mcdaniel,54.0,Masculino,Boston,Bajo,2.0,14.98,Sí,No,Mariscos,No,No registrado,No registrado,Tarjeta,815,46-60
2532973896,Sarah,Landry,42.0,Femenino,Boston,Medio,5.0,22.3,Sí,No,Carnes,Sí,001-452-729-4568x6263,No registrado,Efectivo,1891,31-45
3584719544,Alyssa,Grant,53.0,Femenino,Boston,Bajo,3.0,8.94,Sí,Sí,Carnes,No,(534)409-0584x93306,vkelley@example.net,App,1546,46-60
9369604093,Dennis,Ryan,47.0,Masculino,Boston,Medio,6.0,7.06,Sí,No,Carnes,Sí,No registrado,No registrado,App,2603,46-60
6597459437,Melissa,Barber,18.0,Femenino,Boston,Bajo,3.0,12.15,No,Sí,Mariscos,No,No registrado,No registrado,App,966,0-18
1808270771,Stacey,Ferguson,67.0,Femenino,Boston,Alto,4.0,57.6,Sí,Sí,Mariscos,No,No registrado,briannathomas@example.net,Efectivo,4245,61-100
1789885801,Gary,Hill,31.0,Masculino,Boston,Medio,2.0,18.79,Sí,No,Carnes,No,+1-295-270-2758x36191,No registrado,Efectivo,2258,31-45
1591274479,John,Hamilton,62.0,Masculino,Boston,Medio,2.0,22.48,Sí,No,Vegano,Sí,+1-956-556-5104x1266,walkerlance@example.org,Efectivo,2892,61-100
2782958800,Karen,Duffy,26.0,Femenino,Boston,Bajo,1.0,7.73,No,Sí,Carnes,No,No registrado,No registrado,App,1541,19-30
7467879347,Kelly,Fitzgerald,41.0,Femenino,Boston,Medio,5.0,5.07,No,Sí,Carnes,No,No registrado,qcox@example.org,Efectivo,2196,31-45
4773429808,Janet,Todd,26.0,Femenino,Boston,Alto,4.0,26.65,Sí,Sí,Carnes,Sí,No registrado,michael82@example.com,Tarjeta,8001,19-30
2622055689,Frances,Lindsey,68.0,Femenino,Boston,Bajo,2.0,7.42,Sí,No,Vegetariano,No,336-408-5579x56732,cummingsmary@example.net,Efectivo,1478,61-100
7239753308,John,Vega,24.0,Masculino,Boston,Medio,3.0,30.54,Sí,Sí,Vegetariano,No,No registrado,xreese@example.net,App,1953,19-30
6501555716,Rick,Ward,53.0,Masculino,Boston,Alto,4.0,42.82,Sí,No,Mariscos,No,No registrado,No registrado,Tarjeta,7293,46-60
5860167420,Jonathan,Young,65.0,Masculino,Boston,Bajo,1.0,9.47,No,Sí,Carnes,No,No registrado,No registrado,Tarjeta,990,61-100
9929101065,Jacob,Burke,58.0,Masculino,Boston,Alto,6.0,56.29,No,Sí,Vegetariano,Sí,4102281646,taylorreed@example.com,App,4949,46-60
9279862473,Melanie,Cooper,25.0,Femenino,Boston,Medio,3.0,33.52,No,Sí,Vegano,Sí,No registrado,erica96@example.net,App,2212,19-30
5052915145,Sierra,Ball,31.0,Femenino,Boston,Medio,2.0,11.06,No,Sí,Carnes,No,+1-318-454-2326x594,banderson@example.com,Tarjeta,2249,31-45
4455798713,Jose,Miller,43.0,Masculino,Boston,Alto,6.0,52.5,Sí,Sí,Vegetariano,Sí,No registrado,sarah04@example.org,App,6144,31-45
9833236739,Alyssa,Mccall,74.0,Femenino,Boston,Alto,6.0,13.59,No,No,Vegetariano,Sí,(303)940-4721x679,No registrado,Efectivo,6523,61-100
7786248655,Alexander,Coleman,80.0,Masculino,Boston,Bajo,1.0,8.89,No,No,Vegano,No,480-251-9894,No registrado,Efectivo,1166,61-100
6772649622,Justin,Cooper,28.0,Masculino,Boston,Bajo,1.0,7.81,No,Sí,Mariscos,No,(823)439-2866x7814,ufischer@example.org,App,1191,19-30
4512443760,Anthony,Campos,27.0,Masculino,Boston,Muy Alto,10.0,39.03,No,Sí,Pescado,Sí,719-623-7853x8691,No registrado,Tarjeta,16832,19-30
6766460881,Deborah,Mckay,46.0,Femenino,Boston,Medio,2.0,25.43,Sí,Sí,Carnes,No,No registrado,No registrado,Efectivo,2587,46-60
9342671082,William,Mclaughlin,20.0,Masculino,Boston,Muy Alto,10.0,68.07,Sí,Sí,Pescado,Sí,No registrado,qbauer@example.net,Tarjeta,11594,19-30
2368929708,Adam,Reilly,47.0,Masculino,Boston,Medio,3.0,18.21,No,Sí,Vegetariano,No,No registrado,No registrado,Efectivo,2300,46-60
6351134654,Christopher,Porter,49.0,Masculino,Boston,Alto,5.0,59.08,No,No,Otro,Sí,No registrado,No registrado,App,8105,46-60
3206210155,Emily,Benson,24.0,Femenino,Boston,Bajo,3.0,11.37,No,Sí,Carnes,No,+1-257-881-1480x16027,No registrado,App,1130,19-30
4482166571,Christopher,Sherman,19.0,Masculino,Boston,Alto,6.0,7.59,No,No,Carnes,No,No registrado,moralesjennifer@example.net,Tarjeta,4326,19-30
7361889627,George,Jones,70.0,Masculino,Boston,Bajo,0.0,0.0,Sí,Sí,Carnes,No,(282)235-9370,No registrado,App,1149,61-100
9291515853,Jocelyn,Walsh,70.0,Femenino,Boston,Alto,6.0,33.57,Sí,Sí,Mariscos,Sí,No registrado,No registrado,Tarjeta,7043,61-100
2132487077,Robert,Donovan,50.0,Masculino,Boston,Muy Alto,6.0,28.67,No,Sí,Carnes,Sí,564-893-6291x847,No registrado,Efectivo,12314,46-60
3909635823,Veronica,Hill,24.0,Femenino,Boston,Bajo,2.0,8.36,No,Sí,Vegetariano,No,(366)857-6226x7525,vwebb@example.org,Tarjeta,1139,19-30
9695187435,Gina,Wood,44.0,Femenino,Boston,Medio,3.0,16.46,No,Sí,Vegano,No,(951)459-7072x540,No registrado,Tarjeta,1705,31-45
2262498713,David,Edwards,37.0,Masculino,Boston,Medio,4.0,14.25,Sí,No,Carnes,No,863.647.8653,No registrado,Tarjeta,2064,31-45
8828528214,Kyle,Martin,27.0,Masculino,Boston,Alto,6.0,26.71,No,Sí,Vegetariano,Sí,+1-841-497-4602,nguyenandre@example.com,Efectivo,7831,19-30
9993177343,Bryan,Kennedy,20.0,Masculino,Boston,Muy Alto,6.0,39.45,Sí,Sí,Otro,Sí,No registrado,zhangmelissa@example.net,Efectivo,16839,19-30
3147716902,Craig,Jenkins,41.0,Masculino,Boston,Muy Alto,5.0,56.27,No,Sí,Carnes,Sí,No registrado,timothydavidson@example.org,Tarjeta,10647,31-45
9236087894,James,Hamilton,21.0,Masculino,Boston,Medio,4.0,15.56,No,Sí,Vegetariano,No,No registrado,No registrado,App,1960,19-30
2046697223,Jordan,Schmidt,48.0,Femenino,Boston,Alto,4.0,12.8,No,No,Otro,Sí,860-653-4165,No registrado,Tarjeta,4656,46-60
8054785371,Adam,Watkins,64.0,Masculino,Boston,Alto,4.0,58.57,No,Sí,Vegano,Sí,668.687.2464x296,No registrado,Efectivo,6880,61-100
1921128736,Christine,Smith,48.0,Femenino,Boston,Medio,4.0,28.26,Sí,Sí,Vegetariano,No,No registrado,No registrado,Efectivo,2110,46-60
7313431389,Carl,Davenport,70.0,Masculino,Boston,Medio,5.0,10.5,Sí,No,Mariscos,No,001-928-963-9111x666,No registrado,Tarjeta,1610,61-100
9423189449,Samuel,Heath,39.0,Masculino,Boston,Bajo,2.0,7.7,Sí,Sí,Mariscos,No,001-459-923-8445,sierra61@example.org,App,1238,31-45
1625457321,Scott,Oconnor,73.0,Masculino,Boston,Bajo,3.0,6.96,No,No,Pescado,No,(378)890-8400x90005,wadecharles@example.net,Tarjeta,980,61-100
5660378755,Taylor,Burns,38.0,Masculino,Boston,Bajo,3.0,8.03,Sí,Sí,Otro,No,291.477.1809,scott14@example.net,Efectivo,1314,31-45
9679001135,Maria,Smith,60.0,Femenino,Boston,Muy Alto,10.0,19.06,Sí,Sí,Vegano,Sí,860-694-2287x735,No registrado,Efectivo,15562,46-60
3684631260,Julie,Fowler,80.0,Femenino,Boston,Muy Alto,6.0,12.66,Sí,Sí,Otro,Sí,893-304-1882,No registrado,Efectivo,11803,61-100
1888801440,Lisa,Johnson,39.0,Femenino,Boston,Bajo,0.0,0.0,Sí,No,Mariscos,No,No registrado,thomasstephen@example.net,App,1439,31-45
1152615623,Joseph,Walker,78.0,Masculino,Boston,Muy Alto,8.0,50.88,No,Sí,Vegano,Sí,368.378.3733x290,thomasbarbara@example.net,App,13917,61-100
6720572969,Robert,Martin,23.0,Masculino,Boston,Alto,4.0,14.83,Sí,Sí,Pescado,Sí,001-962-382-2772,No registrado,App,7562,19-30
8709361138,Derrick,Johnson,28.0,Masculino,Boston,Medio,2.0,30.81,No,Sí,Vegano,No,467.599.7531x6120,No registrado,Tarjeta,3301,19-30
8522334977,Lori,Mitchell,24.0,Femenino,Boston,Medio,5.0,10.72,No,Sí,Carnes,No,(282)361-3335x096,No registrado,Tarjeta,1859,19-30
4492625407,John,Taylor,70.0,Masculino,Boston,Medio,3.0,15.3,Sí,Sí,Otro,No,435-859-5952x4374,No registrado,Efectivo,1644,61-100
3558754366,Anthony,Gonzalez,52.0,Masculino,Boston,Medio,5.0,27.03,Sí,No,Vegetariano,No,+1-668-404-9159x67130,adam02@example.com,App,1976,46-60
8513724361,Tracy,Robinson,66.0,Femenino,Boston,Alto,4.0,48.49,Sí,Sí,Carnes,Sí,No registrado,phillipsrichard@example.com,Tarjeta,8859,61-100
1472034303,Jessica,Reynolds,52.0,Femenino,Boston,Alto,4.0,37.21,Sí,Sí,Vegetariano,Sí,331-290-8369x027,mackjamie@example.net,Tarjeta,3733,46-60
8728567537,Melanie,Wilson,18.0,Femenino,Boston,Bajo,2.0,11.9,Sí,Sí,Carnes,No,+1-315-576-4602,No registrado,Tarjeta,1274,0-18
7614001690,Adriana,Mcdowell,55.0,Femenino,Boston,Muy Alto,9.0,80.0,No,Sí,Pescado,Sí,No registrado,villarrealangela@example.com,Efectivo,10667,46-60
4075665257,Vickie,Reilly,70.0,Femenino,Boston,Muy Alto,10.0,46.08,No,Sí,Mariscos,Sí,479.506.2261,No registrado,Efectivo,14298,61-100
1337468871,Andrew,Brown,20.0,Masculino,Boston,Bajo,3.0,12.33,No,Sí,Vegetariano,No,8452400639,No registrado,Tarjeta,1427,19-30
3135172200,Amanda,Carroll,66.0,Femenino,Boston,Bajo,2.0,9.72,No,Sí,Vegetariano,No,No registrado,No registrado,Efectivo,1061,61-100
2866241805,Christian,Beck,44.0,Masculino,Boston,Muy Alto,9.0,35.12,Sí,No,Mariscos,Sí,No registrado,christopher53@example.org,App,10929,31-45
7024504783,Jeffrey,Turner,69.0,Masculino,Boston,Muy Alto,8.0,21.51,No,No,Mariscos,Sí,240-773-7800x204,No registrado,Tarjeta,15830,61-100
6251254367,Judy,Howard,56.0,Femenino,Boston,Bajo,2.0,7.68,Sí,Sí,Mariscos,No,No registrado,No registrado,Tarjeta,870,46-60
9049757002,Sheila,Gonzalez,43.0,Femenino,Boston,Bajo,0.0,0.0,No,Sí,Mariscos,No,No registrado,No registrado,Tarjeta,1258,31-45
6488318795,Jessica,Hampton,38.0,Femenino,Boston,Medio,4.0,21.35,Sí,Sí,Carnes,No,No registrado,josephingram@example.org,Tarjeta,1683,31-45
5963015056,Norman,Alvarez,18.0,Masculino,Boston,Alto,4.0,49.63,No,Sí,Carnes,Sí,No registrado,wray@example.org,Efectivo,7878,0-18
1319467154,Justin,Rosario,54.0,Masculino,Boston,Bajo,0.0,0.0,Sí,Sí,Carnes,No,981.621.4227x984,carolinewheeler@example.com,Efectivo,1526,46-60
8614412402,Donna,Navarro,79.0,Femenino,Boston,Bajo,3.0,11.81,Sí,Sí,Otro,No,001-514-644-1054x3999,danielrobinson@example.net,Tarjeta,1081,61-100
5090692550,Anna,Berry,30.0,Femenino,Boston,Muy Alto,7.0,13.84,Sí,Sí,Otro,Sí,380-567-2265,No registrado,Efectivo,17959,19-30
4080657131,Veronica,Patrick,29.0,Femenino,Boston,Bajo,0.0,0.0,Sí,Sí,Pescado,No,280-338-8827x6871,No registrado,Tarjeta,1591,19-30
6014486114,Shane,Chan,54.0,Masculino,Boston,Medio,2.0,21.14,Sí,Sí,Otro,No,No registrado,No registrado,Efectivo,2972,46-60
9313481088,John,Moore,55.0,Masculino,Boston,Alto,4.0,56.27,No,No,Pescado,Sí,(989)751-5894,danmorris@example.com,App,5992,46-60
3916289369,Hannah,Mullen,57.0,Femenino,Boston,Alto,4.0,12.47,Sí,Sí,Vegetariano,Sí,429-419-2005,kristopheryoung@example.com,App,8854,46-60
3907722404,Charles,Garner,65.0,Masculino,Boston,Bajo,3.0,6.76,No,Sí,Mariscos,No,No registrado,No registrado,Tarjeta,973,61-100
3279317196,Mckenzie,Day,36.0,Femenino,Boston,Muy Alto,8.0,70.74,No,Sí,Pescado,Sí,No registrado,No registrado,Tarjeta,13387,31-45
2500830360,Theresa,Koch,26.0,Femenino,Boston,Medio,3.0,33.53,Sí,Sí,Otro,Sí,+1-287-501-5393x9787,lwagner@example.com,Tarjeta,1774,19-30
3782083503,Savannah,Chambers,41.0,Femenino,Boston,Muy Alto,10.0,28.71,No,No,Vegetariano,Sí,No registrado,harriscorey@example.net,App,14490,31-45
7065217872,Stephen,Cole,59.0,Masculino,Boston,Muy Alto,6.0,59.62,No,Sí,Vegetariano,Sí,No registrado,No registrado,Tarjeta,17811,46-60
4852002754,Daniel,Perkins,44.0,Masculino,Boston,Medio,2.0,17.11,No,Sí,Mariscos,No,No registrado,No registrado,Efectivo,1877,31-45
6737656346,Mary,Francis,32.0,Femenino,Boston,Alto,4.0,64.41,No,No,Otro,Sí,No registrado,No registrado,Tarjeta,6895,31-45
2957841781,Kevin,Martin,41.0,Masculino,Boston,Alto,6.0,56.67,No,Sí,Carnes,Sí,(769)470-8319x463,No registrado,Efectivo,5257,31-45
6821762710,Michael,Ortega,19.0,Masculino,Boston,Alto,4.0,34.1,Sí,Sí,Vegano,Sí,001-222-233-1198x57981,huangeric@example.org,Tarjeta,4414,19-30
4650810955,Christina,Jones,49.0,Femenino,Boston,Muy Alto,7.0,19.31,Sí,No,Vegetariano,Sí,(265)865-0684,christopher45@example.net,Tarjeta,17222,46-60
8411774059,Jared,Murray,54.0,Masculino,Boston,Medio,4.0,34.31,No,Sí,Mariscos,Sí,No registrado,jacquelinemayer@example.org,Tarjeta,3169,46-60
8321763524,Bridget,Hernandez,23.0,Femenino,Boston,Bajo,1.0,7.79,Sí,Sí,Otro,No,(673)337-4635,No registrado,Tarjeta,1152,19-30
3570853931,Andrea,Wilson,69.0,Femenino,Boston,Alto,6.0,43.52,Sí,No,Vegetariano,Sí,No registrado,No registrado,App,6727,61-100
2168274876,Jennifer,Meyer,41.0,Femenino,Boston,Alto,4.0,47.01,No,Sí,Vegano,Sí,(493)412-8808x351,No registrado,App,8991,31-45
2539080488,Kelly,Gonzalez,28.0,Femenino,Boston,Muy Alto,6.0,16.02,No,No,Mariscos,Sí,985-225-4454,clarkediana@example.com,Efectivo,16314,19-30
6451955066,Cheryl,Ortiz,67.0,Femenino,Boston,Alto,6.0,48.43,No,Sí,Vegano,Sí,+1-696-959-2166,cynthia32@example.com,App,5495,61-100
9504724761,Sheryl,Gray,56.0,Femenino,Boston,Medio,5.0,6.08,No,Sí,Vegano,No,9607277617,marcusmiller@example.net,App,3092,46-60
1828779668,Sean,Hudson,29.0,Masculino,Boston,Muy Alto,8.0,76.24,Sí,Sí,Carnes,Sí,No registrado,No registrado,Efectivo,10396,19-30
2187359637,Ryan,Oliver,51.0,Masculino,Boston,Medio,5.0,5.62,Sí,Sí,Carnes,No,708-813-1457x880,No registrado,Tarjeta,2433,46-60
5078543414,Amy,Harris,78.0,Femenino,Boston,Medio,5.0,18.45,Sí,No,Mariscos,No,001-760-844-8154,veronica29@example.net,Criptomoneda,2982,61-100
9120421307,Mary,Joseph,32.0,Femenino,Boston,Alto,4.0,58.86,Sí,Sí,Carnes,No,360.611.3909x68232,No registrado,Tarjeta,7227,31-45
9924456994,Kimberly,Parrish,19.0,Femenino,Boston,Alto,6.0,10.3,Sí,Sí,Mariscos,Sí,No registrado,taylordon@example.net,Tarjeta,6529,19-30
3117951204,David,Mason,50.0,Masculino,Boston,Bajo,1.0,13.63,No,No,Vegano,No,(324)467-8992x038,No registrado,App,1248,46-60
2448796207,Dustin,Harvey,28.0,Masculino,Boston,Alto,5.0,48.03,No,Sí,Mariscos,No,No registrado,No registrado,App,5872,19-30
4235319689,Tamara,Melendez,74.0,Femenino,Boston,Alto,5.0,51.84,No,No,Mariscos,No,001-286-915-6417x4293,No registrado,Tarjeta,8766,61-100
5944782960,Miguel,Gray,52.0,Masculino,Boston,Medio,5.0,23.11,Sí,No,Vegetariano,No,No registrado,No registrado,App,2997,46-60
9539471582,Benjamin,Meyer,72.0,Masculino,Boston,Muy Alto,8.0,76.01,Sí,No,Vegetariano,Sí,903-814-3351x08511,brandykent@example.net,Efectivo,17182,61-100
9555880976,Katherine,Short,30.0,Femenino,Boston,Alto,5.0,30.92,Sí,Sí,Mariscos,No,No registrado,No registrado,Efectivo,7858,19-30
6982582414,Monica,Beck,24.0,Femenino,Boston,Bajo,2.0,14.07,Sí,Sí,Mariscos,No,608.981.6953x8529,No registrado,Tarjeta,1028,19-30
9495779702,Karen,Clements,20.0,Femenino,Boston,Medio,2.0,13.87,No,Sí,Pescado,Sí,001-239-394-1048x2862,No registrado,Tarjeta,2519,19-30
6745139935,Melissa,Martinez,71.0,Femenino,Boston,Bajo,2.0,7.57,No,Sí,Vegetariano,No,256.262.8778,No registrado,Efectivo,1371,61-100
2950049698,Debra,Young,40.0,Femenino,Boston,Medio,5.0,23.55,Sí,No,Carnes,No,No registrado,joshuasexton@example.net,Tarjeta,3435,31-45
1626610287,Mary,Gonzalez,52.0,Femenino,Boston,Muy Alto,8.0,69.54,Sí,Sí,Vegetariano,Sí,No registrado,No registrado,Tarjeta,12695,46-60
9344648619,Bryan,Martinez,77.0,Masculino,Boston,Alto,6.0,53.5,No,No,Mariscos,Sí,258.405.9916x49931,tamaramorrison@example.net,Efectivo,4299,61-100
1499633663,Joshua,Cain,68.0,Masculino,Boston,Alto,6.0,54.32,Sí,No,Mariscos,Sí,No registrado,daniel82@example.com,App,7393,61-100
3588472647,Mary,Hayes,33.0,Femenino,Boston,Medio,3.0,11.13,No,Sí,Pescado,No,No registrado,andre14@example.org,Tarjeta,2649,31-45
1459198021,Nicole,Dillon,71.0,Femenino,Boston,Medio,5.0,26.82,Sí,Sí,Mariscos,No,982-454-0462x45234,kenneth12@example.org,Efectivo,3149,61-100
3045347041,Joshua,Benitez,25.0,Masculino,Boston,Medio,5.0,26.48,Sí,Sí,Otro,No,No registrado,No registrado,Tarjeta,2413,19-30
8861270176,Alexa,Stout,51.0,Femenino,Boston,Muy Alto,6.0,102.69,Sí,Sí,Carnes,Sí,No registrado,xhall@example.net,Efectivo,13014,46-60
5465016406,Michael,Scott,75.0,Masculino,Boston,Medio,4.0,31.79,No,No,Otro,No,+1-580-808-4758x090,kwilliamson@example.net,Tarjeta,2882,61-100
7485197617,Kristin,Long,78.0,Femenino,Boston,Alto,5.0,36.72,Sí,Sí,Vegetariano,Sí,316-871-9169x74630,No registrado,App,5413,61-100
6996815554,William,Travis,33.0,Masculino,Boston,Alto,6.0,23.58,Sí,No,Vegetariano,Sí,No registrado,conniewong@example.com,Efectivo,3903,31-45
7188595463,Angela,Brown,23.0,Femenino,Boston,Alto,5.0,47.75,No,Sí,Pescado,Sí,No registrado,No registrado,App,5154,19-30
3982625756,Jose,Guzman,57.0,Masculino,Boston,Muy Alto,9.0,76.59,No,No,Vegano,No,949-275-3937x04499,rwilliams@example.org,Efectivo,10889,46-60
1163272202,Angela,Harrington,41.0,Femenino,Boston,Bajo,2.0,13.03,No,No,Vegetariano,No,No registrado,cynthiamartinez@example.org,Efectivo,1352,31-45
5530392029,Juan,Brown,20.0,Masculino,Boston,Medio,5.0,7.63,No,Sí,Vegano,No,(374)993-0163,No registrado,Tarjeta,3118,19-30
9744984402,Bryan,Maddox,80.0,Masculino,Boston,Alto,4.0,14.18,No,Sí,Pescado,No,No registrado,No registrado,Efectivo,5097,61-100
8211796419,Jennifer,Chavez,19.0,Femenino,Boston,Alto,6.0,54.53,Sí,No,Vegetariano,Sí,No registrado,No registrado,Efectivo,4138,19-30
8484081728,Leonard,Myers,74.0,Masculino,Boston,Medio,3.0,31.73,No,No,Vegetariano,No,851.978.7093x532,shenry@example.net,App,3127,61-100
3439909513,Alyssa,Clark,78.0,Femenino,Boston,Medio,5.0,23.6,Sí,Sí,Vegano,No,2117340720,No registrado,Tarjeta,2482,61-100
7512052178,Julie,Gardner,72.0,Femenino,Boston,Medio,2.0,13.76,Sí,Sí,Mariscos,Sí,No registrado,monica62@example.com,Tarjeta,2851,61-100
1923217331,Damon,Cole,60.0,Masculino,Boston,Alto,6.0,22.27,Sí,Sí,Mariscos,No,No registrado,doughertymichael@example.org,Efectivo,7295,46-60
9488356267,Elizabeth,Burnett,74.0,Femenino,Boston,Medio,4.0,19.89,No,No,Carnes,Sí,No registrado,teresacaldwell@example.net,Tarjeta,2927,61-100
8701306769,Emily,Wright,67.0,Femenino,Boston,Medio,5.0,10.14,No,Sí,Carnes,Sí,No registrado,nicholasbrooks@example.net,Efectivo,2687,61-100
3963929215,Robert,Strong,44.0,Masculino,Boston,Muy Alto,10.0,19.47,No,No,Otro,Sí,No registrado,kimberly11@example.com,App,13268,31-45
4142963107,Cynthia,Flores,40.0,Femenino,Boston,Bajo,0.0,0.0,Sí,No,Vegetariano,No,305.904.3021,No registrado,App,998,31-45
8483357429,Regina,Byrd,49.0,Femenino,Boston,Muy Alto,10.0,97.05,No,Sí,Mariscos,Sí,No registrado,No registrado,Tarjeta,15217,46-60
1239731928,Brian,Smith,45.0,Masculino,Boston,Alto,4.0,13.55,No,No,Vegetariano,Sí,322-739-9944x27464,No registrado,Tarjeta,7781,31-45
5496980355,Kevin,Case,46.0,Masculino,Boston,Medio,4.0,32.14,No,No,Carnes,No,687-494-6294x99471,No registrado,Tarjeta,2415,46-60
4204521655,Gabrielle,Anderson,22.0,Femenino,Boston,Muy Alto,10.0,96.0,Sí,No,Vegano,Sí,(827)703-7944x5669,No registrado,Efectivo,12351,19-30
3294688377,Frank,Jimenez,25.0,Masculino,Boston,Medio,3.0,18.47,No,Sí,Pescado,No,No registrado,shumphrey@example.org,Tarjeta,2097,19-30
8530183382,Allison,Lopez,55.0,Femenino,Boston,Medio,4.0,32.26,Sí,No,Vegano,No,No registrado,gwilliams@example.org,Efectivo,2088,46-60
5478557378,Nicholas,Benson,29.0,Masculino,Boston,Muy Alto,9.0,58.3,No,Sí,Otro,Sí,No registrado,No registrado,Tarjeta,17533,19-30
4261041714,Noah,Wagner,53.0,Masculino,Boston,Medio,5.0,30.18,No,Sí,Vegetariano,No,001-274-483-2086,No registrado,App,2454,46-60
1341662451,Alan,King,43.0,Masculino,Boston,Medio,4.0,10.61,No,No,Mariscos,No,+1-585-230-7785,weststephen@example.com,Efectivo,2194,31-45
9660523876,Maria,Sullivan,59.0,Femenino,Boston,Alto,6.0,25.3,Sí,No,Otro,Sí,607.736.8915x3492,No registrado,Efectivo,7808,46-60
7724905086,Edward,Wells,42.0,Masculino,Boston,Bajo,2.0,10.0,Sí,Sí,Mariscos,No,No registrado,No registrado,Efectivo,846,31-45
2128899620,Cassandra,Hart,60.0,Femenino,Boston,Medio,2.0,27.58,Sí,Sí,Carnes,No,No registrado,No registrado,App,1648,46-60
4607336530,Leonard,Smith,73.0,Masculino,Boston,Alto,5.0,57.56,No,Sí,Vegetariano,No,No registrado,ronald77@example.org,App,6429,61-100
6808509919,Tyler,Singh,56.0,Masculino,Boston,Medio,3.0,21.07,Sí,No,Carnes,No,482-389-2472x601,barrettdiamond@example.net,Efectivo,2104,46-60
5523113145,Patricia,Smith,46.0,Femenino,Boston,Bajo,1.0,9.08,No,Sí,Carnes,No,No registrado,No registrado,App,1014,46-60
2504797898,Anthony,Sparks,77.0,Masculino,Boston,Muy Alto,6.0,87.15,No,No,Vegano,Sí,No registrado,russellraymond@example.org,Criptomoneda,10721,61-100
4778128150,Holly,Henry,24.0,Femenino,Boston,Muy Alto,9.0,27.68,No,Sí,Carnes,No,905-570-7927x13624,No registrado,Efectivo,17668,19-30
5254957682,Angela,Smith,28.0,Femenino,Boston,Muy Alto,10.0,70.33,No,Sí,Carnes,Sí,No registrado,rrobinson@example.net,Efectivo,17376,19-30
1206537132,Jacqueline,Norman,24.0,Femenino,Boston,Alto,4.0,53.97,No,Sí,Pescado,Sí,No registrado,kimberlymitchell@example.net,Tarjeta,7958,19-30
8028848307,Cassandra,Rose,39.0,Femenino,Boston,Alto,5.0,18.21,Sí,No,Mariscos,Sí,No registrado,No registrado,App,6655,31-45
4418715456,Robert,Carrillo,63.0,Masculino,Boston,Alto,6.0,46.38,No,Sí,Vegetariano,Sí,+1-631-816-7536x824,micheal59@example.org,Efectivo,5174,61-100
6186779550,Jennifer,James,46.0,Femenino,Boston,Medio,5.0,29.57,No,Sí,Vegetariano,Sí,No registrado,larrymccullough@example.net,App,2750,46-60
1712552060,Thomas,Rivera,48.0,Masculino,Boston,Medio,2.0,26.4,No,No,Carnes,No,No registrado,No registrado,App,3460,46-60
8253725728,Matthew,Harrison,79.0,Masculino,Boston,Bajo,2.0,13.44,Sí,Sí,Pescado,No,No registrado,No registrado,Criptomoneda,1497,61-100
2471493866,Hunter,Kelley,30.0,Masculino,Boston,Medio,2.0,26.66,Sí,Sí,Mariscos,No,(222)258-7809,No registrado,Efectivo,2207,19-30
1943198537,Brian,Camacho,48.0,Masculino,Boston,Alto,5.0,47.55,No,Sí,Vegetariano,No,No registrado,No registrado,Tarjeta,5900,46-60
4496194426,Matthew,Chandler,49.0,Masculino,Boston,Medio,4.0,7.28,Sí,Sí,Carnes,Sí,No registrado,grantvelasquez@example.net,Efectivo,1644,46-60
8045859854,Steven,Spears,57.0,Masculino,Boston,Bajo,2.0,7.12,Sí,No,Carnes,No,No registrado,No registrado,Tarjeta,1315,46-60
6579480153,Crystal,Howell,75.0,Femenino,Boston,Muy Alto,7.0,101.86,No,No,Carnes,Sí,(430)866-8417x26619,No registrado,Efectivo,10644,61-100
6605134615,Elizabeth,Jones,62.0,Femenino,Boston,Medio,2.0,22.42,Sí,No,Vegetariano,No,No registrado,avaldez@example.net,Tarjeta,2666,61-100
1291485707,Amanda,Gregory,66.0,Femenino,Boston,Muy Alto,7.0,80.49,Sí,Sí,Mariscos,Sí,001-670-953-3152,navarrowayne@example.net,Efectivo,16685,61-100
1662134902,Veronica,Gonzalez,59.0,Femenino,Boston,Muy Alto,7.0,80.72,Sí,Sí,Vegetariano,Sí,699.466.6492,michael81@example.org,Tarjeta,10949,46-60
5729910665,Daniel,Garcia,60.0,Masculino,Boston,Alto,5.0,33.18,No,Sí,Pescado,Sí,001-666-773-4439x6636,No registrado,App,3941,46-60
7698081100,Roberta,Peterson,48.0,Femenino,Boston,Bajo,0.0,0.0,Sí,Sí,Vegano,No,No registrado,No registrado,App,1485,46-60
9890748572,Michael,Farrell,75.0,Masculino,Boston,Medio,5.0,29.34,Sí,Sí,Mariscos,No,No registrado,armstrongjoann@example.org,Efectivo,2422,61-100
1109845503,Alicia,Berg,20.0,Femenino,Boston,Medio,2.0,12.95,No,Sí,Carnes,No,No registrado,leblancnicole@example.net,Efectivo,1729,19-30
6754954558,Daniel,George,22.0,Masculino,Boston,Bajo,1.0,8.76,No,Sí,Vegetariano,No,449.568.8282x817,No registrado,Efectivo,974,19-30
6944371787,Vickie,Krause,18.0,Femenino,Boston,Muy Alto,9.0,82.9,Sí,Sí,Vegetariano,Sí,001-931-856-8905,No registrado,Efectivo,10023,0-18
9895039022,Beth,Hunter,60.0,Femenino,Boston,Medio,5.0,13.67,Sí,Sí,Vegetariano,No,685.981.3595x99503,jacobjohnson@example.net,Efectivo,2858,46-60
6986770846,Christopher,Moore,64.0,Masculino,Boston,Alto,4.0,36.89,Sí,Sí,Carnes,No,No registrado,paula28@example.net,Tarjeta,5444,61-100
2295574037,Jamie,Perez,23.0,Femenino,Boston,Alto,4.0,5.95,Sí,Sí,Otro,Sí,No registrado,rmcknight@example.org,Efectivo,5301,19-30
7923073359,Andrea,Thomas,27.0,Femenino,Boston,Alto,5.0,47.4,No,Sí,Vegetariano,Sí,No registrado,No registrado,Efectivo,7228,19-30
8156764991,Rachel,Martinez,41.0,Femenino,Boston,Medio,5.0,31.29,Sí,Sí,Vegetariano,No,001-880-289-4378x93727,No registrado,Tarjeta,2817,31-45
3358880404,Robin,Wells,78.0,Femenino,Boston,Medio,3.0,29.34,Sí,No,Carnes,No,No registrado,jamiewalsh@example.org,App,2766,61-100
7835360088,Laura,Williamson,36.0,Femenino,Boston,Alto,4.0,60.84,No,Sí,Carnes,No,No registrado,ychen@example.net,Efectivo,5170,31-45
5704029171,Kevin,Francis,38.0,Masculino,Boston,Muy Alto,8.0,59.8,No,Sí,Vegetariano,Sí,(430)660-3064x6544,No registrado,Tarjeta,13114,31-45
1257157317,Michael,Nichols,31.0,Masculino,Boston,Medio,5.0,7.28,Sí,No,Mariscos,No,7725495311,No registrado,Efectivo,3362,31-45
6262322526,Kristen,Perez,66.0,Femenino,Boston,Muy Alto,5.0,42.11,Sí,Sí,Carnes,Sí,+1-897-442-9191x97494,No registrado,Efectivo,17739,61-100
9736920270,Donald,Matthews,38.0,Masculino,Boston,Medio,2.0,23.28,No,No,Carnes,No,(608)865-9641x235,daltonlopez@example.org,Efectivo,2902,31-45
7665684677,Connie,Edwards,21.0,Femenino,Boston,Bajo,2.0,9.12,No,Sí,Vegetariano,No,2083966168,allenbethany@example.com,Efectivo,1472,19-30
7016878519,Jennifer,Raymond,62.0,Femenino,Boston,Medio,5.0,15.2,Sí,Sí,Carnes,No,001-880-947-1951x6004,No registrado,Tarjeta,3464,61-100
5836904468,Kevin,Park,80.0,Masculino,Boston,Muy Alto,5.0,86.76,No,Sí,Vegetariano,Sí,(683)484-9626,gavinthomas@example.com,Tarjeta,17740,61-100
7243049718,James,Edwards,19.0,Masculino,Boston,Alto,6.0,41.89,Sí,Sí,Otro,Sí,No registrado,crossvictor@example.org,Tarjeta,5206,19-30
8033702319,Christopher,Wagner,22.0,Masculino,Boston,Medio,4.0,29.18,No,Sí,Vegetariano,No,(993)860-1758x44719,No registrado,Tarjeta,3490,19-30
4334394937,Michelle,Moore,69.0,Femenino,Boston,Alto,5.0,50.53,No,No,Vegano,Sí,410-737-8509,wsmith@example.net,App,3808,61-100
7360013228,Scott,Marshall,60.0,Masculino,Boston,Bajo,0.0,0.0,Sí,Sí,Mariscos,No,No registrado,No registrado,App,1043,46-60
7937815039,Lisa,Pearson,48.0,Femenino,Boston,Muy Alto,6.0,73.5,Sí,No,Carnes,Sí,643.357.2433x691,millerjennifer@example.com,Tarjeta,15066,46-60
7601440346,Martha,Frazier,62.0,Femenino,Boston,Muy Alto,9.0,60.37,Sí,Sí,Vegetariano,Sí,228-704-6844x9112,hhanson@example.net,Efectivo,13448,61-100
9297134758,Joseph,Cruz,28.0,Masculino,Boston,Medio,5.0,19.18,Sí,Sí,Carnes,No,803.381.0321,No registrado,Efectivo,2999,19-30
6829891470,Bryan,Williams,51.0,Masculino,Boston,Alto,5.0,49.9,No,Sí,Vegetariano,Sí,001-217-433-6925x022,No registrado,Tarjeta,4722,46-60
5549765719,Shawn,Hopkins,68.0,Masculino,Boston,Muy Alto,8.0,40.21,Sí,No,Carnes,Sí,001-968-205-6381x491,martinezmelissa@example.net,App,17395,61-100
9403748506,Joshua,Smith,60.0,Masculino,Boston,Medio,5.0,6.78,Sí,Sí,Carnes,No,001-272-587-6602x1532,No registrado,Tarjeta,3291,46-60
7291891987,Jacob,Villa,71.0,Masculino,Boston,Muy Alto,5.0,68.88,No,Sí,Mariscos,Sí,001-338-330-9660,gward@example.net,Efectivo,10643,61-100
5465613190,Joshua,Richard,69.0,Masculino,Boston,Bajo,1.0,10.34,No,Sí,Carnes,No,(830)684-3080,No registrado,Efectivo,1547,61-100
5311368868,Sarah,Torres,20.0,Femenino,Boston,Alto,6.0,36.96,No,Sí,Mariscos,Sí,No registrado,bturner@example.org,Efectivo,5417,19-30
6032953124,Michael,Wilson,77.0,Masculino,Boston,Medio,5.0,17.51,No,No,Pescado,No,5829812291,No registrado,Tarjeta,1636,61-100
5367513465,Roberto,Lindsey,42.0,Masculino,Boston,Muy Alto,6.0,90.39,No,Sí,Otro,Sí,No registrado,No registrado,Efectivo,11294,31-45
2397405937,Michele,Hunter,46.0,Femenino,Boston,Bajo,0.0,0.0,No,No,Carnes,No,No registrado,brian39@example.com,App,1031,46-60
5316320735,Jacqueline,Becker,22.0,Femenino,Boston,Alto,4.0,35.67,No,Sí,Pescado,No,+1-247-434-7995x38369,curtis11@example.net,App,8853,19-30
9061828262,Larry,Simpson,24.0,Masculino,Boston,Medio,2.0,30.58,No,Sí,Vegetariano,Sí,001-255-328-4791x308,heather66@example.org,Efectivo,2152,19-30
9678322585,Joel,Gates,42.0,Masculino,Boston,Medio,3.0,7.98,Sí,No,Vegetariano,No,No registrado,No registrado,App,2151,31-45
7674841448,Michelle,Cordova,55.0,Femenino,Boston,Medio,2.0,16.41,No,No,Vegano,No,415.687.0008x2818,rleach@example.com,Efectivo,2699,46-60
1129528814,Dawn,Peters,55.0,Femenino,Boston,Medio,4.0,21.45,No,No,Otro,No,No registrado,baxterjennifer@example.net,Efectivo,1682,46-60
8728786271,Andrea,Bell,20.0,Femenino,Boston,Bajo,3.0,5.05,Sí,Sí,Mariscos,No,No registrado,isteele@example.org,Efectivo,1525,19-30
2246069247,James,Frank,30.0,Masculino,Boston,Muy Alto,6.0,16.97,Sí,Sí,Carnes,Sí,No registrado,No registrado,Tarjeta,9411,19-30
4417166028,Allen,Moyer,47.0,Masculino,Boston,Medio,5.0,18.99,Sí,No,Carnes,No,458.756.2966x5123,llawson@example.com,Tarjeta,3053,46-60
9166381136,Nicholas,Newman,27.0,Masculino,Boston,Bajo,0.0,0.0,No,Sí,Vegetariano,No,+1-251-274-9791x7171,No registrado,Tarjeta,1587,19-30
6391505361,Joseph,Johnson,79.0,Masculino,Boston,Alto,5.0,62.42,No,Sí,Vegano,Sí,752.836.7268x084,No registrado,App,7585,61-100
4848196890,Carl,Le,57.0,Masculino,Boston,Muy Alto,6.0,73.13,No,Sí,Carnes,Sí,No registrado,No registrado,Tarjeta,10482,46-60
9653212223,Carolyn,Horton,52.0,Femenino,Boston,Alto,4.0,13.5,No,Sí,Vegetariano,Sí,(597)360-5315x7497,No registrado,Efectivo,8647,46-60
6665159648,Lisa,Crawford,63.0,Femenino,Boston,Muy Alto,9.0,96.94,Sí,Sí,Carnes,Sí,No registrado,No registrado,Efectivo,17273,61-100
2850820685,Anne,Jackson,33.0,Femenino,Boston,Medio,5.0,13.44,Sí,No,Vegetariano,No,(970)391-2342,No registrado,App,1710,31-45
6386916142,Rachel,Dixon,57.0,Femenino,Boston,Alto,4.0,46.16,No,Sí,Vegetariano,No,No registrado,No registrado,Efectivo,4010,46-60
9639472848,Krista,Burns,62.0,Femenino,Boston,Bajo,3.0,10.23,No,Sí,Mariscos,No,No registrado,No registrado,Tarjeta,958,61-100
7610991332,Barbara,Cox,29.0,Femenino,Boston,Medio,4.0,13.81,No,Sí,Vegetariano,No,No registrado,melissa32@example.org,Efectivo,2611,19-30
7787611241,Dana,Reynolds,67.0,Femenino,Boston,Bajo,1.0,9.63,Sí,No,Pescado,No,707-666-1610x3037,laura27@example.net,Efectivo,1465,61-100
2784883819,Sara,Franklin,33.0,Femenino,Boston,Bajo,3.0,9.69,No,No,Otro,No,No registrado,lovejason@example.com,Efectivo,1247,31-45
3061317781,Ashley,Costa,30.0,Femenino,Boston,Bajo,2.0,10.56,Sí,Sí,Otro,No,473-488-5854x574,laura55@example.net,App,1274,19-30
2333070486,Thomas,Shaffer,65.0,Masculino,Boston,Medio,2.0,14.28,Sí,No,Mariscos,No,+1-237-448-7347x5453,colecarla@example.org,Efectivo,1955,61-100
7015992643,Lisa,Spencer,78.0,Femenino,Boston,Medio,5.0,14.72,No,No,Otro,No,487.220.7895,hhale@example.org,Tarjeta,1807,61-100
9086117171,Shelley,Dillon,66.0,Femenino,Boston,Muy Alto,10.0,37.64,No,No,Carnes,Sí,231.682.4531x27147,katelynmurphy@example.com,App,9187,61-100
7325465784,Ivan,Hernandez,80.0,Masculino,Boston,Alto,5.0,12.54,No,No,Otro,No,001-357-585-3637x5544,elizabethsmith@example.net,Efectivo,5949,61-100
7308117627,Christine,Holland,25.0,Femenino,Boston,Alto,6.0,12.97,Sí,Sí,Vegano,Sí,280-543-9519x0077,jesseshelton@example.org,Efectivo,7950,19-30
9375287707,Charles,Ramsey,44.0,Masculino,Boston,Medio,3.0,17.64,Sí,No,Vegetariano,No,307.940.3287x1439,tkim@example.org,Efectivo,2086,31-45
6723122222,Brenda,Smith,48.0,Femenino,Boston,Medio,2.0,24.89,No,Sí,Vegetariano,No,No registrado,No registrado,Efectivo,2806,46-60
8741975262,Robin,Wise,74.0,Femenino,Boston,Alto,6.0,26.16,Sí,No,Otro,Sí,No registrado,reedchristine@example.net,App,3702,61-100
4447261159,Melanie,Morales,52.0,Femenino,Boston,Alto,4.0,46.64,No,No,Mariscos,No,+1-638-360-5003x18401,kaneclinton@example.net,Tarjeta,4472,46-60
8055515912,Philip,Gregory,19.0,Masculino,Boston,Muy Alto,5.0,46.39,Sí,Sí,Carnes,Sí,273-835-0950x3373,adamrichard@example.net,Efectivo,16744,19-30
2756204830,Barbara,Myers,76.0,Femenino,Boston,Medio,2.0,11.72,No,No,Carnes,No,663-260-1068x7322,No registrado,App,3324,61-100
8216895937,Jennifer,Larsen,55.0,Femenino,Boston,Bajo,1.0,13.23,Sí,Sí,Mariscos,No,No registrado,No registrado,Tarjeta,1093,46-60
7774935988,Kyle,Fritz,32.0,Masculino,Boston,Alto,4.0,39.91,Sí,No,Mariscos,Sí,001-762-759-6841,No registrado,Criptomoneda,8466,31-45
2125843231,Albert,Thompson,25.0,Masculino,Boston,Alto,4.0,17.22,Sí,Sí,Vegetariano,Sí,No registrado,No registrado,App,7096,19-30
6634518226,David,Reilly,61.0,Masculino,Boston,Bajo,1.0,9.14,No,Sí,Vegetariano,No,4843245865,kmoreno@example.com,Tarjeta,1343,61-100
6728633946,James,Barnes,49.0,Masculino,Boston,Alto,4.0,49.57,No,No,Vegetariano,No,No registrado,pclark@example.org,App,5033,46-60
4664811664,Kent,Taylor,33.0,Masculino,Boston,Muy Alto,9.0,31.08,Sí,Sí,Otro,Sí,No registrado,jennifer31@example.com,Efectivo,14845,31-45
1431946463,Caroline,Malone,23.0,Femenino,Boston,Medio,5.0,32.69,No,Sí,Vegetariano,No,No registrado,No registrado,Tarjeta,2095,19-30
9851082595,Shawn,Thompson,41.0,Masculino,Boston,Bajo,2.0,9.53,No,No,Mariscos,No,697-787-3380x175,jessekemp@example.org,App,1459,31-45
1823100326,Alexis,Figueroa,35.0,Masculino,Boston,Bajo,1.0,5.44,No,No,Carnes,No,923.433.6258x9808,meganspears@example.com,Efectivo,1067,31-45
1732423444,Alexander,Morgan,46.0,Masculino,Boston,Medio,4.0,7.93,Sí,No,Otro,No,No registrado,ballardjeffrey@example.net,Efectivo,2486,46-60
7340952947,Tina,Oliver,31.0,Femenino,Boston,Alto,6.0,50.18,Sí,Sí,Vegano,Sí,No registrado,No registrado,Tarjeta,6532,31-45
8219885504,Emily,Jones,30.0,Femenino,Boston,Bajo,0.0,0.0,No,Sí,Vegetariano,No,No registrado,No registrado,Efectivo,1301,19-30
4303059911,Kimberly,Watkins,28.0,Femenino,Boston,Medio,3.0,24.45,Sí,Sí,Mariscos,No,9604199972,angelicaschmidt@example.com,App,1618,19-30
8694169034,Ronnie,King,75.0,Masculino,Boston,Medio,2.0,9.89,No,Sí,Vegetariano,No,+1-696-307-2465x9017,april39@example.org,Efectivo,2607,61-100
3863150529,Allison,Ball,46.0,Femenino,Boston,Alto,4.0,15.33,Sí,Sí,Vegetariano,Sí,3923466255,No registrado,Tarjeta,3730,46-60
9236429015,Selena,Ross,52.0,Femenino,Boston,Bajo,1.0,14.7,Sí,Sí,Mariscos,No,No registrado,yfloyd@example.net,Tarjeta,808,46-60
7402127541,Chelsey,Powell,19.0,Femenino,Boston,Muy Alto,8.0,78.04,Sí,Sí,Pescado,Sí,395-973-3032,jmcgee@example.org,App,11660,19-30
5868273706,Maxwell,Young,65.0,Masculino,Boston,Medio,3.0,24.86,No,Sí,Vegetariano,No,001-974-523-2047x13215,No registrado,Efectivo,1718,61-100
6608787408,Eric,Reeves,57.0,Masculino,Boston,Muy Alto,8.0,10.91,Sí,No,Otro,Sí,872-884-0844x4374,james86@example.net,Efectivo,14973,46-60
4676930443,Ellen,Wells,23.0,Femenino,Boston,Muy Alto,6.0,20.07,Sí,Sí,Vegetariano,Sí,No registrado,No registrado,Tarjeta,13631,19-30
2423973123,Adrian,Ramirez,76.0,Masculino,Boston,Alto,5.0,56.2,No,Sí,Vegetariano,Sí,697.911.0760x022,nancy89@example.net,Efectivo,4216,61-100
2103337093,Colleen,Miles,59.0,Femenino,Boston,Medio,4.0,9.27,No,Sí,Carnes,No,416-291-5390x2114,No registrado,Tarjeta,2506,46-60
4549359628,Sharon,Anderson,24.0,Femenino,Boston,Muy Alto,5.0,86.02,No,No,Otro,Sí,(389)571-0272x5880,No registrado,Tarjeta,10500,19-30
6741675770,Michelle,Hoffman,65.0,Femenino,Boston,Alto,5.0,53.81,No,Sí,Mariscos,Sí,794-738-9506x313,mary12@example.com,Tarjeta,4918,61-100
3438830691,Kristin,Carson,48.0,Femenino,Boston,Alto,4.0,58.69,Sí,Sí,Vegetariano,Sí,(262)943-5596x1481,No registrado,Efectivo,4505,46-60
4305095502,Ariel,Murphy,64.0,Femenino,Boston,Alto,5.0,63.58,Sí,Sí,Otro,Sí,No registrado,No registrado,App,8084,61-100
9798613995,Jose,Bennett,72.0,Masculino,Boston,Alto,4.0,15.47,No,Sí,Vegetariano,No,No registrado,lindsayjohnson@example.com,Tarjeta,8925,61-100
9319042718,Jamie,Berry,27.0,Masculino,Boston,Alto,4.0,7.2,Sí,Sí,Vegetariano,Sí,001-403-675-9407,No registrado,Efectivo,4624,19-30
6014805529,Erin,Bell,42.0,Femenino,Boston,Medio,5.0,30.14,Sí,No,Vegetariano,No,No registrado,tammy02@example.net,Efectivo,2859,31-45
1302883787,Erika,Roberts,73.0,Femenino,Boston,Medio,2.0,29.11,No,No,Vegetariano,Sí,700.272.4871,No registrado,Efectivo,3417,61-100
8894783888,David,Glenn,70.0,Masculino,Boston,Medio,5.0,29.32,No,No,Carnes,No,+1-214-223-8661,No registrado,Efectivo,2149,61-100
8603048701,Jonathan,Rodriguez,46.0,Masculino,Boston,Alto,5.0,38.62,No,No,Mariscos,Sí,No registrado,georgehannah@example.org,Efectivo,7644,46-60
7209571615,Paula,Obrien,78.0,Femenino,Boston,Medio,5.0,26.49,Sí,Sí,Carnes,No,3268446918,bryanjohnson@example.com,App,3213,61-100
9115282784,Terry,Allen,43.0,Femenino,Boston,Alto,6.0,30.46,Sí,No,Mariscos,Sí,791.699.1745,powersrichard@example.net,Tarjeta,7349,31-45
4133347493,Donna,Welch,45.0,Femenino,Boston,Medio,3.0,29.02,No,No,Vegetariano,No,9786359117,No registrado,Tarjeta,1921,31-45
7748358690,Patrick,Nelson,34.0,Masculino,Boston,Bajo,0.0,0.0,No,Sí,Mariscos,No,956-218-6990,No registrado,App,1504,31-45
6518567723,Nicholas,Warner,60.0,Masculino,Boston,Medio,4.0,7.17,Sí,Sí,Carnes,No,6689640965,No registrado,Tarjeta,1709,46-60
6219025091,Monica,Wallace,77.0,Femenino,Boston,Bajo,1.0,8.53,No,Sí,Vegetariano,No,No registrado,brent99@example.org,Tarjeta,1480,61-100
2795688214,Jennifer,Nelson,29.0,Femenino,Boston,Muy Alto,7.0,19.9,Sí,Sí,Vegano,Sí,No registrado,No registrado,App,15214,19-30
9706633966,Leslie,Miranda,77.0,Femenino,Boston,Bajo,3.0,11.27,No,Sí,Vegano,No,No registrado,brucejames@example.net,Efectivo,1135,61-100
3744752409,Shannon,Collins,38.0,Femenino,Boston,Medio,5.0,34.9,No,Sí,Vegetariano,No,4708161072,gibbsjuan@example.net,Efectivo,2214,31-45
1237963173,Justin,Smith,49.0,Masculino,Boston,Alto,4.0,59.0,No,No,Vegetariano,Sí,303-977-3354,No registrado,Efectivo,5703,46-60
7276995201,Corey,Davis,68.0,Masculino,Boston,Alto,6.0,9.14,Sí,Sí,Vegetariano,Sí,(578)301-1389x782,katierichardson@example.org,Efectivo,5461,61-100
1193303039,Matthew,Yu,26.0,Masculino,Boston,Muy Alto,5.0,97.39,No,Sí,Mariscos,Sí,(922)384-8187,No registrado,Efectivo,11135,19-30
3622142013,Gregg,Gregory,40.0,Masculino,Boston,Medio,4.0,31.74,No,No,Mariscos,No,No registrado,No registrado,App,2129,31-45
9990781111,Dana,Johnson,32.0,Femenino,Boston,Medio,2.0,9.21,Sí,Sí,Pescado,No,No registrado,johnsonjean@example.com,App,2265,31-45
7027608888,Brandon,Cohen,24.0,Masculino,Boston,Medio,4.0,12.64,No,Sí,Carnes,No,(275)788-3051x92030,No registrado,Efectivo,2795,19-30
3091557458,Andrea,Jackson,74.0,Femenino,Boston,Muy Alto,5.0,65.82,No,No,Pescado,Sí,No registrado,No registrado,App,15150,61-100
4659740195,Stephanie,Nixon,28.0,Femenino,Boston,Alto,4.0,35.92,No,Sí,Mariscos,No,No registrado,No registrado,Tarjeta,4165,19-30
9479129458,Robert,Nguyen,25.0,Masculino,Boston,Muy Alto,8.0,53.39,Sí,No,Carnes,Sí,No registrado,kbrady@example.org,Efectivo,11482,19-30
1373491750,Christine,Greer,78.0,Femenino,Boston,Alto,4.0,26.81,No,Sí,Pescado,Sí,212-934-6037,georgelisa@example.net,Efectivo,7037,61-100
2941289685,Denise,Nunez,42.0,Femenino,Boston,Bajo,3.0,10.52,No,Sí,Mariscos,No,754.667.5858x05054,No registrado,Efectivo,1491,31-45
7626054347,Jacob,Baker,65.0,Masculino,Boston,Bajo,2.0,11.09,No,Sí,Vegetariano,No,001-352-499-7396,dennisrodgers@example.org,Efectivo,1509,61-100
7847944031,Marie,Anderson,73.0,Femenino,Boston,Bajo,1.0,7.07,Sí,No,Mariscos,No,No registrado,No registrado,Efectivo,1199,61-100
3353553945,Andrea,Sanders,50.0,Femenino,Boston,Alto,4.0,55.11,Sí,No,Otro,No,(913)971-0575x1203,kurtdelgado@example.org,App,8687,46-60
7354344304,Mark,Ryan,71.0,Masculino,Boston,Medio,4.0,24.49,Sí,No,Vegetariano,No,No registrado,jordanrichard@example.org,Efectivo,1799,61-100
6495001186,Michael,Hurst,29.0,Masculino,Boston,Muy Alto,8.0,83.26,No,Sí,Pescado,No,No registrado,umeyer@example.com,App,14891,19-30
8806977141,Matthew,Miller,28.0,Masculino,Boston,Alto,5.0,8.9,No,Sí,Vegetariano,No,No registrado,robert47@example.com,Efectivo,4451,19-30
3656689261,Anna,Blanchard,49.0,Femenino,Boston,Muy Alto,7.0,102.93,Sí,Sí,Otro,Sí,No registrado,igarza@example.com,Efectivo,10230,46-60
2328758963,David,Martin,49.0,Masculino,Boston,Alto,6.0,27.31,No,No,Mariscos,No,001-246-504-3720x52238,No registrado,App,6226,46-60
4319573907,Jennifer,Smith,49.0,Femenino,Boston,Alto,6.0,39.63,Sí,No,Carnes,Sí,No registrado,robinsondaniel@example.net,App,8189,46-60
2312050123,Brittany,Molina,43.0,Femenino,Boston,Alto,5.0,44.58,Sí,Sí,Otro,Sí,260-307-4210x61608,davidhenry@example.net,App,8408,31-45
8055045947,Brian,Frazier,62.0,Masculino,Boston,Medio,4.0,15.82,Sí,Sí,Mariscos,No,No registrado,No registrado,App,2775,61-100
8424513063,Robert,Wilson,76.0,Masculino,Boston,Bajo,0.0,0.0,No,No,Vegano,No,(798)406-7597x24339,pjohnson@example.org,Tarjeta,1400,61-100
8192977312,Justin,Howell,30.0,Masculino,Boston,Bajo,3.0,7.6,Sí,Sí,Carnes,No,No registrado,No registrado,Efectivo,1038,19-30
6375678453,Sierra,Rodriguez,26.0,Femenino,Boston,Bajo,3.0,7.31,Sí,Sí,Carnes,No,872-899-0378,No registrado,Tarjeta,856,19-30
4729541444,Ryan,Nielsen,74.0,Masculino,Boston,Alto,4.0,51.83,Sí,Sí,Carnes,Sí,No registrado,jlopez@example.org,Efectivo,7812,61-100
3206179376,Sarah,Gonzalez,65.0,Femenino,Boston,Medio,2.0,34.52,No,Sí,Vegetariano,No,001-225-202-3161x4779,No registrado,Tarjeta,1664,61-100
8676383817,Wanda,Richardson,38.0,Femenino,Boston,Muy Alto,8.0,24.21,Sí,No,Vegetariano,Sí,No registrado,No registrado,Tarjeta,9286,31-45
3853595056,William,Jones,50.0,Masculino,Boston,Medio,2.0,14.03,Sí,No,Pescado,No,No registrado,rachel83@example.com,Efectivo,2806,46-60
8712094486,Gabriela,Mcdonald,68.0,Femenino,Boston,Medio,3.0,6.65,No,Sí,Vegano,No,No registrado,alexandriabruce@example.net,Tarjeta,2533,61-100
2294608642,Wendy,Jackson,69.0,Femenino,Boston,Medio,3.0,11.42,No,Sí,Vegetariano,No,No registrado,calvin94@example.com,Efectivo,1865,61-100
4822844188,Michael,Montgomery,25.0,Masculino,Boston,Muy Alto,5.0,21.13,No,Sí,Vegetariano,Sí,No registrado,gallegospatricia@example.org,Efectivo,12771,19-30
6539810853,Brittany,Clark,80.0,Femenino,Boston,Alto,6.0,18.86,No,No,Carnes,Sí,No registrado,bgarrett@example.net,Efectivo,7067,61-100
8789856602,Sheila,Boone,47.0,Femenino,Boston,Bajo,1.0,11.16,No,No,Vegetariano,No,(968)575-9945x393,fnichols@example.org,Efectivo,1313,46-60
4033425998,Lisa,Hayes,36.0,Femenino,Boston,Bajo,2.0,7.55,Sí,Sí,Vegetariano,No,No registrado,floresdustin@example.net,Efectivo,850,31-45
4470587327,Crystal,Newman,55.0,Femenino,Boston,Alto,4.0,35.82,No,No,Otro,Sí,No registrado,cummingsrobert@example.net,Efectivo,4399,46-60
3978929005,Michael,Best,72.0,Masculino,Boston,Medio,4.0,6.36,No,No,Vegetariano,No,No registrado,No registrado,Tarjeta,1655,61-100
1602569046,Amy,Williams,76.0,Femenino,Boston,Bajo,3.0,5.68,No,Sí,Mariscos,No,001-555-605-4048x32192,No registrado,App,1093,61-100
2084637645,Samuel,Ballard,74.0,Masculino,Boston,Alto,5.0,20.86,No,No,Vegetariano,Sí,549.809.2920,No registrado,Efectivo,4760,61-100
3334126899,Beth,Nicholson,48.0,Femenino,Boston,Alto,4.0,19.51,Sí,Sí,Vegetariano,Sí,3149433778,No registrado,Efectivo,7730,46-60
1237754569,Elizabeth,Rice,44.0,Femenino,Boston,Alto,6.0,44.04,Sí,No,Vegetariano,Sí,No registrado,mwong@example.com,Tarjeta,7739,31-45
5657066246,Katherine,Wolf,41.0,Femenino,Boston,Medio,2.0,19.41,Sí,Sí,Otro,No,(510)905-0269x24121,No registrado,Efectivo,2339,31-45
1435001664,Charles,Schultz,78.0,Masculino,Boston,Alto,4.0,39.16,Sí,No,Carnes,No,No registrado,jeffreyrowe@example.net,App,7630,61-100
4464097279,Stephen,Harris,19.0,Masculino,Boston,Muy Alto,6.0,48.77,No,Sí,Vegetariano,Sí,(318)998-4860x33511,goodmanashley@example.net,Efectivo,17770,19-30
2596580907,Hannah,Hudson,33.0,Femenino,Boston,Alto,5.0,39.3,No,Sí,Mariscos,Sí,(765)732-5060x36127,vroberts@example.net,Efectivo,4792,31-45
6739501177,Beth,Austin,19.0,Femenino,Boston,Medio,3.0,15.17,No,Sí,Vegetariano,No,No registrado,bowerskathryn@example.net,Tarjeta,2817,19-30
1591961104,Kelly,Lawson,59.0,Femenino,Boston,Alto,6.0,26.96,No,Sí,Carnes,Sí,+1-953-257-1739x168,amycole@example.com,Tarjeta,5169,46-60
7116342175,Mary,Williams,60.0,Femenino,Boston,Muy Alto,6.0,97.16,Sí,No,Carnes,Sí,(601)771-0953x66669,mary68@example.org,App,13251,46-60
2334901018,Terrance,Johnson,77.0,Masculino,Boston,Muy Alto,7.0,27.59,Sí,No,Mariscos,Sí,+1-580-660-7060,michaelfoster@example.org,Efectivo,13368,61-100
1292649295,Allen,Hayes,21.0,Masculino,Boston,Alto,4.0,5.66,Sí,Sí,Carnes,No,No registrado,barbarathompson@example.org,Tarjeta,3795,19-30
3398870360,Nichole,Howard,64.0,Femenino,Boston,Medio,2.0,18.85,No,Sí,Carnes,No,835.601.4536x29336,No registrado,Tarjeta,3103,61-100
9894802782,James,Delacruz,19.0,Masculino,Boston,Alto,6.0,9.44,Sí,Sí,Mariscos,Sí,No registrado,novakterrence@example.org,Efectivo,7968,19-30
9020706213,Alicia,Castro,74.0,Femenino,Boston,Muy Alto,6.0,25.6,No,Sí,Mariscos,Sí,+1-593-608-6668x3577,No registrado,Efectivo,17653,61-100
8180373015,Sandra,Bennett,36.0,Femenino,Boston,Medio,3.0,16.21,Sí,Sí,Otro,No,No registrado,woodlisa@example.com,Criptomoneda,2618,31-45
5726050504,Christine,Osborne,63.0,Femenino,Boston,Medio,2.0,5.02,Sí,Sí,Mariscos,No,No registrado,No registrado,App,3384,61-100
5388083146,Michael,Jenkins,73.0,Masculino,Boston,Alto,4.0,47.66,No,No,Mariscos,Sí,No registrado,No registrado,Tarjeta,6691,61-100
4377346239,Samantha,Howard,32.0,Femenino,Boston,Medio,4.0,7.71,Sí,No,Carnes,No,+1-739-985-5777x62217,morgansherri@example.org,Criptomoneda,2992,31-45
8695965697,Samantha,Sims,31.0,Femenino,Boston,Muy Alto,9.0,16.0,No,No,Vegetariano,Sí,+1-813-236-0696x22593,jameskatherine@example.com,Tarjeta,16983,31-45
9252803590,Morgan,Walters,34.0,Femenino,Boston,Bajo,0.0,0.0,Sí,Sí,Vegetariano,No,895.752.6584x146,nallen@example.net,App,1341,31-45
9754351898,Theresa,Russell,54.0,Femenino,Boston,Alto,5.0,30.75,Sí,No,Vegetariano,Sí,No registrado,william06@example.net,Efectivo,7978,46-60
5545104616,Nathan,Cantrell,61.0,Masculino,Boston,Alto,6.0,18.15,Sí,Sí,Mariscos,Sí,269-204-4640x2227,teresa77@example.com,App,8523,61-100
7610603526,George,Aguilar,80.0,Masculino,Boston,Bajo,0.0,0.0,Sí,No,Carnes,No,001-905-482-4871x54723,harrisanna@example.com,Efectivo,1495,61-100
3831788593,Karen,Wood,79.0,Femenino,Boston,Muy Alto,8.0,94.65,No,Sí,Vegetariano,No,No registrado,No registrado,App,15906,61-100
9627321151,Joshua,Haney,62.0,Masculino,Boston,Alto,5.0,31.24,No,Sí,Vegano,Sí,(248)995-0858,No registrado,Tarjeta,8692,61-100
7636187072,Shannon,Jones,77.0,Femenino,Boston,Muy Alto,10.0,104.34,Sí,No,Vegetariano,Sí,(314)337-2970,kiara17@example.org,Efectivo,15006,61-100
1621706522,Kenneth,Harris,42.0,Masculino,Boston,Bajo,2.0,12.33,No,Sí,Carnes,No,(954)237-8429x1234,tmeyer@example.com,Tarjeta,1209,31-45
5325865521,Michael,Gonzalez,22.0,Masculino,Boston,Bajo,0.0,0.0,Sí,Sí,Carnes,No,(766)715-0504x51304,kristinagordon@example.org,Efectivo,1296,19-30
9922723063,James,Gray,72.0,Masculino,Boston,Alto,6.0,40.13,No,Sí,Vegano,Sí,+1-375-369-5111x443,parkernancy@example.com,Efectivo,4724,61-100
5384403780,Timothy,King,34.0,Masculino,Boston,Medio,5.0,17.12,No,Sí,Vegetariano,No,No registrado,jaclyn75@example.com,Tarjeta,2847,31-45
1536742627,Sherry,Dalton,29.0,Femenino,Boston,Medio,3.0,21.57,No,Sí,Vegetariano,Sí,+1-249-915-1071x878,No registrado,App,3210,19-30
2993032599,Steven,Roberts,32.0,Masculino,Boston,Alto,6.0,17.13,No,No,Vegetariano,No,No registrado,kevin54@example.net,Tarjeta,8223,31-45
3855036076,Carolyn,Simmons,25.0,Femenino,Boston,Medio,3.0,20.17,No,Sí,Carnes,Sí,549.498.0184x472,danielcollins@example.com,Tarjeta,3210,19-30
1614521710,Jeremy,Nguyen,62.0,Masculino,Boston,Alto,5.0,37.26,No,Sí,Carnes,No,No registrado,lindseyduncan@example.net,Tarjeta,8412,61-100
8793877153,Erika,Evans,60.0,Femenino,Boston,Alto,6.0,32.16,Sí,Sí,Mariscos,Sí,No registrado,jessica74@example.net,App,5845,46-60
1037205926,Kenneth,Porter,55.0,Masculino,Boston,Alto,4.0,54.26,No,No,Vegetariano,Sí,No registrado,No registrado,Efectivo,6279,46-60
9898728604,Daniel,Patton,31.0,Masculino,Boston,Bajo,1.0,11.5,Sí,Sí,Vegetariano,No,+1-259-784-1187x5687,brownheather@example.com,Efectivo,1435,31-45
4440767633,Stephanie,Rojas,46.0,Femenino,Boston,Bajo,1.0,10.21,Sí,Sí,Pescado,No,(420)964-7522x480,fergusondaniel@example.net,Tarjeta,1268,46-60
9920537307,Lauren,Cox,74.0,Femenino,Boston,Alto,6.0,28.48,No,No,Vegano,Sí,No registrado,No registrado,App,5591,61-100
8747384224,Juan,Lopez,36.0,Masculino,Boston,Alto,4.0,49.45,Sí,No,Carnes,Sí,No registrado,hansonolivia@example.com,App,4951,31-45
2400094541,Amanda,Cook,68.0,Femenino,Boston,Muy Alto,7.0,37.07,Sí,No,Carnes,Sí,882-738-2057x4941,No registrado,Tarjeta,12437,61-100
2082168648,Thomas,Gates,46.0,Masculino,Boston,Medio,4.0,11.61,Sí,Sí,Carnes,Sí,No registrado,laurenmartinez@example.org,Efectivo,2595,46-60
7152483300,Michelle,Carey,30.0,Femenino,Boston,Bajo,1.0,8.06,Sí,Sí,Vegano,No,+1-236-255-5066x6024,No registrado,Efectivo,966,19-30
6199197408,Lucas,Smith,49.0,Masculino,Boston,Bajo,3.0,11.04,No,Sí,Mariscos,No,No registrado,No registrado,App,1030,46-60
7691793292,Stacy,Moran,79.0,Femenino,Boston,Medio,5.0,30.44,No,Sí,Vegetariano,No,001-748-799-1176x5536,No registrado,Efectivo,2014,61-100
7921115536,Donna,Arias,69.0,Femenino,Boston,Medio,5.0,28.69,Sí,Sí,Carnes,No,No registrado,No registrado,Efectivo,2866,61-100
3526767947,Wendy,Fisher,38.0,Femenino,Boston,Medio,4.0,11.24,No,No,Mariscos,No,No registrado,No registrado,App,3373,31-45
6925961535,Jessica,Anderson,19.0,Femenino,Boston,Muy Alto,5.0,23.23,No,Sí,Carnes,No,843.807.0418,No registrado,App,9283,19-30
8884752302,Joseph,Jones,54.0,Masculino,Boston,Bajo,0.0,0.0,No,No,Mariscos,No,(964)626-5600x9491,matthew27@example.net,App,1237,46-60
6219729761,Samuel,Norton,54.0,Masculino,Boston,Bajo,0.0,0.0,No,No,Otro,No,No registrado,hancockmckenzie@example.com,Tarjeta,1556,46-60
2666076869,Nathan,Mitchell,78.0,Masculino,Boston,Bajo,0.0,0.0,No,No,Vegetariano,No,No registrado,phillipsmichael@example.com,Tarjeta,1548,61-100
4284852101,Yesenia,Gordon,56.0,Femenino,Boston,Bajo,1.0,5.23,Sí,Sí,Vegetariano,No,No registrado,kyledavis@example.org,Tarjeta,1248,46-60
8741735604,Joseph,Stephens,75.0,Masculino,Boston,Bajo,1.0,5.14,Sí,No,Otro,No,No registrado,No registrado,Efectivo,969,61-100
8201193617,Sarah,Perez,24.0,Femenino,Boston,Medio,4.0,31.08,No,Sí,Vegetariano,No,001-444-462-0134x04364,millerchristopher@example.net,Tarjeta,2212,19-30
2661614934,Anthony,Collins,76.0,Masculino,Boston,Medio,5.0,9.69,Sí,Sí,Mariscos,No,No registrado,No registrado,Efectivo,2015,61-100
5003784239,Seth,Cline,65.0,Masculino,Boston,Bajo,3.0,12.19,No,Sí,Pescado,No,No registrado,travishardy@example.org,Tarjeta,1125,61-100
1456922513,Jane,Evans,33.0,Femenino,Boston,Muy Alto,7.0,94.57,No,No,Vegano,Sí,001-412-347-0995,turnertimothy@example.net,Tarjeta,9272,31-45
9471306442,David,Sanchez,38.0,Masculino,Boston,Bajo,1.0,12.7,Sí,No,Vegano,No,No registrado,deborahkeith@example.com,Tarjeta,1369,31-45
2727568775,Katherine,Mccormick,39.0,Femenino,Boston,Alto,5.0,48.5,No,No,Pescado,Sí,(743)713-9106,No registrado,Tarjeta,3800,31-45
4212367816,William,West,45.0,Masculino,Boston,Bajo,0.0,0.0,Sí,Sí,Vegetariano,No,No registrado,brittany92@example.com,Efectivo,1087,31-45
8214072080,Bradley,Williams,65.0,Masculino,Boston,Alto,5.0,61.03,Sí,Sí,Vegetariano,Sí,No registrado,No registrado,App,7979,61-100
6925721692,Linda,King,52.0,Femenino,Boston,Medio,3.0,18.11,Sí,No,Vegetariano,Sí,870-440-9143x0695,No registrado,Tarjeta,2346,46-60
8536695308,Christina,Jacobson,33.0,Femenino,Boston,Muy Alto,10.0,80.55,Sí,Sí,Mariscos,Sí,No registrado,wmiller@example.net,Tarjeta,16467,31-45
2014766981,Kimberly,Cantu,40.0,Femenino,Boston,Medio,3.0,26.07,No,No,Mariscos,No,No registrado,youngwilliam@example.com,Tarjeta,2859,31-45
1619668903,Samuel,Reed,37.0,Masculino,Boston,Alto,6.0,38.89,Sí,No,Vegetariano,Sí,(693)807-8072,No registrado,Efectivo,3627,31-45
2330956558,Christine,Herrera,21.0,Femenino,Boston,Medio,6.0,25.43,No,Sí,Vegetariano,Sí,No registrado,thomasdean@example.com,App,1602,19-30
1252339280,Michael,Anderson,40.0,Masculino,Boston,Alto,4.0,14.45,Sí,No,Pescado,Sí,No registrado,No registrado,Efectivo,7210,31-45
5355035936,Sandy,Chambers,39.0,Femenino,Boston,Medio,4.0,25.16,No,No,Mariscos,No,+1-955-413-1715x32624,galvanrichard@example.net,Efectivo,2525,31-45
7278741979,Terry,Sanders,70.0,Masculino,Boston,Bajo,2.0,10.13,No,No,Vegetariano,No,+1-590-763-2077,No registrado,Efectivo,1419,61-100
6492514258,Cory,Swanson,72.0,Masculino,Boston,Alto,5.0,17.23,Sí,No,Carnes,Sí,+1-868-308-4549,jacquelineolson@example.net,Efectivo,4879,61-100
9457921541,Tammy,Ritter,59.0,Femenino,Boston,Muy Alto,8.0,64.4,No,Sí,Vegano,Sí,No registrado,No registrado,Tarjeta,12742,46-60
9099178330,Robin,Parker,71.0,Femenino,Boston,Medio,4.0,30.94,No,No,Carnes,No,001-967-649-8443x998,No registrado,Tarjeta,2454,61-100
7436951988,Julie,Wood,26.0,Femenino,Boston,Bajo,3.0,11.82,Sí,Sí,Carnes,No,No registrado,No registrado,App,1002,19-30
5865058976,Gregory,Chapman,34.0,Masculino,Boston,Medio,2.0,21.73,No,No,Mariscos,No,001-281-709-4312x2643,No registrado,App,1660,31-45
5885223848,Craig,Lucas,63.0,Masculino,Boston,Alto,4.0,28.98,Sí,No,Mariscos,Sí,No registrado,kelly21@example.net,Efectivo,8663,61-100
8844922096,Dominique,Bradley,27.0,Femenino,Boston,Muy Alto,8.0,93.36,Sí,Sí,Carnes,Sí,001-404-210-7901x0751,No registrado,Efectivo,13082,19-30
6195790140,Mark,Miller,19.0,Masculino,Boston,Bajo,2.0,11.81,Sí,Sí,Mariscos,No,No registrado,burkeriley@example.net,Tarjeta,964,19-30
6308145610,Dennis,Vargas,35.0,Masculino,Boston,Alto,6.0,11.76,No,Sí,Mariscos,No,648.284.9536x0980,nwhite@example.org,Efectivo,3630,31-45
6536624391,Victor,Hansen,74.0,Masculino,Boston,Medio,3.0,8.76,No,Sí,Vegetariano,Sí,656-989-4496,brianburns@example.net,App,3487,61-100
1565424740,Emily,White,26.0,Femenino,Boston,Alto,4.0,11.56,No,No,Pescado,Sí,(739)836-3661x264,No registrado,Efectivo,7731,19-30
5819679328,Christopher,Miller,64.0,Masculino,Boston,Medio,2.0,8.86,Sí,Sí,Mariscos,Sí,No registrado,No registrado,Efectivo,2606,61-100
8228478353,Robert,Hamilton,69.0,Masculino,Boston,Bajo,0.0,0.0,No,Sí,Otro,No,No registrado,bakervictoria@example.org,App,1067,61-100
3311033719,Morgan,Rollins,21.0,Femenino,Boston,Medio,2.0,14.6,Sí,No,Mariscos,No,921.444.3476,No registrado,Tarjeta,1639,19-30
9437615311,Jaime,Hart,23.0,Femenino,Boston,Bajo,3.0,12.03,Sí,Sí,Carnes,No,No registrado,No registrado,App,854,19-30
1546370398,Sara,Garcia,64.0,Femenino,Boston,Alto,5.0,10.84,Sí,Sí,Pescado,No,No registrado,No registrado,Criptomoneda,3798,61-100
3334200769,Robert,Blake,20.0,Masculino,Boston,Medio,2.0,31.32,Sí,Sí,Vegano,No,543.769.5330x3815,gharris@example.com,Tarjeta,2335,19-30
9610867380,Willie,Ellis,26.0,Masculino,Boston,Alto,5.0,42.2,No,Sí,Mariscos,Sí,No registrado,anthonydavis@example.com,App,6434,19-30
7132367542,Cody,Contreras,75.0,Masculino,Boston,Bajo,3.0,12.22,No,Sí,Carnes,No,No registrado,No registrado,Tarjeta,1001,61-100
9788110644,Wendy,Martin,41.0,Femenino,Boston,Medio,4.0,23.73,Sí,Sí,Vegetariano,No,No registrado,No registrado,App,3221,31-45
9435623888,Alexis,Medina,79.0,Femenino,Boston,Alto,6.0,52.27,Sí,No,Otro,Sí,486-530-7167x6030,No registrado,Efectivo,3710,61-100
1159255725,Lindsay,Brown,72.0,Femenino,Boston,Alto,5.0,64.09,Sí,Sí,Mariscos,No,9286800913,No registrado,Efectivo,8522,61-100
4375396646,Justin,Roberts,26.0,Masculino,Boston,Bajo,2.0,11.57,No,Sí,Vegano,No,No registrado,No registrado,Efectivo,960,19-30
7115745059,David,Ortega,61.0,Masculino,Boston,Muy Alto,5.0,32.88,Sí,No,Vegetariano,Sí,(692)787-8155,No registrado,Criptomoneda,14178,61-100
5870268894,Marissa,Jones,49.0,Femenino,Boston,Alto,5.0,53.32,No,Sí,Vegetariano,No,+1-214-663-6819x762,No registrado,Tarjeta,8025,46-60
9689331536,Abigail,Gibson,49.0,Femenino,Boston,Bajo,2.0,5.79,Sí,Sí,Pescado,No,(896)888-9381x1524,No registrado,App,1138,46-60
1871241447,Kathleen,Ward,48.0,Femenino,Boston,Muy Alto,8.0,91.14,Sí,No,Mariscos,Sí,+1-724-424-4237x656,No registrado,Tarjeta,13897,46-60
5967262652,Debra,Delgado,33.0,Femenino,Boston,Medio,4.0,28.6,Sí,Sí,Pescado,No,No registrado,No registrado,Tarjeta,2232,31-45
9710831008,Laura,Melton,77.0,Femenino,Boston,Muy Alto,9.0,95.87,No,No,Mariscos,Sí,No registrado,colemangregory@example.org,Tarjeta,13746,61-100
1223567941,Christina,Bennett,38.0,Femenino,Boston,Medio,2.0,9.37,Sí,No,Vegetariano,No,No registrado,ganderson@example.org,Tarjeta,2378,31-45
8902306056,Jacob,Rodriguez,49.0,Masculino,Boston,Alto,6.0,32.08,Sí,No,Mariscos,Sí,379-272-0655x909,No registrado,Efectivo,8705,46-60
1766829608,Michele,Ramsey,54.0,Femenino,Boston,Alto,5.0,34.91,Sí,Sí,Vegetariano,Sí,No registrado,robbinsbrandon@example.org,Efectivo,8426,46-60
8445586448,Jonathan,Klein,53.0,Masculino,Boston,Bajo,0.0,0.0,Sí,No,Vegetariano,No,001-270-728-6622x7820,No registrado,App,1336,46-60
3772839924,Alicia,Blevins,70.0,Femenino,Boston,Medio,3.0,27.35,No,No,Vegetariano,No,711.638.2632,No registrado,Efectivo,2993,61-100
7078274184,Christopher,Saunders,55.0,Masculino,Boston,Muy Alto,6.0,90.78,Sí,No,Vegetariano,Sí,421-285-1245x3080,kellygina@example.net,Efectivo,13836,46-60
1187312532,Mariah,Walker,77.0,Femenino,Boston,Muy Alto,8.0,63.77,Sí,Sí,Vegetariano,Sí,No registrado,fgoodman@example.com,Efectivo,12660,61-100
5876924603,Matthew,Rice,56.0,Masculino,Boston,Muy Alto,5.0,92.19,Sí,No,Carnes,Sí,827-424-1956x7736,No registrado,Tarjeta,14950,46-60
1445200444,Isaac,Chavez,20.0,Masculino,Boston,Alto,6.0,14.06,No,Sí,Mariscos,Sí,No registrado,victorbuckley@example.org,Tarjeta,5041,19-30
4102872611,Justin,Smith,46.0,Masculino,Boston,Alto,6.0,51.52,No,Sí,Carnes,Sí,791.375.2054x424,No registrado,Efectivo,3621,46-60
3705237613,Jonathan,Boyd,48.0,Masculino,Boston,Bajo,0.0,0.0,No,Sí,Vegetariano,No,No registrado,gail44@example.com,Efectivo,921,46-60
3749681106,Kevin,Wall,47.0,Masculino,Boston,Bajo,0.0,0.0,No,Sí,Vegetariano,No,No registrado,No registrado,App,1047,46-60
8674224347,Leslie,Stewart,26.0,Femenino,Boston,Alto,4.0,52.82,No,Sí,Mariscos,Sí,(253)918-2260,robinboyd@example.net,Tarjeta,3610,19-30
1428229749,Nicole,Collins,35.0,Femenino,Boston,Alto,4.0,36.16,Sí,No,Vegetariano,No,5432398424,trevorwilson@example.com,App,8155,31-45
8544535170,Seth,Bradley,26.0,Masculino,Boston,Bajo,1.0,12.1,No,Sí,Vegetariano,No,No registrado,No registrado,Efectivo,1148,19-30
4011646400,Mallory,Mitchell,33.0,Femenino,Boston,Muy Alto,7.0,78.31,Sí,No,Mariscos,Sí,678-595-5007,sarah12@example.net,Efectivo,12503,31-45
4403565157,Courtney,Green,75.0,Femenino,Boston,Muy Alto,8.0,94.16,Sí,No,Vegano,Sí,579-266-3622x59278,tmartin@example.org,Efectivo,17301,61-100
8826378467,Cathy,Wong,51.0,Femenino,Boston,Muy Alto,6.0,54.92,No,Sí,Vegano,Sí,No registrado,hawkinsevan@example.net,Tarjeta,14737,46-60
9696142091,Tiffany,Richards,44.0,Femenino,Boston,Medio,5.0,29.14,No,No,Vegetariano,No,750-290-4690,knapptodd@example.com,App,2109,31-45
9098037639,Miguel,Barrett,78.0,Masculino,Boston,Medio,4.0,26.12,No,No,Pescado,No,(859)438-1379x8340,hcrawford@example.com,Tarjeta,3276,61-100
4719925083,Rebecca,Webb,79.0,Femenino,Boston,Muy Alto,8.0,62.64,Sí,Sí,Vegetariano,Sí,No registrado,vgarcia@example.org,Efectivo,13076,61-100
2187243159,Marilyn,Sandoval,70.0,Femenino,Boston,Alto,6.0,24.78,No,Sí,Vegetariano,Sí,No registrado,No registrado,Tarjeta,5566,61-100
3783290795,Morgan,Davenport,54.0,Femenino,Boston,Medio,3.0,27.06,Sí,Sí,Vegano,No,No registrado,johnfrancis@example.com,Tarjeta,1829,46-60
5991136756,Marie,Bryant,35.0,Femenino,Boston,Bajo,0.0,0.0,No,Sí,Carnes,No,No registrado,nhall@example.com,App,1271,31-45
8371319661,Joshua,Jones,70.0,Masculino,Boston,Medio,2.0,6.28,No,Sí,Vegetariano,No,(380)559-9904x93672,caseycoleman@example.org,App,2470,61-100
3525394550,Jacob,Bentley,73.0,Masculino,Boston,Muy Alto,9.0,73.32,Sí,No,Vegetariano,Sí,No registrado,No registrado,Efectivo,16503,61-100
5568050505,Cynthia,Hensley,67.0,Femenino,Boston,Muy Alto,10.0,97.83,No,No,Mariscos,Sí,No registrado,No registrado,Efectivo,11245,61-100
9154951818,Rodney,Smith,42.0,Masculino,Boston,Muy Alto,9.0,15.22,No,No,Mariscos,No,No registrado,No registrado,Criptomoneda,11156,31-45
1330992932,Matthew,Nguyen,76.0,Masculino,Boston,Bajo,2.0,8.83,No,Sí,Mariscos,No,No registrado,ricardo02@example.net,Tarjeta,1073,61-100
5333542812,Taylor,Robinson,34.0,Femenino,Boston,Medio,4.0,10.12,No,Sí,Carnes,No,No registrado,romeroryan@example.net,Efectivo,2009,31-45
1769347154,Lauren,Castro,51.0,Femenino,Boston,Muy Alto,9.0,41.84,Sí,No,Vegano,Sí,319.728.1228x947,conwaysarah@example.com,Tarjeta,13805,46-60
2904614281,Jared,Simmons,21.0,Masculino,Boston,Alto,6.0,31.77,No,Sí,Mariscos,Sí,No registrado,pjohnson@example.org,Tarjeta,5886,19-30
3055273936,Kevin,Williams,34.0,Masculino,Boston,Alto,6.0,60.62,No,No,Vegano,Sí,No registrado,No registrado,Tarjeta,5924,31-45
2498667456,Sherri,Yang,61.0,Femenino,Boston,Muy Alto,9.0,5.13,Sí,Sí,Otro,Sí,No registrado,No registrado,Efectivo,16703,61-100
7060247848,Mary,Morrison,23.0,Femenino,Boston,Medio,2.0,30.42,Sí,Sí,Vegano,No,5865044765,No registrado,App,2357,19-30
4249565702,Shane,Henry,21.0,Masculino,Boston,Muy Alto,8.0,23.22,Sí,Sí,Carnes,Sí,+1-231-831-0429x6881,No registrado,Tarjeta,17560,19-30
9186055600,Lynn,Jefferson,34.0,Femenino,Boston,Alto,6.0,18.54,No,No,Mariscos,Sí,237-406-5132x862,No registrado,Tarjeta,5820,31-45
7896596272,Jordan,Phillips,57.0,Femenino,Boston,Alto,5.0,29.81,Sí,Sí,Pescado,No,No registrado,No registrado,App,4118,46-60
2619774970,Tony,Santos,43.0,Masculino,Boston,Alto,5.0,17.94,No,No,Otro,Sí,No registrado,No registrado,App,5584,31-45
1942571752,Shannon,Parks,60.0,Femenino,Boston,Muy Alto,7.0,48.69,No,Sí,Vegetariano,Sí,No registrado,No registrado,Efectivo,16331,46-60
3892006052,Jessica,Moore,26.0,Femenino,Boston,Bajo,0.0,0.0,No,Sí,Mariscos,No,001-266-429-4023x52466,jamiemendez@example.com,Tarjeta,1335,19-30
3019275280,James,White,34.0,Masculino,Boston,Muy Alto,6.0,23.13,Sí,No,Mariscos,Sí,No registrado,udowns@example.net,App,9560,31-45
3973842599,Donna,Werner,71.0,Femenino,Boston,Alto,5.0,35.4,Sí,Sí,Mariscos,Sí,No registrado,No registrado,App,5477,61-100
8690256784,Barbara,Frazier,52.0,Femenino,Boston,Muy Alto,6.0,46.79,No,Sí,Carnes,Sí,(569)873-9258,No registrado,Efectivo,13602,46-60
8785619579,Samantha,Velez,44.0,Femenino,Boston,Medio,2.0,31.51,Sí,Sí,Pescado,No,001-587-210-6500,ericmerritt@example.net,Efectivo,2321,31-45
5972484792,Melissa,Williams,50.0,Femenino,Boston,Medio,2.0,8.63,Sí,No,Pescado,No,No registrado,No registrado,Efectivo,2962,46-60
3076510954,Kenneth,Norris,56.0,Masculino,Boston,Bajo,2.0,5.26,No,Sí,Carnes,No,No registrado,gvaldez@example.org,App,1202,46-60
2237386857,Thomas,Welch,37.0,Masculino,Boston,Bajo,1.0,7.22,Sí,Sí,Carnes,No,No registrado,No registrado,App,1294,31-45
9331757656,Sierra,Sanders,41.0,Femenino,Boston,Medio,4.0,33.33,No,Sí,Mariscos,No,413.353.5251,monicafoster@example.org,Tarjeta,2455,31-45
7580984203,Alison,Arroyo,49.0,Femenino,Boston,Alto,5.0,36.7,No,Sí,Pescado,Sí,(693)834-4186x887,No registrado,App,7832,46-60
4281778398,Bill,Reese,62.0,Masculino,Boston,Alto,4.0,50.13,No,No,Otro,Sí,No registrado,No registrado,Efectivo,3563,61-100
9626669076,Andrew,Brown,50.0,Masculino,Boston,Medio,3.0,27.91,Sí,Sí,Otro,No,No registrado,colleen00@example.com,Tarjeta,2621,46-60
1712730078,Wayne,Morales,31.0,Masculino,Boston,Muy Alto,6.0,90.89,Sí,Sí,Mariscos,Sí,(705)926-7472,simpsonbethany@example.com,Efectivo,16725,31-45
8059397349,Rita,Warner,37.0,Femenino,Boston,Bajo,1.0,13.83,No,No,Otro,No,791-286-8502,erikakennedy@example.com,Efectivo,807,31-45
5779647674,Charles,Atkins,21.0,Masculino,Boston,Alto,5.0,63.18,Sí,Sí,Vegetariano,Sí,No registrado,schneiderwanda@example.net,Tarjeta,5514,19-30
6178776388,Autumn,Atkinson,34.0,Femenino,Boston,Bajo,3.0,6.83,No,Sí,Vegetariano,No,No registrado,No registrado,Efectivo,931,31-45
5406135103,Ross,Johnson,56.0,Masculino,Boston,Medio,2.0,8.62,Sí,Sí,Vegetariano,No,373.732.3718x4238,ybell@example.org,Tarjeta,1622,46-60
4917150323,Jonathan,Payne,62.0,Masculino,Boston,Muy Alto,5.0,62.69,Sí,No,Otro,Sí,No registrado,wattsamy@example.com,Tarjeta,17135,61-100
1751001646,Hannah,Bradshaw,49.0,Femenino,Boston,Alto,6.0,24.18,No,Sí,Otro,Sí,No registrado,lawrence23@example.com,Tarjeta,4018,46-60
2383529893,Aaron,Stewart,32.0,Masculino,Boston,Medio,2.0,13.62,Sí,No,Mariscos,No,No registrado,No registrado,Efectivo,2778,31-45
6211807189,Angela,Vargas,53.0,Femenino,Boston,Medio,4.0,30.42,No,Sí,Vegetariano,No,7988234907,hortonjay@example.org,Efectivo,1762,46-60
8310994119,Karen,Thompson,77.0,Femenino,Boston,Bajo,0.0,0.0,Sí,Sí,Carnes,No,301.975.8369x086,No registrado,Efectivo,1010,61-100
8694232598,Jordan,West,53.0,Femenino,Boston,Medio,2.0,10.74,Sí,Sí,Vegetariano,No,001-996-693-4666x761,No registrado,Efectivo,3474,46-60
3717582347,David,Curry,37.0,Masculino,Boston,Medio,3.0,28.27,No,Sí,Carnes,No,001-765-845-1417x24425,No registrado,Efectivo,3242,31-45
3916142604,James,Hunt,34.0,Masculino,Boston,Alto,3.0,18.9,No,No,Mariscos,No,No registrado,No registrado,App,5107,31-45
3348758451,Duane,Douglas,29.0,Masculino,Boston,Alto,6.0,59.63,No,Sí,Mariscos,Sí,(787)786-3963x2047,No registrado,Tarjeta,5520,19-30
6989529491,Jared,Clark,57.0,Masculino,Boston,Bajo,0.0,0.0,No,Sí,Vegetariano,No,001-305-938-7341x835,palmerjason@example.org,Tarjeta,1196,46-60
9285393377,Jasmine,Wright,72.0,Femenino,Boston,Muy Alto,10.0,35.29,Sí,Sí,Carnes,Sí,No registrado,No registrado,Efectivo,9462,61-100
9353816138,Robin,Johnson,53.0,Femenino,Boston,Muy Alto,10.0,85.2,Sí,Sí,Pescado,Sí,+1-554-906-1902,No registrado,Efectivo,9707,46-60
4151424943,Victor,Adams,73.0,Masculino,Boston,Medio,3.0,25.45,No,No,Vegano,No,No registrado,leslie59@example.com,Efectivo,2263,61-100
1334389533,Brianna,Kelly,53.0,Femenino,Boston,Medio,2.0,14.3,Sí,No,Vegetariano,No,001-986-631-3507x21706,eddiemacias@example.org,Tarjeta,3241,46-60
8875414584,David,Lewis,42.0,Masculino,Boston,Alto,6.0,30.36,No,Sí,Pescado,Sí,(484)593-8822,karen75@example.net,Efectivo,7300,31-45
6616594327,Bryan,Garcia,18.0,Masculino,Boston,Alto,4.0,19.47,Sí,Sí,Pescado,Sí,(654)341-1529,No registrado,App,3680,0-18
4198375570,Matthew,Jenkins,38.0,Masculino,Boston,Muy Alto,6.0,19.78,Sí,Sí,Carnes,Sí,No registrado,No registrado,Tarjeta,14864,31-45
3133645707,Anne,Chambers,25.0,Femenino,Boston,Medio,4.0,9.18,No,Sí,Vegetariano,No,+1-813-268-3660,jgonzalez@example.org,Efectivo,3078,19-30
5331829494,Tiffany,Contreras,22.0,Femenino,Boston,Medio,2.0,15.3,Sí,Sí,Vegetariano,No,No registrado,No registrado,Efectivo,3172,19-30
2602441193,John,Smith,61.0,Masculino,Boston,Muy Alto,5.0,43.47,Sí,Sí,Mariscos,Sí,001-496-374-1875x35329,robertsraymond@example.com,Efectivo,11803,61-100
2048345633,Thomas,James,65.0,Masculino,Boston,Bajo,1.0,12.4,No,Sí,Vegetariano,No,No registrado,No registrado,App,1050,61-100
8194528779,Tyler,Williams,42.0,Masculino,Boston,Medio,5.0,27.79,Sí,Sí,Vegano,No,746.515.1805,No registrado,Efectivo,3013,31-45
9675845962,Karen,Fuentes,32.0,Femenino,Boston,Medio,3.0,20.97,No,No,Mariscos,Sí,No registrado,No registrado,Tarjeta,3086,31-45
4413838650,Marcus,Carter,29.0,Masculino,Boston,Alto,4.0,36.06,No,Sí,Pescado,No,(898)954-4459,gbaker@example.com,Tarjeta,5093,19-30
1951811572,Cameron,Chandler,67.0,Masculino,Boston,Medio,3.0,18.05,No,Sí,Vegetariano,No,No registrado,No registrado,Efectivo,3272,61-100
4606859368,Erik,Key,57.0,Masculino,Boston,Medio,5.0,34.97,No,Sí,Pescado,Sí,No registrado,cmason@example.org,Tarjeta,2529,46-60
7060743623,Tina,Scott,54.0,Femenino,Boston,Bajo,2.0,11.73,No,No,Pescado,No,742-211-2208x7345,emartinez@example.net,Efectivo,1410,46-60
4417680720,Steven,Bond,49.0,Masculino,Boston,Medio,3.0,7.82,Sí,Sí,Otro,No,(569)698-6310x9506,brendanbowers@example.com,Efectivo,2861,46-60
9452854027,Yvonne,Harding,55.0,Femenino,Boston,Alto,4.0,62.12,Sí,Sí,Carnes,Sí,No registrado,patrickhamilton@example.org,App,8641,46-60
4744348135,Jessica,Lopez,72.0,Femenino,Boston,Medio,5.0,28.68,No,No,Mariscos,No,6893030463,No registrado,App,2181,61-100
1449483973,Pamela,Collins,70.0,Femenino,Boston,Alto,5.0,50.25,No,Sí,Pescado,No,730.603.4772x44898,rodriguezmichael@example.net,Tarjeta,7643,61-100
7386087602,Dustin,Little,68.0,Masculino,Boston,Medio,4.0,5.16,No,No,Mariscos,No,(872)380-2454,katelyn66@example.net,Efectivo,2848,61-100
5749172022,Rick,Johnson,68.0,Masculino,Boston,Alto,5.0,64.88,Sí,No,Vegetariano,Sí,No registrado,laurahenderson@example.com,Efectivo,8290,61-100
4187186181,Kevin,Edwards,30.0,Masculino,Boston,Alto,6.0,22.77,Sí,No,Vegetariano,No,No registrado,josephbrown@example.org,Efectivo,6236,19-30
3814118428,Michael,Hanson,79.0,Masculino,Boston,Alto,4.0,55.51,No,Sí,Vegano,Sí,001-833-896-0908x82694,angela70@example.net,Tarjeta,5235,61-100
7972504667,Ryan,Stewart,47.0,Masculino,Boston,Muy Alto,7.0,80.21,Sí,No,Vegano,Sí,7946614651,No registrado,Efectivo,13460,46-60
6977478491,Yvette,Conrad,46.0,Femenino,Boston,Alto,6.0,17.98,Sí,Sí,Otro,Sí,(621)675-4132x273,No registrado,App,4426,46-60
8548080415,Sue,Galvan,21.0,Femenino,Boston,Muy Alto,6.0,50.02,Sí,Sí,Vegetariano,Sí,(577)956-1738x0129,No registrado,Efectivo,17481,19-30
2803331081,Luke,Clark,64.0,Masculino,Boston,Medio,3.0,28.23,Sí,Sí,Pescado,Sí,No registrado,No registrado,Efectivo,3157,61-100
9526141003,Cheyenne,Odom,32.0,Femenino,Boston,Alto,4.0,35.6,No,Sí,Otro,Sí,No registrado,meltonjohn@example.org,Efectivo,6255,31-45
4918891148,Matthew,Cohen,44.0,Masculino,Boston,Medio,5.0,16.08,No,Sí,Vegetariano,No,No registrado,No registrado,Efectivo,1726,31-45
2184583646,Tyler,Murphy,61.0,Masculino,Boston,Bajo,0.0,0.0,Sí,Sí,Mariscos,No,(368)864-7400,jeremysilva@example.org,Efectivo,1213,61-100
6223550582,Heidi,English,59.0,Femenino,Boston,Medio,3.0,34.46,No,No,Vegano,No,No registrado,No registrado,App,1815,46-60
2822728685,James,Rodriguez,29.0,Masculino,Boston,Alto,5.0,15.09,Sí,Sí,Mariscos,No,No registrado,No registrado,Efectivo,5766,19-30
1347693225,Jonathan,Olson,36.0,Masculino,Boston,Muy Alto,8.0,24.72,No,No,Carnes,Sí,9953795036,amanda04@example.com,App,10798,31-45
3838517397,Ashley,Humphrey,48.0,Femenino,Boston,Bajo,3.0,9.92,No,Sí,Otro,No,No registrado,lynchrobin@example.org,Efectivo,977,46-60
2373782379,Jason,Martin,45.0,Masculino,Boston,Medio,4.0,11.28,Sí,Sí,Mariscos,No,640.731.5778x79478,philip80@example.com,Efectivo,1782,31-45
9608216778,Dorothy,Meyer,63.0,Femenino,Boston,Bajo,3.0,7.41,Sí,Sí,Pescado,No,No registrado,thomas87@example.com,Efectivo,852,61-100
1620123277,Jamie,Brown,35.0,Femenino,Boston,Muy Alto,9.0,40.03,Sí,No,Mariscos,Sí,(648)468-1075,No registrado,Tarjeta,16233,31-45
4444084557,Evan,Rodriguez,36.0,Masculino,Boston,Medio,2.0,15.35,Sí,No,Vegetariano,No,No registrado,No registrado,App,1721,31-45
8795626937,Megan,Salazar,72.0,Femenino,Boston,Alto,5.0,56.89,No,No,Carnes,Sí,No registrado,camachochristopher@example.com,Efectivo,7660,61-100
5815968802,Ivan,Rowe,35.0,Masculino,Boston,Muy Alto,9.0,21.27,Sí,No,Otro,Sí,(423)635-2533,charles77@example.org,App,10835,31-45
4990341633,Laura,Bryant,61.0,Femenino,Boston,Muy Alto,6.0,83.98,No,No,Carnes,Sí,256.842.0548,jeffrey96@example.net,Tarjeta,12182,61-100
9866960280,Julia,Dunlap,78.0,Femenino,Boston,Muy Alto,6.0,58.33,Sí,Sí,Mariscos,Sí,No registrado,roberto55@example.net,App,10930,61-100
6109151668,Steven,Lam,29.0,Masculino,Boston,Alto,5.0,38.12,No,Sí,Vegetariano,Sí,No registrado,No registrado,Tarjeta,4066,19-30
5150090143,Kristin,Davis,56.0,Femenino,Boston,Alto,6.0,54.23,No,No,Mariscos,No,No registrado,kelly51@example.com,Tarjeta,4402,46-60
5003557260,Eric,Henry,24.0,Masculino,Boston,Medio,3.0,14.66,No,Sí,Vegetariano,No,No registrado,No registrado,Efectivo,3293,19-30
2407744889,Michelle,Long,59.0,Femenino,Boston,Bajo,2.0,13.83,No,Sí,Carnes,No,No registrado,marco36@example.org,Tarjeta,1352,46-60
5783183968,Joseph,Frank,48.0,Masculino,Boston,Medio,2.0,20.65,No,Sí,Vegetariano,No,+1-381-561-2509x687,No registrado,Criptomoneda,1763,46-60
9433104084,Albert,Johnson,49.0,Masculino,Boston,Alto,6.0,11.55,No,No,Mariscos,Sí,No registrado,No registrado,Efectivo,4451,46-60
1562021516,Ryan,Hamilton,25.0,Masculino,Boston,Muy Alto,8.0,58.71,No,Sí,Vegetariano,No,No registrado,scottgonzalez@example.net,App,15195,19-30
5627934140,Christie,Cummings,79.0,Femenino,Boston,Medio,3.0,23.47,No,No,Vegano,No,No registrado,martinezvicki@example.net,Efectivo,3366,61-100
9015974001,Anthony,Chavez,32.0,Masculino,Boston,Medio,2.0,19.21,No,Sí,Mariscos,No,826-352-3028,jonathanmejia@example.net,Efectivo,1626,31-45
7402836356,Michael,Davis,55.0,Masculino,Boston,Medio,3.0,29.08,Sí,No,Vegetariano,No,No registrado,No registrado,Efectivo,2850,46-60
3386646220,Wesley,Murphy,27.0,Masculino,Boston,Muy Alto,5.0,89.61,No,Sí,Vegetariano,Sí,No registrado,No registrado,Tarjeta,14249,19-30
5160329022,Joshua,Mccoy,38.0,Masculino,Boston,Medio,6.0,9.9,No,No,Carnes,Sí,894-322-8026x8489,No registrado,App,3326,31-45
8709157148,Wendy,Beasley,56.0,Femenino,Boston,Alto,6.0,38.8,No,Sí,Otro,Sí,(330)634-7094x9510,pellis@example.com,Tarjeta,6539,46-60
6447717367,Hannah,Hart,75.0,Femenino,Boston,Bajo,0.0,0.0,No,No,Vegetariano,No,579-688-1789x5121,No registrado,Tarjeta,1478,61-100
1332767245,Kari,Lopez,28.0,Femenino,Boston,Medio,2.0,31.01,Sí,Sí,Otro,No,No registrado,No registrado,App,1994,19-30
9853109380,Angela,Cooper,66.0,Femenino,Boston,Bajo,3.0,14.67,Sí,Sí,Vegetariano,No,488-763-1551,No registrado,Tarjeta,1277,61-100
2161004015,Sean,Bishop,68.0,Masculino,Boston,Medio,5.0,6.53,No,Sí,Vegetariano,No,No registrado,No registrado,Tarjeta,2362,61-100
5217582539,Bradley,Bailey,65.0,Masculino,Boston,Medio,3.0,31.12,Sí,Sí,Vegetariano,No,No registrado,No registrado,Tarjeta,2809,61-100
9658975002,Craig,Stevens,80.0,Masculino,Boston,Medio,3.0,11.14,Sí,Sí,Carnes,No,No registrado,gmurillo@example.org,Efectivo,3160,61-100
2105462969,Natalie,Williams,60.0,Femenino,Boston,Bajo,2.0,6.38,Sí,Sí,Pescado,No,No registrado,patrickpitts@example.com,Tarjeta,1527,46-60
2661921430,Raymond,Williams,21.0,Masculino,Boston,Medio,4.0,20.82,No,No,Pescado,No,677-649-5162,hamptoncalvin@example.com,Tarjeta,2959,19-30
9405698506,Zachary,Michael,42.0,Masculino,Boston,Alto,5.0,46.91,Sí,No,Mariscos,Sí,No registrado,No registrado,App,3784,31-45
7259307820,Andrea,Smith,67.0,Femenino,Boston,Muy Alto,6.0,36.58,No,Sí,Mariscos,Sí,(851)455-7756,laurencook@example.net,Tarjeta,17527,61-100
4507175873,Sara,Herman,38.0,Femenino,Boston,Muy Alto,9.0,104.17,Sí,Sí,Mariscos,Sí,001-682-752-4541x8725,No registrado,Efectivo,9988,31-45
5674420102,Steven,Moreno,51.0,Masculino,Boston,Medio,5.0,11.25,No,No,Pescado,Sí,No registrado,beckerjohn@example.org,Efectivo,2109,46-60
6979865710,Taylor,Russo,50.0,Masculino,Boston,Alto,4.0,9.13,Sí,No,Mariscos,No,No registrado,No registrado,Tarjeta,7386,46-60
3154036452,Jeffrey,Bailey,72.0,Masculino,Boston,Muy Alto,9.0,104.29,Sí,No,Carnes,Sí,No registrado,tblack@example.org,Efectivo,16685,61-100
9333100929,Jessica,Tanner,55.0,Femenino,Boston,Medio,4.0,19.44,No,Sí,Carnes,No,No registrado,richardseric@example.net,Tarjeta,1606,46-60
8987030580,Cody,Powell,65.0,Masculino,Boston,Bajo,2.0,6.62,Sí,Sí,Vegetariano,No,No registrado,No registrado,App,1301,61-100
8707128172,Tyler,James,39.0,Masculino,Boston,Bajo,2.0,8.71,No,No,Vegetariano,No,No registrado,No registrado,App,1361,31-45
5431267548,Daniel,Jimenez,78.0,Masculino,Boston,Medio,3.0,21.43,No,No,Vegetariano,No,No registrado,jessica33@example.com,App,3063,61-100
9064406333,Brandon,Hall,52.0,Masculino,Boston,Muy Alto,9.0,94.52,Sí,Sí,Vegetariano,Sí,+1-240-803-1662x8128,No registrado,App,14223,46-60
7479446952,Allen,Rogers,18.0,Masculino,Boston,Muy Alto,7.0,68.98,Sí,Sí,Vegetariano,Sí,No registrado,sheabenjamin@example.org,Tarjeta,9171,0-18
5813233039,Michael,Osborne,33.0,Masculino,Boston,Medio,5.0,16.8,No,Sí,Mariscos,Sí,No registrado,terrylewis@example.net,App,3171,31-45
1682781467,Daniel,Trevino,64.0,Masculino,Boston,Bajo,0.0,0.0,No,Sí,Mariscos,No,8816143013,lbarnett@example.net,Tarjeta,1102,61-100
9505411848,Lindsey,Diaz,50.0,Femenino,Boston,Bajo,3.0,8.84,Sí,Sí,Mariscos,No,6467371874,qmorton@example.com,App,1171,46-60
2367360047,John,Myers,34.0,Masculino,Boston,Medio,2.0,21.62,Sí,No,Carnes,No,001-887-542-2699x20038,cooleysylvia@example.com,Tarjeta,3264,31-45
8640143749,Yolanda,Hall,43.0,Femenino,Boston,Medio,2.0,25.84,No,No,Pescado,No,No registrado,No registrado,Efectivo,2910,31-45
9162703696,Amy,Morales,77.0,Femenino,Boston,Alto,5.0,23.96,Sí,Sí,Otro,No,No registrado,jodichen@example.org,App,3656,61-100
3318559642,Yvette,Parks,74.0,Femenino,Boston,Alto,5.0,47.26,Sí,No,Otro,Sí,712-537-8818x8691,kerrijohnson@example.net,Efectivo,6338,61-100
2994372820,Christopher,Romero,59.0,Masculino,Boston,Muy Alto,5.0,15.52,No,Sí,Vegetariano,Sí,No registrado,No registrado,App,14037,46-60
2062182961,Brett,Stone,30.0,Masculino,Boston,Alto,5.0,53.35,No,Sí,Vegetariano,Sí,No registrado,joy56@example.net,Efectivo,5902,19-30
2375325559,Deborah,White,64.0,Femenino,Boston,Alto,5.0,33.71,No,Sí,Carnes,No,616.829.9021,No registrado,Tarjeta,3708,61-100
9832077152,Brenda,Gill,42.0,Femenino,Boston,Alto,6.0,26.31,Sí,Sí,Carnes,No,No registrado,No registrado,App,6264,31-45
3288395785,Derek,Brown,34.0,Masculino,Boston,Medio,3.0,30.07,Sí,Sí,Vegetariano,No,No registrado,jay75@example.com,Efectivo,2592,31-45
8271044879,Daniel,Heath,20.0,Masculino,Boston,Medio,3.0,16.13,Sí,Sí,Vegetariano,No,955.421.6783x46080,No registrado,App,2042,19-30
3960300781,Heather,Rodriguez,21.0,Femenino,Boston,Medio,2.0,24.64,No,Sí,Carnes,No,No registrado,heathcorey@example.net,Tarjeta,3098,19-30
9873992355,Christina,Arroyo,50.0,Femenino,Boston,Muy Alto,6.0,79.99,No,No,Vegetariano,Sí,+1-782-778-1172x24304,No registrado,Tarjeta,15950,46-60
2577876842,Dylan,Nguyen,54.0,Masculino,Boston,Muy Alto,5.0,90.92,No,No,Carnes,Sí,(757)651-2581,No registrado,App,10985,46-60
9066784112,Mary,Ashley,32.0,Femenino,Boston,Bajo,1.0,7.61,Sí,Sí,Mariscos,No,001-300-525-6094x04658,ibarrapaul@example.org,Efectivo,1554,31-45
5414229802,Brenda,Charles,24.0,Femenino,Boston,Medio,2.0,9.03,Sí,Sí,Carnes,No,No registrado,No registrado,Tarjeta,3135,19-30
1707196784,Tammy,Clark,37.0,Femenino,Boston,Muy Alto,5.0,32.64,Sí,No,Otro,Sí,No registrado,emilywright@example.org,Efectivo,10652,31-45
6568908323,Janet,Vaughn,56.0,Femenino,Boston,Alto,5.0,30.58,No,No,Carnes,No,962-261-8125,No registrado,Tarjeta,8066,46-60
3145756342,Christopher,Morgan,68.0,Masculino,Boston,Muy Alto,7.0,79.44,No,Sí,Vegetariano,Sí,384.431.5948x04128,villarrealmark@example.net,App,17342,61-100
9833017283,Kevin,Ferguson,60.0,Masculino,Boston,Muy Alto,8.0,50.68,No,Sí,Mariscos,Sí,No registrado,No registrado,Tarjeta,16262,46-60
5495872589,Joshua,Clark,60.0,Masculino,Boston,Muy Alto,9.0,30.77,No,Sí,Mariscos,No,628-809-5342x19169,kevin90@example.net,App,10389,46-60
8885201792,Holly,Garcia,45.0,Femenino,Boston,Medio,3.0,23.48,Sí,No,Vegetariano,No,No registrado,No registrado,Efectivo,2710,31-45
3522436413,Barbara,Chambers,65.0,Femenino,Boston,Muy Alto,7.0,52.53,Sí,Sí,Vegano,Sí,520.689.1925,bradleycassandra@example.net,Efectivo,15317,61-100
7602390866,Bryan,Mcclure,41.0,Masculino,Boston,Alto,5.0,55.62,Sí,Sí,Vegano,Sí,No registrado,reiddarlene@example.net,Tarjeta,4337,31-45
2457552462,Tiffany,Michael,29.0,Femenino,Boston,Medio,2.0,16.49,Sí,Sí,Mariscos,No,618-740-4021x088,No registrado,Efectivo,2222,19-30
1457884272,Ronnie,Salazar,58.0,Masculino,Boston,Muy Alto,7.0,22.41,No,Sí,Vegetariano,Sí,No registrado,No registrado,App,17353,46-60
9554370870,Kenneth,Smith,65.0,Masculino,Boston,Muy Alto,10.0,47.47,Sí,No,Pescado,Sí,No registrado,No registrado,App,14324,61-100
9032517775,Karen,Barron,78.0,Femenino,Boston,Medio,4.0,30.81,Sí,Sí,Vegetariano,No,No registrado,raymond76@example.net,Efectivo,3245,61-100
8870201728,Zachary,Harris,45.0,Masculino,Boston,Alto,4.0,59.56,No,No,Carnes,No,No registrado,morenoamber@example.com,Efectivo,3744,31-45
6706086556,Amanda,Oliver,21.0,Femenino,Boston,Alto,4.0,8.43,Sí,Sí,Vegetariano,Sí,001-490-765-1059x927,josephberger@example.net,Tarjeta,6830,19-30
1530957399,Amy,Cox,55.0,Femenino,Boston,Medio,2.0,31.17,Sí,No,Carnes,No,001-236-258-4354x313,No registrado,Tarjeta,3030,46-60
7944662433,Julia,Baker,53.0,Femenino,Boston,Medio,4.0,29.62,No,Sí,Vegetariano,Sí,+1-779-818-4398x47543,No registrado,App,1616,46-60
8761469117,Lisa,Fields,35.0,Femenino,Boston,Alto,4.0,6.15,No,No,Mariscos,Sí,001-999-550-7793x70497,No registrado,Efectivo,7473,31-45
9191999949,Rebecca,Davis,74.0,Femenino,Boston,Medio,2.0,15.28,Sí,No,Vegetariano,No,No registrado,No registrado,Efectivo,2504,61-100
7027659405,Nicole,Martin,58.0,Femenino,Boston,Muy Alto,5.0,63.3,No,Sí,Carnes,Sí,(406)801-0855x342,adkinscarrie@example.net,App,16204,46-60
6572499854,Brandi,Morales,70.0,Femenino,Boston,Bajo,1.0,10.3,Sí,Sí,Mariscos,No,533.952.7600,No registrado,App,1073,61-100
3205542649,Danny,Haynes,36.0,Masculino,Boston,Medio,5.0,33.6,No,Sí,Mariscos,Sí,No registrado,No registrado,Efectivo,3467,31-45
5783809766,Sheila,Anderson,44.0,Femenino,Boston,Bajo,2.0,9.78,Sí,No,Vegano,No,No registrado,pvaughn@example.org,App,1580,31-45
5850511723,Thomas,Green,66.0,Masculino,Boston,Muy Alto,8.0,97.79,No,No,Carnes,Sí,616-566-3945,No registrado,Tarjeta,13385,61-100
2447901201,Anna,Leon,70.0,Femenino,Boston,Alto,6.0,21.09,Sí,No,Mariscos,Sí,No registrado,wilsonwilliam@example.com,Efectivo,7237,61-100
6760652905,Michael,Krause,31.0,Masculino,Boston,Muy Alto,9.0,20.18,Sí,Sí,Carnes,Sí,714.926.4745,No registrado,Efectivo,14867,31-45
6977205339,Patrick,Brown,28.0,Masculino,Boston,Medio,5.0,29.8,No,Sí,Carnes,Sí,No registrado,No registrado,App,2936,19-30
3975770450,Shaun,Roman,51.0,Masculino,Boston,Bajo,0.0,0.0,No,No,Vegetariano,No,(522)613-2873,scottdaniels@example.org,Tarjeta,1158,46-60
1398270304,Richard,Miller,48.0,Masculino,Boston,Muy Alto,8.0,40.17,Sí,No,Carnes,Sí,No registrado,vwalker@example.org,Tarjeta,9962,46-60
1439427140,Debra,Freeman,32.0,Femenino,Boston,Muy Alto,6.0,23.3,No,Sí,Carnes,Sí,No registrado,No registrado,Tarjeta,17040,31-45
4331958769,Mark,Potter,23.0,Masculino,Boston,Bajo,1.0,5.55,No,Sí,Mariscos,No,No registrado,obrienwanda@example.org,App,1501,19-30
8979623823,Margaret,Aguilar,21.0,Femenino,Boston,Alto,5.0,54.94,Sí,Sí,Vegano,Sí,No registrado,No registrado,Efectivo,7121,19-30
6965973187,Mark,Johnson,30.0,Masculino,Boston,Alto,5.0,64.62,Sí,Sí,Vegetariano,No,No registrado,No registrado,Tarjeta,5843,19-30
1615024545,Eric,Walker,66.0,Masculino,Boston,Alto,6.0,59.72,No,No,Mariscos,Sí,(649)307-7677x74089,No registrado,Efectivo,3666,61-100
6358016493,Sean,Ward,19.0,Masculino,Boston,Bajo,1.0,8.72,No,Sí,Vegetariano,No,No registrado,jennifer63@example.net,Efectivo,1184,19-30
8550092372,Teresa,Martinez,66.0,Femenino,Boston,Medio,2.0,6.05,No,No,Mariscos,No,419.207.2035x7935,No registrado,Tarjeta,3395,61-100
6969444479,Emma,Bryant,46.0,Femenino,Boston,Alto,4.0,55.34,Sí,Sí,Vegetariano,Sí,+1-391-854-6597,jaredmckee@example.com,Tarjeta,7259,46-60
7109428566,Brittany,Becker,63.0,Femenino,Boston,Muy Alto,10.0,21.36,No,Sí,Carnes,Sí,+1-271-289-9896,ejohnson@example.org,Efectivo,17181,61-100
8381858171,Megan,Davis,46.0,Femenino,Boston,Muy Alto,7.0,42.12,Sí,No,Carnes,Sí,001-541-996-5307x8046,No registrado,Efectivo,14923,46-60
8586238650,Julie,Kelly,78.0,Femenino,Boston,Muy Alto,6.0,85.5,Sí,Sí,Mariscos,Sí,+1-491-626-2647x102,No registrado,Tarjeta,15346,61-100
3442449010,Taylor,Taylor,34.0,Femenino,Boston,Alto,4.0,52.46,No,Sí,Mariscos,Sí,No registrado,johnsonmegan@example.com,Efectivo,4841,31-45
4197230378,Teresa,Rivera,40.0,Femenino,Boston,Alto,4.0,63.5,Sí,Sí,Vegetariano,Sí,No registrado,No registrado,Efectivo,3536,31-45
6164858171,Victoria,Peters,70.0,Femenino,Boston,Alto,4.0,40.24,Sí,Sí,Vegetariano,No,No registrado,moralescaleb@example.com,Efectivo,6210,61-100
7152329891,Michelle,Davis,27.0,Femenino,Boston,Bajo,0.0,0.0,No,Sí,Carnes,No,No registrado,tina89@example.com,Efectivo,1214,19-30
8297792536,Richard,Jones,69.0,Masculino,Boston,Bajo,2.0,13.71,Sí,Sí,Carnes,No,No registrado,awolfe@example.com,Tarjeta,1320,61-100
5630801355,Charles,Nguyen,27.0,Masculino,Boston,Bajo,3.0,7.44,Sí,Sí,Vegano,No,No registrado,levi45@example.net,App,1070,19-30
5647877356,Corey,Brown,77.0,Masculino,Boston,Bajo,3.0,11.58,Sí,No,Vegano,No,No registrado,iwoods@example.net,App,1341,61-100
8027741130,John,Wiley,21.0,Masculino,Boston,Alto,4.0,23.25,No,No,Vegetariano,Sí,No registrado,jamiescott@example.org,App,5857,19-30
1406394502,Omar,Campos,80.0,Masculino,Boston,Alto,6.0,56.66,No,No,Vegano,No,No registrado,No registrado,App,3844,61-100
5205684275,Alexis,Ortiz,66.0,Femenino,Boston,Alto,6.0,26.28,No,Sí,Carnes,Sí,+1-962-771-9562,No registrado,Tarjeta,7132,61-100
5084820658,Renee,Duran,35.0,Femenino,Boston,Muy Alto,10.0,5.23,Sí,No,Vegano,Sí,No registrado,arnoldlaurie@example.com,Criptomoneda,16381,31-45
9878131531,Tracey,Kelly,34.0,Femenino,Boston,Medio,5.0,30.74,No,Sí,Pescado,No,No registrado,No registrado,Efectivo,2756,31-45
3032182131,David,Ward,26.0,Masculino,Boston,Alto,5.0,49.36,No,Sí,Vegetariano,Sí,3475441732,david01@example.org,Efectivo,3759,19-30
8244692595,Lorraine,Williams,50.0,Femenino,Boston,Muy Alto,7.0,6.36,Sí,No,Vegano,No,918.642.4732,No registrado,Tarjeta,13697,46-60
6816774811,Lisa,Escobar,31.0,Femenino,Boston,Medio,5.0,18.82,No,Sí,Vegano,Sí,No registrado,No registrado,Efectivo,3449,31-45
2969039204,Christopher,Garrison,47.0,Masculino,Boston,Muy Alto,7.0,22.56,Sí,Sí,Vegetariano,Sí,(429)226-0702x98583,ihanna@example.com,Tarjeta,11239,46-60
6896899328,Taylor,Meyers,26.0,Femenino,Boston,Bajo,2.0,10.06,Sí,Sí,Mariscos,No,No registrado,mallorydavis@example.net,Tarjeta,945,19-30
4372469277,Crystal,Young,63.0,Femenino,Boston,Muy Alto,9.0,90.79,Sí,Sí,Vegetariano,Sí,No registrado,No registrado,Efectivo,17756,61-100
1276636551,Emma,Figueroa,61.0,Femenino,Boston,Bajo,2.0,10.95,No,No,Vegetariano,No,+1-820-887-1781x0975,wilkinsonjoseph@example.net,App,935,61-100
3011229698,Justin,Davis,52.0,Masculino,Boston,Medio,2.0,26.28,Sí,Sí,Pescado,No,715-584-7395,abigail77@example.net,Tarjeta,3334,46-60
3758887854,Ernest,Harper,18.0,Masculino,Boston,Bajo,0.0,0.0,Sí,Sí,Vegetariano,No,No registrado,nelsonmichael@example.org,App,980,0-18
3657690846,Tasha,Smith,50.0,Femenino,Boston,Alto,5.0,52.43,Sí,Sí,Otro,Sí,No registrado,christopherclay@example.com,App,5090,46-60
6545740371,Mackenzie,Davis,55.0,Femenino,Boston,Alto,6.0,10.04,No,Sí,Carnes,Sí,No registrado,No registrado,App,8543,46-60
5533543603,Tyler,Hoffman,26.0,Masculino,Boston,Muy Alto,10.0,52.01,Sí,Sí,Carnes,Sí,No registrado,gabrieltaylor@example.com,Efectivo,13914,19-30
4255914897,Lauren,Macdonald,21.0,Femenino,Boston,Alto,5.0,7.16,No,Sí,Vegetariano,Sí,+1-638-453-0456x9243,No registrado,App,5282,19-30
3895042700,David,Hall,37.0,Masculino,Boston,Alto,4.0,23.95,Sí,No,Carnes,No,No registrado,susan15@example.net,Efectivo,8673,31-45
7000390965,Jeffrey,Drake,23.0,Masculino,Boston,Muy Alto,8.0,102.93,No,Sí,Otro,Sí,001-775-799-2964,No registrado,Efectivo,11086,19-30
2092282503,Bryan,Pratt,47.0,Masculino,Boston,Muy Alto,8.0,22.44,No,No,Otro,Sí,701-452-1033,lindsay47@example.net,Efectivo,9582,46-60
1810199665,Gina,Johnson,62.0,Femenino,Boston,Medio,5.0,21.89,Sí,No,Otro,No,(613)717-7185x350,No registrado,Tarjeta,1917,61-100
6254202750,Robert,Rodriguez,68.0,Masculino,Boston,Muy Alto,9.0,37.05,No,Sí,Pescado,Sí,001-549-670-2263x6697,andersonedward@example.net,Efectivo,9187,61-100
1706906069,Diana,Davis,73.0,Femenino,Boston,Muy Alto,6.0,20.96,No,Sí,Carnes,Sí,+1-430-656-1194x19121,timothyflores@example.com,Efectivo,14932,61-100
4932608001,Robert,Hines,53.0,Masculino,Boston,Bajo,2.0,14.8,Sí,Sí,Vegetariano,No,No registrado,smithphillip@example.com,Tarjeta,843,46-60
3235770198,Joseph,Webb,63.0,Masculino,Boston,Bajo,1.0,14.9,Sí,Sí,Mariscos,No,No registrado,No registrado,Tarjeta,895,61-100
7724091648,Carmen,Owens,49.0,Femenino,Boston,Alto,6.0,20.11,Sí,Sí,Vegetariano,Sí,No registrado,nkennedy@example.com,App,6840,46-60
7794142030,Paige,Nelson,38.0,Femenino,Boston,Alto,5.0,32.26,No,Sí,Carnes,No,+1-784-785-7884,No registrado,App,6225,31-45
1389170029,Aimee,Yang,70.0,Femenino,Boston,Bajo,3.0,13.89,Sí,Sí,Vegano,No,883-962-5098x009,No registrado,App,1438,61-100
5004358412,Maria,Chen,45.0,Femenino,Boston,Medio,2.0,22.15,No,No,Mariscos,Sí,001-338-997-2726x7637,patriciascott@example.org,Efectivo,1914,31-45
5068935438,Jasmine,Arnold,41.0,Femenino,Boston,Muy Alto,10.0,34.27,Sí,Sí,Vegetariano,Sí,(376)569-3032,croberts@example.net,App,9753,31-45
3304560537,Mary,Potter,71.0,Femenino,Boston,Alto,4.0,7.52,No,Sí,Mariscos,Sí,371.893.5888x369,brittany25@example.com,Efectivo,8793,61-100
4238750343,Jennifer,Hart,66.0,Femenino,Boston,Medio,3.0,31.83,No,No,Otro,No,No registrado,No registrado,App,3160,61-100
1504534748,Lori,Brown,68.0,Femenino,Boston,Muy Alto,7.0,98.46,Sí,Sí,Carnes,Sí,001-989-927-6961x08292,No registrado,Efectivo,17636,61-100
5496051642,Emily,Acevedo,44.0,Femenino,Boston,Alto,5.0,6.9,No,Sí,Vegetariano,Sí,No registrado,No registrado,Tarjeta,6446,31-45
9067895627,Matthew,Alvarez,61.0,Masculino,Boston,Muy Alto,10.0,66.5,No,Sí,Carnes,Sí,No registrado,No registrado,Tarjeta,14271,61-100
4451530412,Robert,Ward,62.0,Masculino,Boston,Medio,4.0,13.54,No,Sí,Vegetariano,Sí,No registrado,No registrado,App,3257,61-100
6214917780,Kyle,Schwartz,46.0,Masculino,Boston,Muy Alto,6.0,69.42,No,Sí,Vegano,Sí,001-829-748-3281x87024,danielgreene@example.com,App,17129,46-60
7918216748,Greg,Ramirez,43.0,Masculino,Boston,Alto,5.0,50.12,Sí,Sí,Carnes,Sí,No registrado,garrettjohnson@example.com,App,8942,31-45
9370457946,Sara,Norris,61.0,Femenino,Boston,Bajo,3.0,12.18,No,Sí,Otro,No,878-704-3325,floresjennifer@example.net,Tarjeta,1264,61-100
7045772988,Rachel,Peck,51.0,Femenino,Boston,Bajo,3.0,14.47,Sí,Sí,Mariscos,No,No registrado,No registrado,Tarjeta,1543,46-60
5099431684,Laura,Schaefer,76.0,Femenino,Boston,Bajo,3.0,9.88,No,No,Pescado,No,No registrado,petercook@example.net,Tarjeta,1521,61-100
7596745715,James,Saunders,66.0,Masculino,Boston,Bajo,3.0,11.7,Sí,No,Vegano,No,7199378192,jonathan43@example.com,Efectivo,1344,61-100
2136107759,James,Brooks,31.0,Masculino,Boston,Medio,5.0,6.82,No,Sí,Mariscos,No,No registrado,No registrado,Tarjeta,2706,31-45
7100828492,David,Rodriguez,20.0,Masculino,Boston,Muy Alto,6.0,86.92,Sí,Sí,Pescado,Sí,No registrado,No registrado,Tarjeta,14770,19-30
4761528424,Julia,Kelly,67.0,Femenino,Boston,Medio,5.0,32.23,No,No,Vegano,No,No registrado,wendybyrd@example.org,Efectivo,3101,61-100
2675653639,Seth,Smith,48.0,Masculino,Boston,Alto,6.0,40.97,No,Sí,Vegetariano,No,No registrado,No registrado,Efectivo,7111,46-60
9951438831,Erica,Adams,32.0,Femenino,Boston,Alto,5.0,38.51,Sí,No,Vegetariano,Sí,+1-388-953-4132x258,No registrado,Efectivo,8948,31-45
6727637971,Paul,Campbell,29.0,Masculino,Boston,Muy Alto,6.0,23.32,No,Sí,Mariscos,Sí,(807)472-0464x408,No registrado,App,14638,19-30
4201293805,Sandra,Palmer,74.0,Femenino,Boston,Medio,5.0,14.38,No,No,Vegetariano,No,350-355-6962,No registrado,Tarjeta,2847,61-100
1065857791,Shelley,George,62.0,Femenino,Boston,Muy Alto,7.0,93.52,Sí,Sí,Carnes,No,001-617-410-3542x67854,prattmichael@example.com,Tarjeta,12694,61-100
2851511774,Meagan,Velez,36.0,Femenino,Boston,Medio,2.0,11.38,No,No,Pescado,No,No registrado,holmesjared@example.org,Efectivo,1872,31-45
3266988618,Randall,Navarro,50.0,Masculino,Boston,Bajo,3.0,13.47,Sí,Sí,Pescado,No,777.607.3227x647,No registrado,Efectivo,1534,46-60
9857460900,Douglas,Roberts,79.0,Masculino,Boston,Muy Alto,9.0,39.84,No,No,Mariscos,Sí,334-870-7479x453,No registrado,Tarjeta,12384,61-100
8982197815,Margaret,Odonnell,74.0,Femenino,Boston,Alto,6.0,30.3,Sí,Sí,Carnes,Sí,(960)243-4658,raymond87@example.net,Tarjeta,6466,61-100
2674352474,Christopher,Brown,78.0,Masculino,Boston,Medio,3.0,5.41,Sí,No,Vegetariano,No,459-828-1774x5480,No registrado,Efectivo,1871,61-100
4060479936,Jonathan,Thornton,37.0,Masculino,Boston,Muy Alto,7.0,33.97,No,Sí,Otro,Sí,8195523518,jonescynthia@example.net,Tarjeta,16778,31-45
6394885036,Melissa,Pittman,35.0,Femenino,Boston,Bajo,2.0,7.26,Sí,Sí,Mariscos,No,No registrado,No registrado,Efectivo,856,31-45
7555028111,Brian,Bradford,56.0,Masculino,Boston,Bajo,1.0,8.84,Sí,No,Vegetariano,No,910-535-6119,donald57@example.com,Efectivo,1139,46-60
2482751563,Yvonne,Smith,25.0,Femenino,Boston,Muy Alto,6.0,25.02,No,Sí,Mariscos,Sí,No registrado,daniel33@example.com,Tarjeta,12672,19-30
9988027682,Aaron,Kennedy,24.0,Masculino,Boston,Bajo,2.0,7.65,No,Sí,Pescado,No,No registrado,gonzalezryan@example.net,Efectivo,928,19-30
1232261179,Katherine,Mcknight,38.0,Femenino,Boston,Medio,2.0,24.49,No,Sí,Vegetariano,No,No registrado,ajones@example.org,Tarjeta,2519,31-45
4978890649,Lee,Carter,80.0,Masculino,Boston,Medio,2.0,22.87,No,Sí,Mariscos,No,(379)418-7125x55878,deannaschwartz@example.org,Tarjeta,1974,61-100
2328736852,Dennis,Miles,68.0,Masculino,Boston,Alto,4.0,38.41,Sí,No,Vegetariano,No,No registrado,No registrado,Tarjeta,4148,61-100
5518345100,Blake,Turner,63.0,Masculino,Boston,Medio,3.0,23.76,Sí,Sí,Mariscos,Sí,No registrado,No registrado,Tarjeta,2282,61-100
2234051509,Jessica,Edwards,40.0,Femenino,Boston,Muy Alto,6.0,83.96,No,Sí,Vegetariano,Sí,758.236.8368x9937,No registrado,Efectivo,9193,31-45
1246332700,Gabriela,Gray,56.0,Femenino,Boston,Muy Alto,6.0,104.18,No,Sí,Carnes,Sí,No registrado,knoble@example.org,Efectivo,16726,46-60
8505480636,Felicia,Bowers,43.0,Femenino,Boston,Alto,4.0,26.07,No,Sí,Otro,Sí,No registrado,christinaramirez@example.com,Tarjeta,5148,31-45
2298447203,Charles,Lewis,24.0,Masculino,Boston,Medio,3.0,33.01,Sí,Sí,Vegetariano,No,456.233.6642x54195,nielsenjessica@example.net,App,2853,19-30
4705310401,Holly,Duncan,18.0,Femenino,Boston,Medio,4.0,17.34,No,No,Vegetariano,No,No registrado,nfranklin@example.com,Tarjeta,2556,0-18
6137939009,Mary,Smith,18.0,Femenino,Boston,Muy Alto,6.0,99.14,No,Sí,Vegano,Sí,No registrado,No registrado,Efectivo,9156,0-18
5555027660,Darryl,Roth,21.0,Masculino,Boston,Alto,5.0,42.38,No,Sí,Carnes,Sí,884.845.1031x5863,No registrado,Efectivo,8975,19-30
2286381646,Joshua,Robinson,40.0,Masculino,Boston,Medio,5.0,7.88,No,Sí,Vegano,No,001-578-778-1424x3393,No registrado,Efectivo,2015,31-45
5607342446,Angela,Golden,77.0,Femenino,Boston,Bajo,1.0,6.17,Sí,Sí,Carnes,No,+1-650-956-3716x2214,No registrado,Efectivo,1028,61-100
3647707140,Jacqueline,Allen,70.0,Femenino,Boston,Medio,4.0,21.42,Sí,Sí,Vegano,No,(849)301-6972,johnburch@example.com,Tarjeta,2701,61-100
5779882207,John,Klein,58.0,Masculino,Boston,Muy Alto,5.0,36.45,Sí,No,Vegetariano,Sí,No registrado,No registrado,App,13123,46-60
9780893261,Elizabeth,Morgan,36.0,Femenino,Boston,Bajo,2.0,8.85,No,Sí,Vegetariano,No,No registrado,smithnichole@example.net,Efectivo,993,31-45
5242222712,Zachary,Scott,26.0,Masculino,Boston,Alto,4.0,15.11,No,Sí,Vegano,No,660-875-9193,mcollins@example.org,Efectivo,4311,19-30
2825985297,Brett,Campbell,21.0,Masculino,Boston,Muy Alto,6.0,63.66,Sí,No,Mariscos,Sí,686.358.2722x109,monicalee@example.com,Tarjeta,16478,19-30
2583743454,Erin,Fisher,55.0,Femenino,Boston,Alto,6.0,17.07,No,Sí,Vegetariano,Sí,No registrado,No registrado,App,3507,46-60
2187275431,Allison,Williams,76.0,Femenino,Boston,Alto,4.0,32.71,No,No,Vegetariano,Sí,No registrado,No registrado,Tarjeta,5923,61-100
5079935036,Diana,Chambers,57.0,Femenino,Boston,Medio,3.0,16.16,Sí,Sí,Mariscos,No,No registrado,vsnyder@example.org,Efectivo,1748,46-60
9343139590,Elizabeth,Barnes,78.0,Femenino,Boston,Bajo,3.0,8.96,No,Sí,Vegetariano,No,No registrado,No registrado,App,1369,61-100
4922824898,Nicholas,Tran,79.0,Masculino,Boston,Alto,6.0,44.31,No,No,Pescado,Sí,361-852-2271x3823,No registrado,App,5826,61-100
9772845815,Grant,Thomas,29.0,Masculino,Boston,Alto,6.0,20.76,Sí,Sí,Vegano,Sí,No registrado,No registrado,Tarjeta,8081,19-30
2004047906,Willie,Maldonado,58.0,Masculino,Boston,Medio,5.0,7.82,No,No,Carnes,No,216.846.7008x13047,No registrado,Tarjeta,2300,46-60
6297169920,William,Barnett,24.0,Masculino,Boston,Bajo,3.0,6.19,Sí,Sí,Mariscos,No,No registrado,gonzaleznicole@example.net,Efectivo,1025,19-30
4888749350,Kelly,Smith,37.0,Femenino,Boston,Bajo,3.0,5.34,Sí,Sí,Carnes,No,+1-680-286-6944x9095,No registrado,Tarjeta,1404,31-45
3370953140,Hannah,Smith,79.0,Femenino,Boston,Alto,5.0,33.51,Sí,No,Mariscos,Sí,(694)250-5090x04986,No registrado,Efectivo,6830,61-100
6124290259,Grant,Mccormick,27.0,Masculino,Boston,Alto,4.0,34.08,Sí,No,Carnes,No,No registrado,No registrado,Tarjeta,6872,19-30
4685631940,Amanda,Romero,23.0,Femenino,Boston,Medio,2.0,21.05,Sí,Sí,Otro,No,620-389-8787,No registrado,Tarjeta,2926,19-30
5421157952,Jonathan,Smith,53.0,Masculino,Boston,Bajo,1.0,8.19,No,Sí,Vegetariano,No,407-356-5836,No registrado,Tarjeta,1044,46-60
4336999453,Steven,Smith,45.0,Masculino,Boston,Muy Alto,7.0,44.21,No,No,Otro,Sí,No registrado,No registrado,App,13602,31-45
9444143872,Kari,Weaver,79.0,Femenino,Boston,Bajo,1.0,5.06,Sí,Sí,Vegetariano,No,001-305-834-6785x7304,No registrado,Efectivo,952,61-100
9237880732,James,Morales,47.0,Masculino,Boston,Alto,4.0,49.01,Sí,No,Pescado,Sí,No registrado,nlee@example.org,Criptomoneda,8380,46-60
3279791190,Justin,Lane,72.0,Masculino,Boston,Bajo,0.0,0.0,No,No,Carnes,No,379.507.4319x7012,deborah63@example.net,Tarjeta,1326,61-100
8396987201,Erica,Blackwell,66.0,Femenino,Boston,Muy Alto,6.0,92.48,Sí,Sí,Vegetariano,Sí,No registrado,qgonzalez@example.com,Tarjeta,17053,61-100
6409903287,Janice,Stewart,37.0,Femenino,Boston,Bajo,1.0,10.08,No,No,Vegetariano,No,3952253166,No registrado,Tarjeta,1403,31-45
2009961746,Megan,Davis,40.0,Femenino,Boston,Medio,2.0,31.71,Sí,Sí,Vegetariano,No,No registrado,ashley28@example.org,App,1687,31-45
3437347082,Randall,Tucker,32.0,Masculino,Boston,Alto,5.0,54.63,No,Sí,Vegetariano,Sí,(279)268-8209x2958,icoleman@example.org,Tarjeta,5222,31-45
3241645514,Paul,Smith,69.0,Masculino,Boston,Medio,5.0,9.91,Sí,Sí,Carnes,Sí,001-925-839-1018x38533,heidi74@example.net,Efectivo,3092,61-100
6649279085,Bobby,Williams,38.0,Masculino,Boston,Alto,5.0,63.94,Sí,No,Otro,No,+1-247-384-5448x2453,No registrado,App,8101,31-45
7780922380,Amy,Webster,80.0,Femenino,Boston,Bajo,2.0,11.69,Sí,No,Vegetariano,No,No registrado,No registrado,Efectivo,1178,61-100
4646319385,John,Klein,21.0,Masculino,Boston,Muy Alto,5.0,37.76,No,Sí,Vegetariano,Sí,No registrado,No registrado,Tarjeta,15129,19-30
7567162889,Katherine,Baker,69.0,Femenino,Boston,Muy Alto,8.0,101.97,Sí,Sí,Mariscos,Sí,No registrado,cindyhernandez@example.org,Efectivo,15696,61-100
7752985220,Adam,Benson,76.0,Masculino,Boston,Muy Alto,10.0,14.33,No,Sí,Vegetariano,Sí,No registrado,yburgess@example.org,Efectivo,14066,61-100
1701600859,Kevin,Zamora,59.0,Masculino,Boston,Bajo,3.0,5.62,No,Sí,Mariscos,No,001-752-371-9283,sdavis@example.net,Efectivo,1263,46-60
1083466428,Lisa,Rogers,28.0,Femenino,Boston,Medio,3.0,17.71,Sí,Sí,Vegetariano,No,001-827-521-5951x542,tylerfowler@example.org,Tarjeta,1726,19-30
9870686423,Eric,Fry,56.0,Masculino,Boston,Alto,6.0,45.8,No,No,Vegano,Sí,930-589-9887,No registrado,App,6069,46-60
5941875466,Melissa,Horne,42.0,Femenino,Boston,Alto,3.0,16.53,Sí,No,Carnes,No,No registrado,No registrado,Efectivo,6686,31-45
5059743851,Theresa,Smith,34.0,Femenino,Boston,Muy Alto,7.0,58.25,No,No,Pescado,Sí,No registrado,No registrado,Tarjeta,17873,31-45
3162368185,Sharon,Patton,74.0,Femenino,Boston,Bajo,3.0,9.31,Sí,Sí,Vegetariano,No,No registrado,No registrado,Tarjeta,1482,61-100
9766251190,Diana,Coleman,52.0,Femenino,Boston,Muy Alto,8.0,49.16,Sí,No,Vegetariano,Sí,+1-615-611-4636,No registrado,App,11254,46-60
1643611097,Andrew,Armstrong,33.0,Masculino,Boston,Muy Alto,9.0,70.89,Sí,Sí,Vegetariano,Sí,+1-576-468-4317x010,No registrado,Tarjeta,14657,31-45
1129983470,Justin,Harrison,39.0,Masculino,Boston,Medio,3.0,20.93,Sí,Sí,Pescado,No,No registrado,jgarcia@example.org,Efectivo,2179,31-45
2718196021,Phillip,Phillips,20.0,Masculino,Boston,Bajo,2.0,12.93,No,Sí,Vegano,No,No registrado,No registrado,Tarjeta,1030,19-30
4938223972,Ashley,Garcia,19.0,Femenino,Boston,Bajo,2.0,13.05,Sí,Sí,Mariscos,No,760-217-0100x972,nathanfreeman@example.net,App,816,19-30
4177035684,Monica,Lewis,76.0,Femenino,Boston,Bajo,0.0,0.0,Sí,No,Mariscos,No,No registrado,No registrado,Efectivo,948,61-100
2343100352,Bailey,Frey,58.0,Femenino,Boston,Bajo,0.0,0.0,Sí,No,Carnes,No,No registrado,No registrado,Tarjeta,1551,46-60
3649598315,Megan,Phillips,40.0,Femenino,Boston,Muy Alto,7.0,62.49,No,No,Pescado,Sí,No registrado,georgemiller@example.com,Tarjeta,16907,31-45
7848090570,Phillip,Roberts,46.0,Masculino,Boston,Bajo,0.0,0.0,No,No,Mariscos,No,No registrado,No registrado,Efectivo,1442,46-60
3937505620,Sarah,Collins,71.0,Femenino,Boston,Muy Alto,6.0,89.25,Sí,No,Carnes,Sí,No registrado,No registrado,Tarjeta,10280,61-100
2655188237,Eric,Ford,42.0,Masculino,Boston,Bajo,3.0,7.59,Sí,Sí,Mariscos,No,+1-370-251-6570x13029,No registrado,Efectivo,836,31-45
1476426864,Kenneth,Weber,51.0,Masculino,Boston,Medio,2.0,23.23,Sí,Sí,Pescado,No,No registrado,joseph73@example.org,App,3343,46-60
6072434598,Sara,Johnson,56.0,Femenino,Boston,Alto,5.0,36.08,Sí,Sí,Otro,Sí,No registrado,No registrado,Efectivo,6599,46-60
4745927824,Brenda,Sanchez,72.0,Femenino,Boston,Muy Alto,8.0,77.96,No,Sí,Vegetariano,Sí,No registrado,ricemegan@example.net,Criptomoneda,10830,61-100
4540608132,Michelle,Thompson,70.0,Femenino,Boston,Alto,6.0,7.45,No,No,Vegetariano,Sí,+1-449-217-8781x98931,matthewthomas@example.org,Tarjeta,5923,61-100
7383779943,Alexander,Boyd,34.0,Masculino,Boston,Alto,4.0,12.99,No,Sí,Vegetariano,Sí,448-446-5286x7072,No registrado,Tarjeta,7880,31-45
1114331484,Terrence,Fitzgerald,60.0,Masculino,Boston,Medio,4.0,23.88,Sí,Sí,Pescado,No,349-621-4277x542,blake57@example.net,Efectivo,2156,46-60
4953233832,Sara,Jacobs,27.0,Femenino,Boston,Bajo,1.0,9.53,Sí,Sí,Vegetariano,No,001-309-315-2154x4296,No registrado,App,1298,19-30
7399010176,Kerry,Sanders,73.0,Masculino,Boston,Bajo,2.0,8.9,No,No,Vegetariano,No,No registrado,No registrado,Tarjeta,1345,61-100
8914054579,Ellen,Foster,41.0,Femenino,Boston,Medio,6.0,30.28,Sí,No,Carnes,Sí,No registrado,No registrado,Efectivo,2071,31-45
3081715811,Johnny,Thompson,69.0,Masculino,Boston,Medio,3.0,28.29,Sí,No,Carnes,No,+1-986-705-8571,No registrado,Tarjeta,3489,61-100
5610783750,Raymond,Holden,71.0,Masculino,Boston,Alto,4.0,28.64,Sí,Sí,Mariscos,Sí,(496)309-9585,alex20@example.org,App,6028,61-100
3461913325,Christopher,Clark,56.0,Masculino,Boston,Bajo,0.0,0.0,No,Sí,Mariscos,No,621.285.1507,frankhayden@example.com,Tarjeta,1453,46-60
1927575908,Daniel,Ramirez,80.0,Masculino,Boston,Alto,4.0,43.1,No,No,Otro,Sí,+1-874-561-6687x573,No registrado,Efectivo,8345,61-100
4539349405,Gordon,Tucker,72.0,Masculino,Boston,Alto,6.0,42.27,No,No,Carnes,Sí,(225)850-9842x0240,No registrado,App,8965,61-100
8049178119,Taylor,Davenport,44.0,Femenino,Boston,Medio,3.0,30.9,No,Sí,Vegano,No,No registrado,No registrado,Efectivo,2841,31-45
2253858705,Susan,Mcclure,34.0,Femenino,Boston,Medio,4.0,19.93,No,No,Carnes,No,2028661397,whill@example.net,Tarjeta,2084,31-45
6714376755,William,Brown,21.0,Masculino,Boston,Alto,5.0,64.91,Sí,Sí,Vegetariano,Sí,No registrado,No registrado,App,5679,19-30
7268101136,Bethany,Evans,27.0,Femenino,Boston,Medio,5.0,31.51,No,Sí,Otro,No,764.874.7602,amy52@example.net,Efectivo,2202,19-30
3548153398,Amy,King,52.0,Femenino,Boston,Alto,5.0,62.9,No,No,Vegetariano,Sí,No registrado,No registrado,App,7684,46-60
2263202829,Melissa,Allen,50.0,Femenino,Boston,Alto,6.0,37.96,Sí,No,Mariscos,Sí,584.737.0406x87844,No registrado,Tarjeta,7720,46-60
9147687657,Jack,Brown,68.0,Masculino,Boston,Bajo,2.0,9.08,Sí,No,Carnes,No,367.819.8210,No registrado,Efectivo,824,61-100
2487241262,Lisa,Thomas,62.0,Femenino,Boston,Alto,6.0,50.23,Sí,No,Carnes,Sí,(528)250-0311,calderonanna@example.com,Efectivo,8517,61-100
2958951154,Allison,Valdez,37.0,Femenino,Boston,Medio,5.0,22.44,No,Sí,Pescado,No,No registrado,No registrado,Efectivo,2751,31-45
9170151995,Ryan,Silva,73.0,Masculino,Boston,Muy Alto,6.0,89.33,No,No,Vegetariano,Sí,No registrado,crystallee@example.org,Efectivo,9158,61-100
9984890483,Michael,Torres,29.0,Masculino,Boston,Bajo,3.0,14.26,No,Sí,Carnes,No,No registrado,No registrado,App,874,19-30
3979360096,Joseph,Dixon,46.0,Masculino,Boston,Medio,5.0,34.1,Sí,No,Carnes,No,No registrado,No registrado,App,2013,46-60
7225877191,Darren,Anthony,73.0,Masculino,Boston,Medio,2.0,29.95,Sí,No,Vegetariano,No,+1-874-417-6584x329,No registrado,Efectivo,1625,61-100
2254516608,Lori,Sawyer,72.0,Femenino,Boston,Medio,3.0,11.46,No,No,Mariscos,No,383-214-0171x60215,dennis41@example.net,Tarjeta,3457,61-100
2692504896,Keith,Waller,31.0,Masculino,Boston,Alto,5.0,16.14,No,Sí,Vegetariano,No,(840)934-4692x61204,dbright@example.org,Efectivo,4371,31-45
3742820625,Todd,Burke,71.0,Masculino,Boston,Medio,2.0,34.88,No,Sí,Mariscos,Sí,917-251-3622x99084,No registrado,Efectivo,3424,61-100
9617224610,Richard,Williams,45.0,Masculino,Boston,Bajo,3.0,12.26,Sí,Sí,Mariscos,No,001-598-634-8286x95524,zbailey@example.com,Efectivo,1388,31-45
8438406597,Jessica,Garcia,51.0,Femenino,Boston,Medio,5.0,17.17,Sí,Sí,Mariscos,No,001-917-759-4615,No registrado,Tarjeta,3103,46-60
6754883385,Vincent,Lee,63.0,Masculino,Boston,Alto,5.0,21.33,No,Sí,Vegetariano,No,(914)397-7165x018,huffmelissa@example.org,Efectivo,4191,61-100
9430531410,Robert,Faulkner,75.0,Masculino,Boston,Bajo,3.0,14.04,Sí,No,Carnes,No,No registrado,No registrado,Efectivo,1115,61-100
7325692761,Jessica,Cantu,24.0,Femenino,Boston,Medio,4.0,18.33,No,Sí,Otro,No,001-957-696-2655x8143,mhuynh@example.com,Tarjeta,1783,19-30
8249091771,Roberto,Johnson,49.0,Masculino,Boston,Alto,5.0,18.1,No,Sí,Vegetariano,No,001-584-466-0097,amy89@example.org,Tarjeta,6949,46-60
6599378054,Debra,Gomez,72.0,Femenino,Boston,Medio,2.0,6.21,Sí,Sí,Vegetariano,No,001-575-838-5872x10574,pamela84@example.com,Efectivo,2907,61-100
8897608780,Laura,Tucker,26.0,Femenino,Boston,Bajo,1.0,5.5,No,Sí,Carnes,No,(470)644-8980,kwilson@example.net,Efectivo,952,19-30
1031654390,Eric,Cortez,20.0,Masculino,Boston,Bajo,0.0,0.0,No,Sí,Carnes,No,No registrado,No registrado,Efectivo,1379,19-30
1134481372,Meagan,Mccarthy,59.0,Femenino,Boston,Medio,2.0,32.91,Sí,Sí,Pescado,No,313.742.0915x374,qcooley@example.com,Efectivo,3410,46-60
7675734829,Ashley,Robinson,80.0,Femenino,Boston,Muy Alto,6.0,46.85,No,No,Vegano,Sí,682.891.8282,hallderek@example.org,Tarjeta,17957,61-100
2830706903,Marcia,Hartman,19.0,Femenino,Boston,Muy Alto,7.0,84.36,Sí,Sí,Carnes,Sí,345.706.3830x59516,steven85@example.net,Efectivo,13127,19-30
3648403946,Jennifer,Shaw,58.0,Femenino,Boston,Medio,3.0,14.07,No,Sí,Vegetariano,No,No registrado,No registrado,Efectivo,1756,46-60
4120930408,Jason,Smith,64.0,Masculino,Boston,Bajo,1.0,7.3,No,Sí,Vegetariano,No,(352)296-6729,No registrado,Efectivo,906,61-100
6869865000,Sandra,Cisneros,37.0,Femenino,Boston,Alto,3.0,20.93,Sí,No,Carnes,No,No registrado,No registrado,Tarjeta,6999,31-45
7702529931,Brad,Evans,56.0,Masculino,Boston,Alto,6.0,9.77,No,No,Carnes,Sí,504.814.5765x5551,rodriguezcharles@example.net,Efectivo,4114,46-60
9855938599,Amanda,Wagner,65.0,Femenino,Boston,Alto,5.0,24.47,Sí,Sí,Carnes,No,No registrado,corypratt@example.org,Efectivo,5551,61-100
8868607194,Kimberly,Dunn,41.0,Femenino,Boston,Bajo,3.0,5.4,No,No,Vegetariano,No,001-636-468-3719x4647,No registrado,App,1026,31-45
6870117288,Kelly,Johnson,67.0,Femenino,Boston,Medio,5.0,32.55,No,Sí,Vegetariano,No,No registrado,lsawyer@example.net,App,2792,61-100
1555344321,Olivia,Harris,33.0,Femenino,Boston,Alto,4.0,20.99,Sí,Sí,Mariscos,Sí,No registrado,rcampbell@example.org,Efectivo,6189,31-45
7351037876,Patricia,Acosta,29.0,Femenino,Boston,Muy Alto,9.0,73.42,No,Sí,Pescado,Sí,(849)680-1215,No registrado,App,12905,19-30
6917928636,John,Carpenter,80.0,Masculino,Boston,Medio,5.0,22.13,Sí,No,Mariscos,No,+1-292-806-2405x476,No registrado,Tarjeta,3422,61-100
2944760704,Jason,Villanueva,77.0,Masculino,Boston,Bajo,1.0,8.76,No,Sí,Vegano,No,001-591-616-5035,No registrado,Efectivo,1290,61-100
8766844904,Emily,Johnson,45.0,Femenino,Boston,Medio,2.0,24.89,Sí,Sí,Pescado,No,966.888.2138x29420,cynthialee@example.org,Efectivo,2393,31-45
3535906014,Vickie,Swanson,30.0,Femenino,Boston,Medio,4.0,10.13,Sí,Sí,Mariscos,No,(357)869-1899x81450,jamesfowler@example.net,Tarjeta,3176,19-30
5150136077,Margaret,Lopez,24.0,Femenino,Boston,Alto,4.0,18.76,No,Sí,Vegetariano,No,No registrado,No registrado,Efectivo,4633,19-30
2633544205,Angela,Campbell,30.0,Femenino,Boston,Alto,4.0,37.7,No,Sí,Vegetariano,Sí,No registrado,kimberly36@example.org,Tarjeta,7847,19-30
5558278607,Jacqueline,Newton,53.0,Femenino,Boston,Alto,5.0,48.31,Sí,Sí,Pescado,No,(782)367-2346x003,jason09@example.org,Efectivo,6501,46-60
7884753655,Julie,Snyder,74.0,Femenino,Boston,Medio,2.0,22.79,Sí,No,Carnes,Sí,No registrado,nmcknight@example.com,Tarjeta,1911,61-100
5463363175,Aaron,Charles,37.0,Masculino,Boston,Alto,6.0,11.29,Sí,No,Mariscos,Sí,304.516.7648,alan64@example.net,Efectivo,8224,31-45
9954331046,Joseph,Bradford,71.0,Masculino,Boston,Alto,5.0,28.61,Sí,No,Vegetariano,Sí,No registrado,slopez@example.org,Efectivo,8573,61-100
5640389791,Sandra,Patterson,44.0,Femenino,Boston,Muy Alto,8.0,55.11,No,Sí,Vegetariano,Sí,001-641-556-2038,No registrado,Tarjeta,15402,31-45
4256494771,Paul,Avila,39.0,Masculino,Boston,Medio,2.0,30.48,Sí,No,Carnes,No,No registrado,No registrado,Tarjeta,3184,31-45
3757092338,Ronald,Myers,70.0,Masculino,Boston,Muy Alto,6.0,43.45,Sí,Sí,Carnes,Sí,+1-770-899-2418x07194,judith11@example.com,Efectivo,14732,61-100
8896649327,Glenda,Warren,44.0,Femenino,Boston,Medio,4.0,16.46,Sí,No,Carnes,No,No registrado,No registrado,Efectivo,3078,31-45
